datetime,BX_GSM,BY_GSM,BZ_GSM,Vsw,Np,Flow_Pressure,AE,flux,BT,Pdyn,Ec,KP,DST,dDst_dt,AE_1h,ULF_power,Bz_neg_dur,log_flux,regime,F10.7_index,goes_Hp,flux_lag_1h,flux_lag_3h,flux_lag_6h,flux_lag_12h,flux_lag_24h
2024-05-10 00:00:00,1.43,0.64,0.05,415.6,999.99,99.99,117,-4.5615225,1.5674820573135757,99.99,0.26356369126365964,2.177,-19.272503811898204,0.009806644788487872,117.0,-2.2129999999999987,0.0,-3.0,0.0,150.0,100.0,-3.0,-3.0,-3.0,-3.0,-3.0
2024-05-10 00:05:00,1.43,0.64,0.05,415.6,999.99,99.99,123,-34.487915,1.5674820573135757,99.99,0.26356369126365964,2.177,-19.272503811898204,0.009806644788487872,120.0,-2.2129999999999987,5.0,-3.0,0.0,150.0,100.0,-3.0,-3.0,-3.0,-3.0,-3.0
2024-05-10 00:10:00,1.43,0.64,0.05,415.6,999.99,99.99,131,-26.17163,1.5674820573135757,99.99,0.26356369126365964,2.177,-19.272503811898204,0.009806644788487872,123.66666666666667,-2.2129999999999987,10.0,-3.0,0.0,150.0,100.0,-3.0,-3.0,-3.0,-3.0,-3.0
2024-05-10 00:15:00,1.43,0.64,0.05,415.6,999.99,99.99,152,20.861929,1.5674820573135757,99.99,0.26356369126365964,2.177,-19.272503811898204,0.009806644788487872,130.75,-2.2129999999999987,15.0,1.3193544,0.0,150.0,100.0,-3.0,-3.0,-3.0,-3.0,-3.0
2024-05-10 00:20:00,1.43,0.64,0.05,415.6,999.99,99.99,165,0.29831085,1.5674820573135757,99.99,0.26356369126365964,2.177,-19.272503811898204,0.009806644788487872,137.6,-2.2129999999999987,20.0,-0.52533096,0.0,150.0,100.0,-3.0,-3.0,-3.0,-3.0,-3.0
2024-05-10 00:25:00,1.43,0.64,0.05,415.6,999.99,99.99,141,58.529358,1.5674820573135757,99.99,0.26356369126365964,2.177,-19.272503811898204,0.009806644788487872,138.16666666666666,-2.2129999999999987,25.0,1.7673738,0.0,150.0,100.0,-3.0,-3.0,-3.0,-3.0,-3.0
2024-05-10 00:30:00,1.43,0.64,0.05,415.6,999.99,99.99,145,66.0685,1.5674820573135757,99.99,0.26356369126365964,2.177,-19.272503811898204,0.009806644788487872,139.14285714285714,-2.2129999999999987,30.0,1.8199944,0.0,150.0,100.0,-3.0,-3.0,-3.0,-3.0,-3.0
2024-05-10 00:35:00,1.43,0.64,0.05,415.6,999.99,99.99,146,-60.2894,1.5674820573135757,99.99,0.26356369126365964,2.177,-19.272503811898204,0.009806644788487872,140.0,-2.2129999999999987,35.0,-3.0,0.0,150.0,100.0,-3.0,-3.0,-3.0,-3.0,-3.0
2024-05-10 00:40:00,1.43,0.64,0.05,415.6,999.99,99.99,171,-17.419682,1.5674820573135757,99.99,0.26356369126365964,2.177,-19.272503811898204,0.009806644788487872,143.44444444444446,-2.2129999999999987,40.0,-3.0,0.0,150.0,100.0,-3.0,-3.0,-3.0,-3.0,-3.0
2024-05-10 00:45:00,1.43,0.64,0.05,415.6,999.99,99.99,209,33.293865,1.5674820573135757,99.99,0.26356369126365964,2.177,-19.272503811898204,0.009806644788487872,150.0,-2.2129999999999987,45.0,1.5223643,0.0,150.0,100.0,-3.0,-3.0,-3.0,-3.0,-3.0
2024-05-10 00:50:00,1.43,0.64,0.05,415.6,999.99,99.99,243,-50.167732,1.5674820573135757,99.99,0.26356369126365964,2.177,-19.272503811898204,0.009806644788487872,158.45454545454547,-2.2129999999999987,50.0,-3.0,0.0,150.0,100.0,-3.0,-3.0,-3.0,-3.0,-3.0
2024-05-10 00:55:00,1.43,0.64,0.05,415.6,999.99,99.99,274,18.429108,1.5674820573135757,99.99,0.26356369126365964,2.177,-19.272503811898204,0.009806644788487872,168.08333333333334,-2.2129999999999987,55.0,1.2655044,0.0,150.0,100.0,-3.0,-3.0,-3.0,-3.0,-3.0
2024-05-10 01:00:00,1.43,0.64,0.05,415.6,999.99,99.99,301,41.252277,1.5674820573135757,99.99,0.26356369126365964,2.177,-19.272503811898204,0.009806644788487872,183.41666666666666,-2.2129999999999987,60.0,1.6154479,0.0,150.0,100.0,-3.0,-3.0,-3.0,-3.0,-3.0
2024-05-10 01:05:00,1.43,0.64,0.05,415.6,999.99,99.99,332,40.437233,1.5674820573135757,99.99,0.26356369126365964,2.177,-19.272503811898204,0.009806644788487872,200.83333333333334,-2.2129999999999987,65.0,1.6067815,0.0,150.0,100.0,-3.0,-3.0,-3.0,-3.0,-3.0
2024-05-10 01:10:00,1.43,0.64,0.05,415.6,999.99,99.99,356,-86.69002,1.5674820573135757,99.99,0.26356369126365964,2.177,-19.272503811898204,0.009806644788487872,219.58333333333334,-2.2129999999999987,70.0,-3.0,0.0,150.0,100.0,-3.0,-3.0,-3.0,-3.0,-3.0
2024-05-10 01:15:00,1.43,0.64,0.05,415.6,999.99,99.99,400,12.71464,1.5674820573135757,99.99,0.26356369126365964,2.177,-19.272503811898204,0.009806644788487872,240.25,-2.2129999999999987,75.0,1.1043041,0.0,150.0,100.0,1.3193544,-3.0,-3.0,-3.0,-3.0
2024-05-10 01:20:00,1.43,0.64,0.05,415.6,999.99,99.99,447,-1.8373169,1.5674820573135757,99.99,0.26356369126365964,2.177,-19.272503811898204,0.009806644788487872,263.75,-2.2129999999999987,80.0,-3.0,0.0,150.0,100.0,-0.52533096,-3.0,-3.0,-3.0,-3.0
2024-05-10 01:25:00,1.43,0.64,0.05,415.6,999.99,99.99,480,21.038048,1.5674820573135757,99.99,0.26356369126365964,2.177,-19.272503811898204,0.009806644788487872,292.0,-2.2129999999999987,85.0,1.3230054,0.0,150.0,100.0,1.7673738,-3.0,-3.0,-3.0,-3.0
2024-05-10 01:30:00,1.43,0.64,0.05,415.6,999.99,99.99,529,18.199715,1.5674820573135757,99.99,0.26356369126365964,2.177,-19.272503811898204,0.009806644788487872,324.0,-2.2129999999999987,90.0,1.2600646,0.0,150.0,100.0,1.8199944,-3.0,-3.0,-3.0,-3.0
2024-05-10 01:35:00,1.43,0.64,0.05,415.6,999.99,99.99,609,-13.20374,1.5674820573135757,99.99,0.26356369126365964,2.177,-19.272503811898204,0.009806644788487872,362.5833333333333,-2.2129999999999987,95.0,-3.0,0.0,150.0,100.0,-3.0,-3.0,-3.0,-3.0,-3.0
2024-05-10 01:40:00,1.43,0.64,0.05,415.6,999.99,99.99,641,105.090355,1.5674820573135757,99.99,0.26356369126365964,2.177,-19.272503811898204,0.009806644788487872,401.75,-2.2129999999999987,100.0,2.0215628,0.0,150.0,100.0,-3.0,-3.0,-3.0,-3.0,-3.0
2024-05-10 01:45:00,1.43,0.64,0.05,415.6,999.99,99.99,621,-44.357327,1.5674820573135757,99.99,0.26356369126365964,2.177,-19.272503811898204,0.009806644788487872,436.0833333333333,-2.2129999999999987,105.0,-3.0,0.0,150.0,100.0,1.5223643,-3.0,-3.0,-3.0,-3.0
2024-05-10 01:50:00,1.43,0.64,0.05,415.6,999.99,99.99,547,-39.980785,1.5674820573135757,99.99,0.26356369126365964,2.177,-19.272503811898204,0.009806644788487872,461.4166666666667,-2.2129999999999987,110.0,-3.0,0.0,150.0,100.0,-3.0,-3.0,-3.0,-3.0,-3.0
2024-05-10 01:55:00,1.43,0.64,0.05,415.6,999.99,99.99,481,42.394535,1.5674820573135757,99.99,0.26356369126365964,2.177,-19.272503811898204,0.009806644788487872,478.6666666666667,-2.2129999999999987,115.0,1.6273099,0.0,150.0,100.0,1.2655044,-3.0,-3.0,-3.0,-3.0
2024-05-10 02:00:00,1.43,0.64,0.05,415.6,999.99,99.99,422,9.149178,1.5674820573135757,99.99,0.26356369126365964,2.177,-19.272503811898204,0.009806644788487872,488.75,-2.2129999999999987,120.0,0.96138203,0.0,150.0,100.0,1.6154479,-3.0,-3.0,-3.0,-3.0
2024-05-10 02:05:00,1.43,0.64,0.05,415.6,999.99,99.99,359,-101.34267,1.5674820573135757,99.99,0.26356369126365964,2.177,-19.272503811898204,0.009806644788487872,491.0,-2.2129999999999987,125.0,-3.0,0.0,150.0,100.0,1.6067815,-3.0,-3.0,-3.0,-3.0
2024-05-10 02:10:00,1.43,0.64,0.05,415.6,999.99,99.99,303,-39.880363,1.5674820573135757,99.99,0.26356369126365964,2.177,-19.272503811898204,0.009806644788487872,486.5833333333333,-2.2129999999999987,130.0,-3.0,0.0,150.0,100.0,-3.0,-3.0,-3.0,-3.0,-3.0
2024-05-10 02:15:00,1.43,0.64,0.05,415.6,999.99,99.99,275,51.078026,1.5674820573135757,99.99,0.26356369126365964,2.177,-19.272503811898204,0.009806644788487872,476.1666666666667,-2.2129999999999987,135.0,1.7082341,0.0,150.0,100.0,1.1043041,-3.0,-3.0,-3.0,-3.0
2024-05-10 02:20:00,1.43,0.64,0.05,415.6,999.99,99.99,234,70.138954,1.5674820573135757,99.99,0.26356369126365964,2.177,-19.272503811898204,0.009806644788487872,458.4166666666667,-2.2129999999999987,140.0,1.8459593,0.0,150.0,100.0,-3.0,-3.0,-3.0,-3.0,-3.0
2024-05-10 02:25:00,1.43,0.64,0.05,415.6,999.99,99.99,179,9.459839,1.5674820573135757,99.99,0.26356369126365964,2.177,-19.272503811898204,0.009806644788487872,433.3333333333333,-2.2129999999999987,145.0,0.9758837,0.0,150.0,100.0,1.3230054,-3.0,-3.0,-3.0,-3.0
2024-05-10 02:30:00,1.43,0.64,0.05,415.6,999.99,99.99,136,44.613598,1.5674820573135757,99.99,0.26356369126365964,2.177,-19.272503811898204,0.009806644788487872,400.5833333333333,-2.2129999999999987,150.0,1.6494672,0.0,150.0,100.0,1.2600646,-3.0,-3.0,-3.0,-3.0
2024-05-10 02:35:00,1.43,0.64,0.05,415.6,999.99,99.99,126,3.3180244,1.5674820573135757,99.99,0.26356369126365964,2.177,-19.272503811898204,0.009806644788487872,360.3333333333333,-2.2129999999999987,155.0,0.52087957,0.0,150.0,100.0,-3.0,-3.0,-3.0,-3.0,-3.0
2024-05-10 02:40:00,1.43,0.64,0.05,415.6,999.99,99.99,93,20.675312,1.5674820573135757,99.99,0.26356369126365964,2.177,-19.272503811898204,0.009806644788487872,314.6666666666667,-2.2129999999999987,160.0,1.3154521,0.0,150.0,100.0,2.0215628,-3.0,-3.0,-3.0,-3.0
2024-05-10 02:45:00,1.43,0.64,0.05,415.6,999.99,99.99,93,-23.125332,1.5674820573135757,99.99,0.26356369126365964,2.177,-19.272503811898204,0.009806644788487872,270.6666666666667,-2.2129999999999987,165.0,-3.0,0.0,150.0,100.0,-3.0,-3.0,-3.0,-3.0,-3.0
2024-05-10 02:50:00,1.43,0.64,0.05,415.6,999.99,99.99,82,-103.402954,1.5674820573135757,99.99,0.26356369126365964,2.177,-19.272503811898204,0.009806644788487872,231.91666666666666,-2.2129999999999987,170.0,-3.0,0.0,150.0,100.0,-3.0,-3.0,-3.0,-3.0,-3.0
2024-05-10 02:55:00,1.43,0.64,0.05,415.6,999.99,99.99,70,-33.23097,1.5674820573135757,99.99,0.26356369126365964,2.177,-19.272503811898204,0.009806644788487872,197.66666666666666,-2.2129999999999987,175.0,-3.0,0.0,150.0,100.0,1.6273099,-3.0,-3.0,-3.0,-3.0
2024-05-10 03:00:00,1.43,0.64,0.05,415.6,999.99,99.99,66,12.141316,1.5674820573135757,99.99,0.26356369126365964,2.177,-19.272503811898204,0.009806644788487872,168.0,-2.2129999999999987,180.0,1.0842658,0.0,150.0,100.0,0.96138203,-3.0,-3.0,-3.0,-3.0
2024-05-10 03:05:00,1.43,0.64,0.05,415.6,999.99,99.99,55,-7.9097557,1.5674820573135757,99.99,0.26356369126365964,2.177,-19.272503811898204,0.009806644788487872,142.66666666666666,-2.2129999999999987,185.0,-3.0,0.0,150.0,100.0,-3.0,-3.0,-3.0,-3.0,-3.0
2024-05-10 03:10:00,1.43,0.64,0.05,415.6,999.99,99.99,80,60.18047,1.5674820573135757,99.99,0.26356369126365964,2.177,-19.272503811898204,0.009806644788487872,124.08333333333333,-2.2129999999999987,190.0,1.7794555,0.0,150.0,100.0,-3.0,-3.0,-3.0,-3.0,-3.0
2024-05-10 03:15:00,1.43,0.64,0.05,415.6,999.99,99.99,70,9.915079,1.5674820573135757,99.99,0.26356369126365964,2.177,-19.272503811898204,0.009806644788487872,107.0,-2.2129999999999987,195.0,0.99629617,0.0,150.0,100.0,1.7082341,1.3193544,-3.0,-3.0,-3.0
2024-05-10 03:20:00,1.43,0.64,0.05,415.6,999.99,99.99,148,-26.485485,1.5674820573135757,99.99,0.26356369126365964,2.177,-19.272503811898204,0.009806644788487872,99.83333333333333,-2.2129999999999987,200.0,-3.0,0.0,150.0,100.0,1.8459593,-0.52533096,-3.0,-3.0,-3.0
2024-05-10 03:25:00,1.43,0.64,0.05,415.6,999.99,99.99,208,-45.592022,1.5674820573135757,99.99,0.26356369126365964,2.177,-19.272503811898204,0.009806644788487872,102.25,-2.2129999999999987,205.0,-3.0,0.0,150.0,100.0,0.9758837,1.7673738,-3.0,-3.0,-3.0
2024-05-10 03:30:00,1.43,0.64,0.05,415.6,999.99,99.99,262,20.685764,1.5674820573135757,99.99,0.26356369126365964,2.177,-19.272503811898204,0.009806644788487872,112.75,-2.2129999999999987,210.0,1.3156716,0.0,150.0,100.0,1.6494672,1.8199944,-3.0,-3.0,-3.0
2024-05-10 03:35:00,1.43,0.64,0.05,415.6,999.99,99.99,261,-57.44082,1.5674820573135757,99.99,0.26356369126365964,2.177,-19.272503811898204,0.009806644788487872,124.0,-2.2129999999999987,215.0,-3.0,0.0,150.0,100.0,0.52087957,-3.0,-3.0,-3.0,-3.0
2024-05-10 03:40:00,1.43,0.64,0.05,415.6,999.99,99.99,241,24.609886,1.5674820573135757,99.99,0.26356369126365964,2.177,-19.272503811898204,0.009806644788487872,136.33333333333334,-2.2129999999999987,220.0,1.3911096,0.0,150.0,100.0,1.3154521,-3.0,-3.0,-3.0,-3.0
2024-05-10 03:45:00,1.43,0.64,0.05,415.6,999.99,99.99,290,-20.924702,1.5674820573135757,99.99,0.26356369126365964,2.177,-19.272503811898204,0.009806644788487872,152.75,-2.2129999999999987,225.0,-3.0,0.0,150.0,100.0,-3.0,1.5223643,-3.0,-3.0,-3.0
2024-05-10 03:50:00,1.43,0.64,0.05,415.6,999.99,99.99,355,-44.142864,1.5674820573135757,99.99,0.26356369126365964,2.177,-19.272503811898204,0.009806644788487872,175.5,-2.2129999999999987,230.0,-3.0,0.0,150.0,100.0,-3.0,-3.0,-3.0,-3.0,-3.0
2024-05-10 03:55:00,1.43,0.64,0.05,415.6,999.99,99.99,400,23.386984,1.5674820573135757,99.99,0.26356369126365964,2.177,-19.272503811898204,0.009806644788487872,203.0,-2.2129999999999987,235.0,1.3689742,0.0,150.0,100.0,-3.0,1.2655044,-3.0,-3.0,-3.0
2024-05-10 04:00:00,1.43,0.64,0.05,415.6,999.99,99.99,415,-84.50271,1.5674820573135757,99.99,0.26356369126365964,2.177,-19.272503811898204,0.009806644788487872,232.08333333333334,-2.2129999999999987,240.0,-3.0,0.0,150.0,100.0,1.0842658,1.6154479,-3.0,-3.0,-3.0
2024-05-10 04:05:00,1.43,0.64,0.05,415.6,999.99,99.99,426,-41.940716,1.5674820573135757,99.99,0.26356369126365964,2.177,-19.272503811898204,0.009806644788487872,263.0,-2.2129999999999987,245.0,-3.0,0.0,150.0,100.0,-3.0,1.6067815,-3.0,-3.0,-3.0
2024-05-10 04:10:00,1.43,0.64,0.05,415.6,999.99,99.99,444,-2.4016464,1.5674820573135757,99.99,0.26356369126365964,2.177,-19.272503811898204,0.009806644788487872,293.3333333333333,-2.2129999999999987,250.0,-3.0,0.0,150.0,100.0,1.7794555,-3.0,-3.0,-3.0,-3.0
2024-05-10 04:15:00,1.43,0.64,0.05,415.6,999.99,99.99,449,-34.500397,1.5674820573135757,99.99,0.26356369126365964,2.177,-19.272503811898204,0.009806644788487872,324.9166666666667,-2.2129999999999987,255.0,-3.0,0.0,150.0,100.0,0.99629617,1.1043041,-3.0,-3.0,-3.0
2024-05-10 04:20:00,1.43,0.64,0.05,415.6,999.99,99.99,388,-36.709885,1.5674820573135757,99.99,0.26356369126365964,2.177,-19.272503811898204,0.009806644788487872,344.9166666666667,-2.2129999999999987,260.0,-3.0,0.0,150.0,100.0,-3.0,-3.0,-3.0,-3.0,-3.0
2024-05-10 04:25:00,1.43,0.64,0.05,415.6,999.99,99.99,367,-119.033005,1.5674820573135757,99.99,0.26356369126365964,2.177,-19.272503811898204,0.009806644788487872,358.1666666666667,-2.2129999999999987,265.0,-3.0,0.0,150.0,100.0,-3.0,1.3230054,-3.0,-3.0,-3.0
2024-05-10 04:30:00,1.43,0.64,0.05,415.6,999.99,99.99,354,-46.09078,1.5674820573135757,99.99,0.26356369126365964,2.177,-19.272503811898204,0.009806644788487872,365.8333333333333,-2.2129999999999987,270.0,-3.0,0.0,150.0,100.0,1.3156716,1.2600646,-3.0,-3.0,-3.0
2024-05-10 04:35:00,1.43,0.64,0.05,415.6,999.99,99.99,323,42.641685,1.5674820573135757,99.99,0.26356369126365964,2.177,-19.272503811898204,0.009806644788487872,371.0,-2.2129999999999987,275.0,1.6298344,0.0,150.0,100.0,-3.0,-3.0,-3.0,-3.0,-3.0
2024-05-10 04:40:00,1.43,0.64,0.05,415.6,999.99,99.99,294,-42.036125,1.5674820573135757,99.99,0.26356369126365964,2.177,-19.272503811898204,0.009806644788487872,375.4166666666667,-2.2129999999999987,280.0,-3.0,0.0,150.0,100.0,1.3911096,2.0215628,-3.0,-3.0,-3.0
2024-05-10 04:45:00,1.43,0.64,0.05,415.6,999.99,99.99,275,-73.051254,1.5674820573135757,99.99,0.26356369126365964,2.177,-19.272503811898204,0.009806644788487872,374.1666666666667,-2.2129999999999987,285.0,-3.0,0.0,150.0,100.0,-3.0,-3.0,-3.0,-3.0,-3.0
2024-05-10 04:50:00,1.43,0.64,0.05,415.6,999.99,99.99,324,8.610291,1.5674820573135757,99.99,0.26356369126365964,2.177,-19.272503811898204,0.009806644788487872,371.5833333333333,-2.2129999999999987,290.0,0.9350178,0.0,150.0,100.0,-3.0,-3.0,-3.0,-3.0,-3.0
2024-05-10 04:55:00,1.43,0.64,0.05,415.6,999.99,99.99,308,-28.144482,1.5674820573135757,99.99,0.26356369126365964,2.177,-19.272503811898204,0.009806644788487872,363.9166666666667,-2.2129999999999987,295.0,-3.0,0.0,150.0,100.0,1.3689742,1.6273099,-3.0,-3.0,-3.0
2024-05-10 05:00:00,1.43,0.64,0.05,415.6,999.99,99.99,317,-60.93805,1.5674820573135757,99.99,0.26356369126365964,2.177,-19.272503811898204,0.009806644788487872,355.75,-2.2129999999999987,300.0,-3.0,0.0,150.0,100.0,-3.0,0.96138203,-3.0,-3.0,-3.0
2024-05-10 05:05:00,1.43,0.64,0.05,415.6,999.99,99.99,281,-77.46584,1.5674820573135757,99.99,0.26356369126365964,2.177,-19.272503811898204,0.009806644788487872,343.6666666666667,-2.2129999999999987,305.0,-3.0,0.0,150.0,100.0,-3.0,-3.0,-3.0,-3.0,-3.0
2024-05-10 05:10:00,1.43,0.64,0.05,415.6,999.99,99.99,291,-86.87111,1.5674820573135757,99.99,0.26356369126365964,2.177,-19.272503811898204,0.009806644788487872,330.9166666666667,-2.2129999999999987,310.0,-3.0,0.0,150.0,100.0,-3.0,-3.0,-3.0,-3.0,-3.0
2024-05-10 05:15:00,1.43,0.64,0.05,415.6,999.99,99.99,255,-87.85742,1.5674820573135757,99.99,0.26356369126365964,2.177,-19.272503811898204,0.009806644788487872,314.75,-2.2129999999999987,315.0,-3.0,0.0,150.0,100.0,-3.0,1.7082341,-3.0,-3.0,-3.0
2024-05-10 05:20:00,1.43,0.64,0.05,415.6,999.99,99.99,245,-53.017555,1.5674820573135757,99.99,0.26356369126365964,2.177,-19.272503811898204,0.009806644788487872,302.8333333333333,-2.2129999999999987,320.0,-3.0,0.0,150.0,100.0,-3.0,1.8459593,-3.0,-3.0,-3.0
2024-05-10 05:25:00,1.43,0.64,0.05,415.6,999.99,99.99,248,-59.315594,1.5674820573135757,99.99,0.26356369126365964,2.177,-19.272503811898204,0.009806644788487872,292.9166666666667,-2.2129999999999987,325.0,-3.0,0.0,150.0,100.0,-3.0,0.9758837,-3.0,-3.0,-3.0
2024-05-10 05:30:00,1.43,0.64,0.05,415.6,999.99,99.99,230,-8.741268,1.5674820573135757,99.99,0.26356369126365964,2.177,-19.272503811898204,0.009806644788487872,282.5833333333333,-2.2129999999999987,330.0,-3.0,0.0,150.0,100.0,-3.0,1.6494672,-3.0,-3.0,-3.0
2024-05-10 05:35:00,1.43,0.64,0.05,415.6,999.99,99.99,181,-30.108923,1.5674820573135757,99.99,0.26356369126365964,2.177,-19.272503811898204,0.009806644788487872,270.75,-2.2129999999999987,335.0,-3.0,0.0,150.0,100.0,1.6298344,0.52087957,-3.0,-3.0,-3.0
2024-05-10 05:40:00,1.43,0.64,0.05,415.6,999.99,99.99,165,57.453503,1.5674820573135757,99.99,0.26356369126365964,2.177,-19.272503811898204,0.009806644788487872,260.0,-2.2129999999999987,340.0,1.7593166,0.0,150.0,100.0,-3.0,1.3154521,-3.0,-3.0,-3.0
2024-05-10 05:45:00,1.43,0.64,0.05,415.6,999.99,99.99,158,-2.0140543,1.5674820573135757,99.99,0.26356369126365964,2.177,-19.272503811898204,0.009806644788487872,250.25,-2.2129999999999987,345.0,-3.0,0.0,150.0,100.0,-3.0,-3.0,-3.0,-3.0,-3.0
2024-05-10 05:50:00,1.43,0.64,0.05,415.6,999.99,99.99,164,48.69551,1.5674820573135757,99.99,0.26356369126365964,2.177,-19.272503811898204,0.009806644788487872,236.91666666666666,-2.2129999999999987,350.0,1.6874889,0.0,150.0,100.0,0.9350178,-3.0,-3.0,-3.0,-3.0
2024-05-10 05:55:00,1.43,0.64,0.05,415.6,999.99,99.99,166,-40.45754,1.5674820573135757,99.99,0.26356369126365964,2.177,-19.272503811898204,0.009806644788487872,225.08333333333334,-2.2129999999999987,355.0,-3.0,0.0,150.0,100.0,-3.0,-3.0,-3.0,-3.0,-3.0
2024-05-10 06:00:00,1.43,0.64,0.05,415.6,999.99,99.99,145,-47.187317,1.5674820573135757,99.99,0.26356369126365964,2.177,-19.272503811898204,0.009806644788487872,210.75,-2.2129999999999987,360.0,-3.0,0.0,150.0,100.0,-3.0,1.0842658,-3.0,-3.0,-3.0
2024-05-10 06:05:00,1.43,0.64,0.05,415.6,999.99,99.99,134,-24.800425,1.5674820573135757,99.99,0.26356369126365964,2.177,-19.272503811898204,0.009806644788487872,198.5,-2.2129999999999987,365.0,-3.0,0.0,150.0,100.0,-3.0,-3.0,-3.0,-3.0,-3.0
2024-05-10 06:10:00,1.43,0.64,0.05,415.6,999.99,99.99,154,53.674816,1.5674820573135757,99.99,0.26356369126365964,2.177,-19.272503811898204,0.009806644788487872,187.08333333333334,-2.2129999999999987,370.0,1.7297705,0.0,150.0,100.0,-3.0,1.7794555,-3.0,-3.0,-3.0
2024-05-10 06:15:00,1.43,0.64,0.05,415.6,999.99,99.99,165,54.138878,1.5674820573135757,99.99,0.26356369126365964,2.177,-19.272503811898204,0.009806644788487872,179.58333333333334,-2.2129999999999987,375.0,1.7335093,0.0,150.0,100.0,-3.0,0.99629617,1.3193544,-3.0,-3.0
2024-05-10 06:20:00,1.43,0.64,0.05,415.6,999.99,99.99,145,-145.21396,1.5674820573135757,99.99,0.26356369126365964,2.177,-19.272503811898204,0.009806644788487872,171.25,-2.2129999999999987,380.0,-3.0,0.0,150.0,100.0,-3.0,-3.0,-0.52533096,-3.0,-3.0
2024-05-10 06:25:00,1.43,0.64,0.05,415.6,999.99,99.99,138,-26.981516,1.5674820573135757,99.99,0.26356369126365964,2.177,-19.272503811898204,0.009806644788487872,162.08333333333334,-2.2129999999999987,385.0,-3.0,0.0,150.0,100.0,-3.0,-3.0,1.7673738,-3.0,-3.0
2024-05-10 06:30:00,1.43,0.64,0.05,415.6,999.99,99.99,144,-53.015648,1.5674820573135757,99.99,0.26356369126365964,2.177,-19.272503811898204,0.009806644788487872,154.91666666666666,-2.2129999999999987,390.0,-3.0,0.0,150.0,100.0,-3.0,1.3156716,1.8199944,-3.0,-3.0
2024-05-10 06:35:00,1.43,0.64,0.05,415.6,999.99,99.99,145,-36.047234,1.5674820573135757,99.99,0.26356369126365964,2.177,-19.272503811898204,0.009806644788487872,151.91666666666666,-2.2129999999999987,395.0,-3.0,0.0,150.0,100.0,-3.0,-3.0,-3.0,-3.0,-3.0
2024-05-10 06:40:00,1.43,0.64,0.05,415.6,999.99,99.99,134,19.509945,1.5674820573135757,99.99,0.26356369126365964,2.177,-19.272503811898204,0.009806644788487872,149.33333333333334,-2.2129999999999987,400.0,1.290256,0.0,150.0,100.0,1.7593166,1.3911096,-3.0,-3.0,-3.0
2024-05-10 06:45:00,1.43,0.64,0.05,415.6,999.99,99.99,130,-15.036821,1.5674820573135757,99.99,0.26356369126365964,2.177,-19.272503811898204,0.009806644788487872,147.0,-2.2129999999999987,405.0,-3.0,0.0,150.0,100.0,-3.0,-3.0,1.5223643,-3.0,-3.0
2024-05-10 06:50:00,1.43,0.64,0.05,415.6,999.99,99.99,153,-25.182974,1.5674820573135757,99.99,0.26356369126365964,2.177,-19.272503811898204,0.009806644788487872,146.08333333333334,-2.2129999999999987,410.0,-3.0,0.0,150.0,100.0,1.6874889,-3.0,-3.0,-3.0,-3.0
2024-05-10 06:55:00,1.43,0.64,0.05,415.6,999.99,99.99,186,4.92895,1.5674820573135757,99.99,0.26356369126365964,2.177,-19.272503811898204,0.009806644788487872,147.75,-2.2129999999999987,415.0,0.6927544,0.0,150.0,100.0,-3.0,1.3689742,1.2655044,-3.0,-3.0
2024-05-10 07:00:00,1.43,0.64,0.05,415.6,999.99,99.99,174,-34.842224,1.5674820573135757,99.99,0.26356369126365964,2.177,-19.272503811898204,0.009806644788487872,150.16666666666666,-2.2129999999999987,420.0,-3.0,0.0,150.0,100.0,-3.0,-3.0,1.6154479,-3.0,-3.0
2024-05-10 07:05:00,1.43,0.64,0.05,415.6,999.99,99.99,145,-173.33676,1.5674820573135757,99.99,0.26356369126365964,2.177,-19.272503811898204,0.009806644788487872,151.08333333333334,-2.2129999999999987,425.0,-3.0,0.0,150.0,100.0,-3.0,-3.0,1.6067815,-3.0,-3.0
2024-05-10 07:10:00,1.43,0.64,0.05,415.6,999.99,99.99,144,-0.32835692,1.5674820573135757,99.99,0.26356369126365964,2.177,-19.272503811898204,0.009806644788487872,150.25,-2.2129999999999987,430.0,-3.0,0.0,150.0,100.0,1.7297705,-3.0,-3.0,-3.0,-3.0
2024-05-10 07:15:00,1.43,0.64,0.05,415.6,999.99,99.99,186,-65.93039,1.5674820573135757,99.99,0.26356369126365964,2.177,-19.272503811898204,0.009806644788487872,152.0,-2.2129999999999987,435.0,-3.0,0.0,150.0,100.0,1.7335093,-3.0,1.1043041,-3.0,-3.0
2024-05-10 07:20:00,1.43,0.64,0.05,415.6,999.99,99.99,233,-44.450512,1.5674820573135757,99.99,0.26356369126365964,2.177,-19.272503811898204,0.009806644788487872,159.33333333333334,-2.2129999999999987,440.0,-3.0,0.0,150.0,100.0,-3.0,-3.0,-3.0,-3.0,-3.0
2024-05-10 07:25:00,1.43,0.64,0.05,415.6,999.99,99.99,269,-14.3007965,1.5674820573135757,99.99,0.26356369126365964,2.177,-19.272503811898204,0.009806644788487872,170.25,-2.2129999999999987,445.0,-3.0,0.0,150.0,100.0,-3.0,-3.0,1.3230054,-3.0,-3.0
2024-05-10 07:30:00,1.43,0.64,0.05,415.6,999.99,99.99,271,-28.191244,1.5674820573135757,99.99,0.26356369126365964,2.177,-19.272503811898204,0.009806644788487872,180.83333333333334,-2.2129999999999987,450.0,-3.0,0.0,150.0,100.0,-3.0,-3.0,1.2600646,-3.0,-3.0
2024-05-10 07:35:00,1.43,0.64,0.05,415.6,999.99,99.99,288,-75.590805,1.5674820573135757,99.99,0.26356369126365964,2.177,-19.272503811898204,0.009806644788487872,192.75,-2.2129999999999987,455.0,-3.0,0.0,150.0,100.0,-3.0,1.6298344,-3.0,-3.0,-3.0
2024-05-10 07:40:00,1.43,0.64,0.05,415.6,999.99,99.99,314,-64.69522,1.5674820573135757,99.99,0.26356369126365964,2.177,-19.272503811898204,0.009806644788487872,207.75,-2.2129999999999987,460.0,-3.0,0.0,150.0,100.0,1.290256,-3.0,2.0215628,-3.0,-3.0
2024-05-10 07:45:00,1.43,0.64,0.05,415.6,999.99,99.99,322,65.618164,1.5674820573135757,99.99,0.26356369126365964,2.177,-19.272503811898204,0.009806644788487872,223.75,-2.2129999999999987,465.0,1.8170241,0.0,150.0,100.0,-3.0,-3.0,-3.0,-3.0,-3.0
2024-05-10 07:50:00,1.31,-0.91,-0.25,415.6,999.99,99.99,318,-59.310894,1.614527794743714,99.99,0.26356369126365964,2.177,-19.272503811898204,0.009806644788487872,237.5,-2.2129999999999987,0.0,-3.0,0.0,150.0,100.0,-3.0,0.9350178,-3.0,-3.0,-3.0
2024-05-10 07:55:00,1.61,-0.96,-0.31,415.6,999.99,99.99,303,-56.466175,1.899947367692063,99.99,0.26356369126365964,2.177,-19.272503811898204,0.009806644788487872,247.25,-2.2129999999999987,5.0,-3.0,0.0,150.0,100.0,0.6927544,-3.0,1.6273099,-3.0,-3.0
2024-05-10 08:00:00,1.5,-0.38,0.07,415.6,8.75,3.02,334,-62.825764,1.5489673979784082,3.02,0.26356369126365964,2.177,-19.272503811898204,0.009806644788487872,260.5833333333333,-2.2129999999999987,0.0,-3.0,0.0,150.0,100.0,-3.0,-3.0,0.96138203,-3.0,-3.0
2024-05-10 08:05:00,1.6,-0.82,0.01,413.3,9.05,3.09,358,-32.67611,1.7979154596365203,3.09,0.3670086004049557,2.136,-19.120423013902048,0.009806644788487872,278.3333333333333,-2.3339999999999996,5.0,-3.0,0.0,150.0,100.0,-3.0,-3.0,-3.0,-3.0,-3.0
2024-05-10 08:10:00,1.29,-0.16,0.15,412.7,10.09,3.44,310,-0.019265747,1.3085106037017813,3.44,0.08533942339056415,2.1719999999999997,-19.174437364013325,-0.00475650600726496,292.1666666666667,-2.3500000000000005,10.0,-3.0,0.0,150.0,100.0,-3.0,-3.0,-3.0,-3.0,-3.0
2024-05-10 08:15:00,1.36,-0.38,-0.12,412.3,8.52,2.9,282,-111.52284,1.4171802990445501,2.9,0.38012776532969056,2.1590000000000003,-19.167988073974698,-0.031681780812749596,300.1666666666667,-2.3729999999999993,0.0,-3.0,0.0,150.0,100.0,-3.0,-3.0,1.7082341,-3.0,-3.0
2024-05-10 08:20:00,1.38,-0.79,-0.64,411.1,8.96,3.02,406,-0.40444335,1.7140886791528611,3.02,0.5741165987342096,2.3030000000000004,-19.49125517214082,-0.08949907808033082,314.5833333333333,-2.380999999999999,5.0,-3.0,0.0,150.0,100.0,-3.0,-3.0,1.8459593,-3.0,-3.0
2024-05-10 08:25:00,1.17,-0.73,-1.15,412.8,9.13,3.11,399,-129.37317,1.7956335929136544,3.11,0.683519433296889,2.473,-20.062978854778006,-0.04932322886875582,325.4166666666667,-2.244999999999999,10.0,-3.0,0.0,150.0,100.0,-3.0,-3.0,0.9758837,-3.0,-3.0
2024-05-10 08:30:00,1.46,-0.51,-0.42,413.5,8.61,2.95,363,-65.11098,1.6025292509030842,2.95,0.5419473075755616,2.2609999999999997,-19.98448746082838,0.024957765833632805,333.0833333333333,-2.2830000000000004,15.0,-3.0,0.0,150.0,100.0,-3.0,-3.0,1.6494672,-3.0,-3.0
2024-05-10 08:35:00,1.55,-0.23,0.21,413.8,7.94,2.72,320,-98.10643,1.5809807082946965,2.72,0.1065480898924888,2.201,-19.813401196441678,0.038130725187519234,335.75,-2.2889999999999997,0.0,-3.0,0.0,150.0,100.0,-3.0,-3.0,0.52087957,-3.0,-3.0
2024-05-10 08:40:00,1.81,-0.81,-0.08,412.8,8.53,2.91,231,41.273132,1.9845906378898395,2.91,0.44987986979098316,2.152,-19.603180208953187,0.03683653857922593,328.8333333333333,-2.3519999999999994,0.0,1.6156675,0.0,150.0,100.0,-3.0,1.7593166,1.3154521,-3.0,-3.0
2024-05-10 08:45:00,1.85,-0.75,0.12,410.9,8.33,2.81,173,-64.66912,1.9998499943745782,2.81,0.3459557534943896,2.145,-19.44503581064942,0.0108889445881168,316.4166666666667,-2.443000000000001,0.0,-3.0,0.0,150.0,100.0,1.8170241,-3.0,-3.0,-3.0,-3.0
2024-05-10 08:50:00,1.51,-0.02,0.32,413.4,8.2,2.8,163,22.176716,1.5436644713149292,2.8,0.0006213743895523226,2.23,-19.49429076307202,0.0005954241954508888,303.5,-2.298000000000001,5.0,1.3458972,0.0,150.0,100.0,-3.0,1.6874889,-3.0,-3.0,-3.0
2024-05-10 08:55:00,1.56,-0.22,0.27,410.1,8.04,2.71,158,-9.832848,1.5984054554461458,2.71,0.07366741647649948,2.1820000000000004,-19.43908156869491,0.0032853556477110855,291.4166666666667,-2.4679999999999986,10.0,-3.0,0.0,150.0,100.0,-3.0,-3.0,-3.0,-3.0,-3.0
2024-05-10 09:00:00,1.96,-0.86,0.49,406.8,8.03,2.65,134,-47.99549,2.1957458869368285,2.65,0.2255178647608319,2.215,-19.46143720659491,-0.024888943380326368,274.75,-2.6109999999999993,15.0,-3.0,0.0,150.0,100.0,-3.0,-3.0,1.0842658,-3.0,-3.0
2024-05-10 09:05:00,2.08,-0.51,0.65,413.2,6.92,2.36,143,-125.92346,2.23807953388614,2.36,0.09860955271031369,2.3269999999999995,-19.687971002498173,-0.004666280429031389,256.8333333333333,-2.275000000000001,20.0,-3.0,0.0,150.0,100.0,-3.0,-3.0,-3.0,-3.0,-3.0
2024-05-10 09:10:00,1.68,-1.22,0.21,408.1,8.37,2.79,134,41.422108,2.0868397159341203,2.79,0.3535851316097044,2.1440000000000006,-19.508100010885222,-0.030751197401457375,242.16666666666666,-2.573999999999999,25.0,1.6172322,0.0,150.0,100.0,-3.0,1.7297705,1.7794555,-3.0,-3.0
2024-05-10 09:15:00,0.83,-1.16,-1.2,411.0,8.82,2.98,118,-17.950027,1.8640010729610645,2.98,0.6584623144481256,2.4699999999999998,-19.995482976512747,-0.07663792180799973,228.5,-2.33,0.0,-3.0,0.0,150.0,100.0,-3.0,1.7335093,0.99629617,-3.0,-3.0
2024-05-10 09:20:00,0.8,-1.22,-1.08,411.1,8.17,2.75,92,0.92572784,1.8151583952922676,2.75,0.620414773644718,2.435,-20.27447922896522,-0.0862628835075487,202.33333333333334,-2.336999999999999,5.0,-0.03351667,0.0,150.0,100.0,-3.0,-3.0,-3.0,-3.0,-3.0
2024-05-10 09:25:00,0.43,-1.78,-1.27,424.9,6.5,2.35,87,24.068432,2.2284972515127768,2.35,0.748423262520817,2.63,-20.858111811588234,-0.09897983492925562,176.33333333333334,-1.628000000000001,10.0,1.3814478,0.0,150.0,100.0,-3.0,-3.0,-3.0,-3.0,-3.0
2024-05-10 09:30:00,0.17,-1.91,-1.16,427.7,6.39,2.34,73,-21.673199,2.241115793527858,2.34,0.7280453920759224,2.625,-21.264277578257776,-0.05070348840816905,152.16666666666666,-1.4990000000000006,15.0,-3.0,0.0,150.0,100.0,-3.0,-3.0,1.3156716,-3.0,-3.0
2024-05-10 09:35:00,-0.17,-1.23,-1.01,422.7,7.13,2.54,60,30.554401,1.6005936398724068,2.54,0.552963256827249,2.53,-21.365146695669925,-0.11553075660116825,130.5,-1.7640000000000005,20.0,1.4850738,0.0,150.0,100.0,-3.0,-3.0,-3.0,-3.0,-3.0
2024-05-10 09:40:00,-0.07,-1.89,-2.59,423.0,6.09,2.18,65,36.01677,3.207039132907486,2.18,1.2262043103899347,3.0069999999999997,-22.41958514426946,-0.2179417529388779,116.66666666666667,-1.5909999999999997,25.0,1.5565047,1.0,150.0,100.0,1.6156675,1.290256,1.3911096,-3.0,-3.0
2024-05-10 09:45:00,-0.17,-1.95,-3.14,423.6,5.48,1.97,62,-57.23576,3.7001351326674543,1.97,1.449443655380714,3.178,-23.544564225058703,-0.1992332908057925,107.41666666666667,-1.5059999999999987,30.0,-3.0,1.0,150.0,100.0,-3.0,-3.0,-3.0,-3.0,-3.0
2024-05-10 09:50:00,-0.34,-1.82,-3.33,420.8,5.09,1.8,69,-13.465662,3.8101049854301916,1.8,1.5050844735797422,3.2070000000000003,-24.411918052327383,-0.17010507791600027,99.58333333333333,-1.6269999999999993,35.0,-3.0,1.0,150.0,100.0,1.3458972,-3.0,-3.0,-3.0,-3.0
2024-05-10 09:55:00,-0.23,-1.87,-3.56,423.5,4.56,1.64,74,-4.4872313,4.0278281989181215,1.64,1.6079546500143789,3.303,-25.245615004218706,-0.1442567641528651,92.58333333333333,-1.4689999999999999,40.0,-3.0,1.0,150.0,100.0,-3.0,0.6927544,1.3689742,-3.0,-3.0
2024-05-10 10:00:00,-0.19,-1.84,-3.58,423.5,999.99,99.99,96,-39.83158,4.029652590484694,99.99,1.6121879960182959,3.309,-25.854485693856034,-0.1057223365960052,89.41666666666667,-1.4669999999999999,45.0,-3.0,1.0,150.0,100.0,-3.0,-3.0,-3.0,-3.0,-3.0
2024-05-10 10:05:00,-0.2,-1.74,-3.63,422.6,4.38,1.56,91,10.180552,4.030446625375406,1.56,1.6195984625293376,3.3150000000000004,-26.30283837017876,-0.07213358235853776,85.08333333333333,-1.5069999999999988,50.0,1.0077713,1.0,150.0,100.0,-3.0,-3.0,-3.0,-3.0,-3.0
2024-05-10 10:10:00,-0.25,-1.55,-3.56,422.6,999.99,99.99,90,-61.414803,3.890835385877948,99.99,1.5759191355436197,3.2940000000000005,-26.575821517441412,-0.04275906822892352,81.41666666666667,-1.5139999999999987,55.0,-3.0,1.0,150.0,100.0,1.6172322,-3.0,-3.0,-3.0,-3.0
2024-05-10 10:15:00,-0.24,-1.59,-3.5,422.6,999.99,99.99,115,-92.76346,3.851713904224975,99.99,1.5548570033059288,3.2760000000000007,-26.730429052467994,-0.02919326246160132,81.16666666666667,-1.5199999999999987,60.0,-3.0,1.0,150.0,100.0,-3.0,-3.0,-3.0,-3.0,-3.0
2024-05-10 10:20:00,-0.04,-1.69,-3.54,422.6,999.99,99.99,160,-63.704895,3.9229198309422535,99.99,1.576953847574152,3.2880000000000003,-26.867754142057425,-0.024887738862889107,86.83333333333333,-1.5159999999999987,65.0,-3.0,1.0,150.0,100.0,-0.03351667,-3.0,-3.0,-3.0,-3.0
2024-05-10 10:25:00,0.07,-1.69,-3.56,422.6,999.99,99.99,192,113.61294,3.9413956918837774,99.99,1.5851635734971963,3.2940000000000005,-26.979306441096885,-0.0108381619758255,95.58333333333333,-1.5139999999999987,70.0,2.0554278,1.0,150.0,100.0,1.3814478,-3.0,-3.0,-3.0,-3.0
2024-05-10 10:30:00,-0.28,-1.72,-3.57,418.6,4.53,1.59,215,-1.3139222,3.9726187836237195,1.59,1.5805330199509537,3.2570000000000006,-26.97613576181568,-0.003928916223806667,107.41666666666667,-1.712999999999999,75.0,-3.0,1.0,150.0,100.0,-3.0,-3.0,-3.0,-3.0,-3.0
2024-05-10 10:35:00,-0.28,-1.55,-3.65,418.2,4.39,1.54,230,18.951992,3.9753490412792685,1.54,1.5963606963061097,3.277,-27.01859560333495,0.0027648950473160737,121.58333333333333,-1.7250000000000008,80.0,1.2776549,1.0,150.0,100.0,1.4850738,-3.0,1.6298344,-3.0,-3.0
2024-05-10 10:40:00,-0.23,-1.61,-3.5,418.2,999.99,99.99,287,-57.88804,3.859404099080582,99.99,1.5401544616974965,3.232,-26.94848681134252,0.0068938585126598895,140.08333333333334,-1.7400000000000007,85.0,-3.0,1.0,150.0,100.0,1.5565047,-3.0,-3.0,-3.0,-3.0
2024-05-10 10:45:00,-0.12,-1.67,-3.48,421.1,4.28,1.52,318,12.5919285,3.8618259929727543,1.52,1.546175457083797,3.2550000000000003,-26.949657018208352,0.017104962983777127,161.41666666666666,-1.5969999999999986,90.0,1.1000923,1.0,150.0,100.0,-3.0,1.8170241,-3.0,-3.0,-3.0
2024-05-10 10:50:00,-0.07,-1.87,-3.3,418.7,3.58,1.25,365,7.0108323,3.7936525934776895,1.25,1.485173808758252,3.1769999999999996,-26.777437181504748,0.06843468417415188,186.08333333333334,-1.7350000000000003,95.0,0.8457696,1.0,150.0,100.0,-3.0,-3.0,0.9350178,-3.0,-3.0
2024-05-10 10:55:00,0.29,-1.97,-2.71,418.5,3.85,1.35,364,-77.49277,3.362900533765458,1.35,1.2728747655678805,2.998,-26.265310176466834,0.051745567669249225,210.25,-1.8040000000000003,100.0,-3.0,0.0,150.0,100.0,-3.0,-3.0,-3.0,-3.0,-3.0
2024-05-10 11:00:00,0.55,-2.29,-3.09,423.7,3.38,1.21,343,-29.063389,3.8851898280521633,1.21,1.4843535332634124,3.164,-26.259981504812256,0.01405462112335414,230.83333333333334,-1.5060000000000007,105.0,-3.0,1.0,150.0,100.0,-3.0,-3.0,-3.0,-3.0,-3.0
2024-05-10 11:05:00,0.76,-2.37,-2.87,424.3,3.28,1.18,306,-26.327663,3.7988682525194264,1.18,1.4273634668008024,3.104,-26.124763965233292,-0.0027831016625690097,248.75,-1.4979999999999993,110.0,-3.0,1.0,150.0,100.0,1.0077713,-3.0,-3.0,-3.0,-3.0
2024-05-10 11:10:00,-0.02,-1.58,-3.54,416.0,2.81,0.97,353,55.752483,3.876648036641965,0.97,1.542672590864281,3.2220000000000004,-26.287812521437946,0.02924548061932768,270.6666666666667,-1.846,115.0,1.7462642,1.0,150.0,100.0,-3.0,-3.0,-3.0,-3.0,-3.0
2024-05-10 11:15:00,-0.53,-0.72,-2.62,417.3,3.74,1.3,315,-6.7007246,2.768338852091629,1.3,1.1345795064551705,2.959,-25.832309159040015,0.05878785243977269,287.3333333333333,-1.8729999999999993,120.0,-3.0,0.0,150.0,100.0,-3.0,-3.0,-3.0,-3.0,-3.0
2024-05-10 11:20:00,0.12,-1.27,-2.68,424.5,4.07,1.47,343,45.05963,2.9681138792169013,1.47,1.1992776354883778,3.0490000000000004,-25.69993399704022,-0.005688120782297901,302.5833333333333,-1.507,125.0,1.6537876,1.0,150.0,100.0,-3.0,-3.0,-3.0,-3.0,-3.0
2024-05-10 11:25:00,-0.47,-1.44,-3.21,421.6,4.15,1.47,343,-48.51935,3.549450661722177,1.47,1.4309036126306927,3.1790000000000003,-25.889190366862994,-0.009691653470505556,315.1666666666667,-1.5989999999999989,130.0,-3.0,1.0,150.0,100.0,2.0554278,-3.0,-3.0,-3.0,-3.0
2024-05-10 11:30:00,-0.22,-1.92,-2.85,422.0,4.15,1.48,359,43.80612,3.4434430443961173,1.48,1.3291475698586699,3.075,-25.796850531745275,0.010612789381822552,327.1666666666667,-1.6149999999999998,135.0,1.6415348,1.0,150.0,100.0,-3.0,-3.0,-3.0,-3.0,-3.0
2024-05-10 11:35:00,0.08,-2.11,-2.93,422.0,3.74,1.33,374,16.85608,3.6115647578300463,1.33,1.380421893077802,3.099,-25.78306247304477,-0.01892669347980025,339.1666666666667,-1.6069999999999998,140.0,1.2267566,1.0,150.0,100.0,1.2776549,-3.0,-3.0,-3.0,-3.0
2024-05-10 11:40:00,-0.46,-1.96,-3.19,423.9,3.23,1.16,391,-20.593895,3.772174439232629,1.16,1.480716845804117,3.1959999999999997,-25.986117466543277,-0.02555066031859319,347.8333333333333,-1.486000000000001,145.0,-3.0,1.0,150.0,100.0,-3.0,1.6156675,1.7593166,-3.0,-3.0
2024-05-10 11:45:00,-0.53,-2.18,-3.07,423.3,3.26,1.17,437,-49.03528,3.802393982742977,1.17,1.46094763376529,3.154,-26.0385690762307,0.00760578063365962,357.75,-1.5279999999999994,150.0,-3.0,1.0,150.0,100.0,1.1000923,-3.0,-3.0,-3.0,-3.0
2024-05-10 11:50:00,-0.86,-2.0,-2.95,419.3,3.24,1.14,534,-6.4573746,3.6663469557585517,1.14,1.4048674778445465,3.0780000000000003,-25.91005966020668,0.020075275295578267,371.8333333333333,-1.7399999999999993,155.0,-3.0,1.0,150.0,100.0,0.8457696,1.3458972,1.6874889,-3.0,-3.0
2024-05-10 11:55:00,-1.0,-1.49,-3.03,417.8,3.19,1.11,559,-11.197144,3.521505359927768,1.11,1.3957853585868656,3.0869999999999997,-25.837816323274918,0.00037609090376236056,388.0833333333333,-1.8069999999999995,160.0,-3.0,1.0,150.0,100.0,-3.0,-3.0,-3.0,-3.0,-3.0
2024-05-10 12:00:00,-0.45,-1.22,-2.97,425.1,2.94,1.06,515,-23.206175,3.2421906174683808,1.06,1.3265708477427252,3.1420000000000003,-25.906298751169057,-0.022969331847010464,402.4166666666667,-1.4479999999999986,165.0,-3.0,1.0,150.0,100.0,-3.0,-3.0,-3.0,-3.0,-3.0
2024-05-10 12:05:00,-0.35,-1.75,-3.11,426.0,3.62,1.31,525,-8.01222,3.585679851855154,1.31,1.4293582929977533,3.1929999999999996,-26.067509641745023,-0.0072269762571245625,420.6666666666667,-1.389,170.0,-3.0,1.0,150.0,100.0,-3.0,-3.0,-3.0,-3.0,-3.0
2024-05-10 12:10:00,-0.91,-1.4,-2.65,430.5,2.44,0.9,551,19.526073,3.1321877338371658,0.9,1.2703296040926078,3.1,-25.978568513740303,-0.003615475889810682,437.1666666666667,-1.21,175.0,1.290615,1.0,150.0,100.0,1.7462642,1.6172322,1.7297705,-3.0,-3.0
2024-05-10 12:15:00,-0.28,-1.86,-3.09,425.9,2.7,0.97,543,-24.32689,3.6174714926312825,0.97,1.430336070621735,3.186,-26.10366440064313,-0.02365502777321673,456.1666666666667,-1.396000000000001,180.0,-3.0,1.0,150.0,100.0,-3.0,-3.0,1.7335093,1.3193544,-3.0
2024-05-10 12:20:00,-0.5,-1.8,-2.89,432.9,2.29,0.86,532,14.781329,3.4412352433392286,0.86,1.3771052191774589,3.1959999999999997,-26.21511879147247,0.03147631573649612,471.9166666666667,-1.0660000000000012,185.0,1.1697135,1.0,150.0,100.0,1.6537876,-0.03351667,-3.0,-0.52533096,-3.0
2024-05-10 12:25:00,-0.89,-0.78,-2.5,421.3,3.25,1.15,497,-57.351204,2.7659537234017493,1.15,1.1388532643917304,2.963,-25.78890124327817,0.03700500661275967,484.75,-1.6849999999999994,190.0,-3.0,0.0,150.0,100.0,-3.0,1.3814478,-3.0,1.7673738,-3.0
2024-05-10 12:30:00,-1.09,-1.12,-3.02,422.4,3.14,1.13,507,18.505045,3.4004264438449483,1.13,1.3915255078716016,3.13,-25.845068725344873,0.0073370683384332835,497.0833333333333,-1.578000000000001,195.0,1.2672901,1.0,150.0,100.0,1.6415348,-3.0,-3.0,1.8199944,-3.0
2024-05-10 12:35:00,-1.55,-1.12,-3.14,411.0,2.81,0.95,501,9.320407,3.6764792941073394,0.95,1.46712053065928,3.0519999999999996,-25.715530559893836,0.010919791351214769,507.6666666666667,-2.136,200.0,0.96943486,1.0,150.0,100.0,1.2267566,1.4850738,-3.0,-3.0,-3.0
2024-05-10 12:40:00,-1.7,-1.3,-3.37,409.3,2.79,0.93,498,-27.433292,3.9921047080456193,0.93,1.5792210189617593,3.104,-25.735870811832726,0.0030363249243034575,516.5833333333334,-2.197999999999999,205.0,-3.0,1.0,150.0,100.0,-3.0,1.5565047,1.290256,-3.0,-3.0
2024-05-10 12:45:00,-1.95,-1.08,-3.27,409.3,999.99,99.99,506,23.48121,3.957499210359997,99.99,1.578945545181192,3.074,-25.6851673106508,0.028711534372519408,522.3333333333334,-2.2079999999999993,210.0,1.3707205,1.0,150.0,100.0,-3.0,-3.0,-3.0,1.5223643,-3.0
2024-05-10 12:50:00,-2.45,-1.03,-2.96,409.3,999.99,99.99,505,2.3098626,3.9780648561832175,99.99,1.583001128674302,2.981,-25.44875546810753,0.05454742114977655,519.9166666666666,-2.2389999999999994,215.0,0.36358616,0.0,150.0,100.0,-3.0,-3.0,-3.0,-3.0,-3.0
2024-05-10 12:55:00,-2.8,-0.4,-2.74,409.3,999.99,99.99,476,-58.05523,3.937969019685147,99.99,1.6033579677414576,2.915,-25.139693099153035,0.0498096250324501,513.0,-2.2609999999999992,220.0,-3.0,0.0,150.0,100.0,-3.0,-3.0,0.6927544,1.2655044,-3.0
2024-05-10 13:00:00,-2.69,-0.3,-2.79,409.3,999.99,99.99,453,41.8671,3.887184070763822,99.99,1.5864650707705383,2.9299999999999997,-24.95065921778303,0.03431028249494901,507.8333333333333,-2.2559999999999993,225.0,1.6218729,0.0,150.0,100.0,-3.0,-3.0,-3.0,1.6154479,-3.0
2024-05-10 13:05:00,-2.79,-0.24,-2.76,409.3,999.99,99.99,417,41.343555,3.9318316342386788,99.99,1.6062736796519212,2.921,-24.796590274203545,0.06653908415694403,498.8333333333333,-2.2589999999999995,230.0,1.6164079,0.0,150.0,100.0,-3.0,1.0077713,-3.0,1.6067815,-3.0
2024-05-10 13:10:00,-2.91,0.06,-2.26,405.0,2.8,0.92,416,-56.236225,3.6850101763767222,0.92,1.4921662824111925,2.7279999999999998,-24.28526837621359,0.10045403057872804,487.5833333333333,-2.524,235.0,-3.0,0.0,150.0,100.0,1.290615,-3.0,-3.0,-3.0,-3.0
2024-05-10 13:15:00,-2.92,0.6,-2.05,405.0,3.12,1.02,485,85.68366,3.6178584825833084,1.02,1.4357356518200894,2.6649999999999996,-23.792049968416265,0.09300084680253526,482.75,-2.545,240.0,1.932898,0.0,150.0,100.0,-3.0,-3.0,-3.0,1.1043041,-3.0
2024-05-10 13:20:00,-3.05,0.42,-1.91,405.0,999.99,99.99,376,34.587364,3.6231202022566125,99.99,1.4502438928000365,2.6229999999999998,-23.355259908188238,0.045426812960542406,469.75,-2.559,245.0,1.5389174,0.0,150.0,100.0,1.1697135,-3.0,-3.0,-3.0,-3.0
2024-05-10 13:25:00,-2.72,-0.2,-2.3,407.8,3.45,1.15,356,-1.1623096,3.5676883271945155,1.15,1.4521685095101635,2.7680000000000002,-23.33778183881084,0.035249150906211925,458.0,-2.3799999999999994,250.0,-3.0,0.0,150.0,100.0,-3.0,2.0554278,-3.0,1.3230054,-3.0
2024-05-10 13:30:00,-3.12,0.36,-1.77,407.8,999.99,99.99,344,-2.890979,3.605121357180643,99.99,1.4554202459993006,2.6090000000000004,-23.00276839912612,0.07270400583225686,444.4166666666667,-2.4329999999999994,255.0,-3.0,0.0,150.0,100.0,1.2672901,-3.0,-3.0,1.2600646,-3.0
2024-05-10 13:35:00,-3.06,-0.04,-1.65,403.7,3.15,1.02,355,98.51792,3.4767369759589233,1.02,1.4033525918875025,2.532,-22.610741780488272,0.12613977514989508,432.25,-2.6500000000000004,260.0,1.9935153,0.0,150.0,100.0,0.96943486,1.2776549,-3.0,-3.0,-3.0
2024-05-10 13:40:00,-3.23,0.76,-0.66,402.5,3.27,1.06,339,-53.307617,3.383208536286228,1.06,1.127308561756836,2.223,-21.741370647627168,0.15784116503757203,419.0,-2.809,265.0,-3.0,0.0,150.0,100.0,-3.0,-3.0,-3.0,2.0215628,-3.0
2024-05-10 13:45:00,-3.29,0.67,-0.55,401.0,3.21,1.03,328,81.42455,3.4022786482003498,1.03,1.1149808853439922,2.175,-21.032330130112552,0.11237468624071631,404.1666666666667,-2.895,270.0,1.9107554,0.0,150.0,100.0,1.3707205,1.1000923,1.8170241,-3.0,-3.0
2024-05-10 13:50:00,-3.11,0.11,-0.68,402.1,3.15,1.01,309,39.296772,3.1853728196241016,1.01,1.272620166467114,2.2250000000000005,-20.617623785220005,0.08263603543784441,387.8333333333333,-2.8269999999999986,275.0,1.5943569,0.0,150.0,100.0,0.36358616,0.8457696,-3.0,-3.0,-3.0
2024-05-10 13:55:00,-3.03,-0.19,-0.25,408.7,3.22,1.07,327,54.166676,3.046227174719574,1.07,1.1181047208621924,2.162,-20.205969775734108,0.04130832955820374,375.4166666666667,-2.5400000000000005,280.0,1.7337322,0.0,150.0,100.0,-3.0,-3.0,-3.0,1.6273099,-3.0
2024-05-10 14:00:00,-2.73,-0.07,0.89,405.3,3.03,1.0,372,-60.21412,2.8722639154506675,1.0,0.0017920403086081906,2.32,-20.204540489637967,-0.0025861662147452337,368.6666666666667,-2.6459999999999995,0.0,-3.0,0.0,150.0,100.0,1.6218729,-3.0,-3.0,0.96138203,-3.0
2024-05-10 14:05:00,-2.94,-0.36,0.8,409.5,3.26,1.09,395,8.35158,3.0680938707933954,1.09,0.05533022520226746,2.335,-20.23183143788156,-0.023591371115534443,366.8333333333333,-2.445,5.0,0.9217686,0.0,150.0,100.0,1.6164079,-3.0,-3.0,-3.0,-3.0
2024-05-10 14:10:00,-3.1,0.7,1.15,408.9,3.64,1.22,432,39.435974,3.379718923224238,1.22,0.10074639728243538,2.434,-20.44045420079331,-0.015528623640063443,368.1666666666667,-2.4400000000000013,10.0,1.5958925,0.0,150.0,100.0,-3.0,1.7462642,-3.0,-3.0,-3.0
2024-05-10 14:15:00,-3.16,1.3,0.76,410.0,3.68,1.24,415,9.681096,3.5004571130068145,1.24,0.3554266125645071,2.3280000000000003,-20.387117674282194,-0.0085860219343477,362.3333333333333,-2.424,15.0,0.98592454,0.0,150.0,100.0,1.932898,-3.0,-3.0,1.7082341,-3.0
2024-05-10 14:20:00,-3.45,0.17,1.07,410.0,999.99,99.99,415,-95.32332,3.616116701656627,99.99,0.009182654498526866,2.4210000000000003,-20.52631442013679,0.006980923775981651,365.5833333333333,-2.393,20.0,-3.0,0.0,150.0,100.0,1.5389174,1.6537876,-3.0,1.8459593,-3.0
2024-05-10 14:25:00,-3.35,1.07,0.58,408.4,3.58,1.19,421,66.223175,3.564239049222148,1.19,0.3809777206324637,2.2579999999999996,-20.317308436522378,0.034899550333720344,371.0,-2.522000000000001,25.0,1.82101,0.0,150.0,100.0,-3.0,-3.0,-3.0,0.9758837,-3.0
2024-05-10 14:30:00,-3.12,1.28,0.57,409.2,3.72,1.24,373,12.617508,3.4201900531987985,1.24,0.415103709966798,2.263,-20.177318916799585,-0.020854687254414372,373.4166666666667,-2.4830000000000005,30.0,1.1009736,0.0,150.0,100.0,-3.0,1.6415348,-3.0,1.6494672,-3.0
2024-05-10 14:35:00,-2.19,1.32,1.17,414.7,3.59,1.24,406,41.260048,2.8120099573081174,1.24,0.19631537673279478,2.4979999999999998,-20.52585530906652,-0.04154263853809326,377.6666666666667,-2.1480000000000006,35.0,1.6155298,0.0,150.0,100.0,1.9935153,1.2267566,-3.0,0.52087957,-3.0
2024-05-10 14:40:00,-2.48,1.27,0.35,429.9,3.82,1.41,439,-4.611945,2.8081666617207746,1.41,0.44324341246731,2.404,-20.592745302180518,-0.0131948743652881,386.0,-1.470000000000001,40.0,-3.0,0.0,150.0,100.0,-3.0,-3.0,1.6156675,1.3154521,-3.0
2024-05-10 14:45:00,-1.92,1.22,-0.38,429.9,999.99,99.99,489,44.960487,2.30633909042014,99.99,0.6431748190145263,2.413,-20.657804052719403,-0.005214482316133839,399.4166666666667,-1.467000000000001,0.0,1.652831,0.0,150.0,100.0,1.9107554,-3.0,-3.0,-3.0,-3.0
2024-05-10 14:50:00,-2.31,1.12,0.68,417.8,3.98,1.4,351,7.8581953,2.6557296549159517,1.4,0.26686223661008807,2.382,-20.644890125341856,-0.020789856002985017,402.9166666666667,-2.0419999999999994,0.0,0.8953228,0.0,150.0,100.0,1.5943569,-3.0,1.3458972,-3.0,-3.0
2024-05-10 14:55:00,-1.82,0.28,-0.57,433.0,5.87,2.26,309,69.14471,1.927615106809448,2.26,0.791903824489412,2.501,-20.865702612749253,-0.060610516471274065,401.4166666666667,-1.293,0.0,1.839759,0.0,150.0,100.0,1.7337322,-3.0,-3.0,-3.0,-3.0
2024-05-10 15:00:00,-1.99,0.07,-0.94,433.4,4.85,1.85,239,-51.622234,2.2019536779868916,1.85,0.9530091477881697,2.6159999999999997,-21.250995290054597,-0.0722716766820966,390.3333333333333,-1.2360000000000009,5.0,-3.0,0.0,150.0,100.0,-3.0,-3.0,-3.0,1.0842658,-3.0
2024-05-10 15:05:00,-2.33,0.64,-0.69,444.0,6.39,2.56,243,28.919079,2.5128867861485524,2.56,0.9668687373127046,2.647,-21.58841937957022,-0.02515531621534208,377.6666666666667,-0.7309999999999999,10.0,1.4611845,0.0,150.0,100.0,0.9217686,-3.0,-3.0,-3.0,-3.0
2024-05-10 15:10:00,-2.07,0.57,0.15,443.7,9.43,3.73,347,73.266464,2.152277863102253,3.73,0.3559666596282566,2.4819999999999998,-21.502548452208018,-0.043217380534876074,370.5833333333333,-0.8000000000000004,0.0,1.8649052,0.0,150.0,100.0,1.5958925,1.290615,1.6172322,1.7794555,-3.0
2024-05-10 15:15:00,-1.81,0.16,-0.89,450.4,10.47,4.27,378,85.585014,2.0233141130333667,4.27,0.9041113628102203,2.7709999999999995,-22.02059318491898,-0.08675007950759372,367.5,-0.39100000000000085,0.0,1.9323977,0.0,150.0,100.0,0.98592454,-3.0,-3.0,0.99629617,-3.0
2024-05-10 15:20:00,-2.31,0.4,-0.85,450.6,10.06,4.12,282,52.035633,2.4937120924437126,4.12,1.070190642937578,2.761,-22.370049247283955,-0.028095073180508835,356.4166666666667,-0.38499999999999884,5.0,1.7163008,0.0,150.0,100.0,-3.0,1.1697135,-0.03351667,-3.0,-3.0
2024-05-10 15:25:00,-2.18,-0.16,0.17,455.3,12.42,5.15,323,41.658295,2.192464366871216,5.15,0.13565932831266367,2.604,-22.301543916724068,-0.019862355161699697,348.25,-0.21799999999999942,0.0,1.6197015,0.0,150.0,100.0,1.82101,-3.0,1.3814478,-3.0,-3.0
2024-05-10 15:30:00,-1.72,-0.35,-0.71,454.7,12.67,5.24,322,98.03011,1.8934096228761488,5.24,0.8165692473853554,2.76,-22.568672798900952,-0.09575087968560218,344.0,-0.19400000000000056,0.0,1.9913595,0.0,150.0,100.0,1.1009736,1.2672901,-3.0,1.3156716,-3.0
2024-05-10 15:35:00,-1.27,0.6,1.52,454.2,14.01,5.78,251,140.89099,2.0696134904856027,5.78,0.03282769020081458,2.9979999999999998,-23.25905271358009,-0.15197958777067483,331.0833333333333,-0.13800000000000046,0.0,2.1488833,0.0,150.0,100.0,1.6155298,0.96943486,1.4850738,-3.0,-3.0
2024-05-10 15:40:00,-1.44,0.91,2.09,452.6,15.03,6.16,174,130.73158,2.696256664340396,6.16,0.0507285160916328,3.153,-24.0884686766077,-0.12450612426424498,309.0,-0.16099999999999878,5.0,2.1163805,1.0,150.0,100.0,-3.0,-3.0,1.5565047,1.3911096,-3.0
2024-05-10 15:45:00,-1.27,0.88,1.9,450.2,15.0,6.08,189,-15.346132,2.448938545574388,6.08,0.05104660952026708,3.0719999999999996,-24.50411395622254,-0.07886451914847399,284.0,-0.3000000000000002,10.0,-3.0,1.0,150.0,100.0,1.652831,1.3707205,-3.0,-3.0,-3.0
2024-05-10 15:50:00,-1.04,1.04,2.06,448.9,14.59,5.88,198,-57.254986,2.5311657393382996,5.88,0.060966621140579325,3.1069999999999998,-24.87711386809244,-0.054165146047228774,271.25,-0.34900000000000103,15.0,-3.0,1.0,150.0,100.0,0.8953228,0.36358616,-3.0,-3.0,-3.0
2024-05-10 15:55:00,-0.98,0.41,1.81,451.9,15.26,6.24,201,101.72188,2.098713891887124,6.24,0.011716928008284007,3.062,-25.045765416694827,-0.013630447250129763,262.25,-0.22400000000000111,20.0,2.0074143,1.0,150.0,100.0,1.839759,-3.0,-3.0,1.3689742,-3.0
2024-05-10 16:00:00,-1.09,0.61,1.67,449.0,15.55,6.27,224,-6.5702066,2.0854495918146765,6.27,0.028418834762208783,2.991,-25.013418340593738,0.009817332343501661,261.0,-0.3829999999999998,25.0,-3.0,0.0,150.0,100.0,-3.0,1.6218729,-3.0,-3.0,-3.0
2024-05-10 16:05:00,-1.46,0.7,1.62,448.5,15.56,6.26,270,42.40267,2.2904148095923587,6.26,0.042133427957287944,2.971,-24.94759209325981,0.004227827461419409,263.25,-0.4129999999999997,30.0,1.6273932,0.0,150.0,100.0,1.4611845,1.6164079,1.0077713,-3.0,-3.0
2024-05-10 16:10:00,-1.6,1.14,1.73,448.5,15.13,6.09,215,-105.92432,2.617728022541685,6.09,0.09685415743854535,3.004,-24.971140065979544,-0.056514234947734464,252.25,-0.4019999999999997,35.0,-3.0,1.0,150.0,100.0,1.8649052,-3.0,-3.0,-3.0,-3.0
2024-05-10 16:15:00,-0.85,1.06,2.45,450.9,16.1,6.54,206,30.160229,2.801535293370405,6.54,0.05192860239700177,3.2439999999999998,-25.512734442737155,-0.057200840708166466,237.91666666666666,-0.21000000000000094,40.0,1.4794346,1.0,150.0,100.0,1.9323977,1.932898,-3.0,-3.0,-3.0
2024-05-10 16:20:00,-1.25,1.52,2.0,448.2,15.69,6.31,200,65.08797,2.8058688493940696,6.31,0.12817223577888004,3.082,-25.54314847306121,-0.024462744811574667,231.08333333333334,-0.3900000000000003,45.0,1.8135008,1.0,150.0,100.0,1.7163008,1.5389174,-3.0,-3.0,-3.0
2024-05-10 16:25:00,-1.37,1.66,2.35,446.5,15.8,6.31,237,9.087759,3.1866910738256387,6.31,0.1303514158596765,3.17,-25.757361890852902,-0.027501525556334273,223.91666666666666,-0.43999999999999984,50.0,0.9584568,1.0,150.0,100.0,1.6197015,-3.0,2.0554278,-3.0,-3.0
2024-05-10 16:30:00,-1.23,1.79,2.22,446.2,15.25,6.08,213,64.32298,3.105704428950057,6.08,0.15349546555958626,3.1279999999999997,-25.81816372862455,-0.026710457175482104,214.83333333333334,-0.46800000000000036,55.0,1.8083662,1.0,150.0,100.0,1.9913595,-3.0,-3.0,-3.0,-3.0
2024-05-10 16:35:00,-1.32,1.49,2.38,448.8,17.04,6.86,137,48.154205,3.102724609113738,6.86,0.10611016732254912,3.202,-26.024466462607723,-0.05610353345576265,205.33333333333334,-0.3219999999999992,60.0,1.6826342,1.0,150.0,100.0,2.1488833,1.9935153,1.2776549,1.6298344,-3.0
2024-05-10 16:40:00,-1.23,1.55,2.71,448.2,15.6,6.27,125,39.991203,3.3555178437910294,6.27,0.09922568501374976,3.295,-26.379199063182178,-0.07480021152284273,201.25,-0.3190000000000003,65.0,1.6019645,1.0,150.0,100.0,2.1163805,-3.0,-3.0,-3.0,-3.0
2024-05-10 16:45:00,-1.35,1.42,2.89,449.0,17.78,7.17,104,26.40394,3.491561255369867,7.17,0.08033640987181336,3.357,-26.77246857783615,-0.0900233416007719,194.16666666666666,-0.2609999999999998,70.0,1.4216688,1.0,150.0,100.0,-3.0,1.9107554,1.1000923,-3.0,-3.0
2024-05-10 16:50:00,-1.37,2.45,3.22,449.0,17.78,7.17,147,106.81223,4.271744374374478,7.17,0.19580163232838102,3.4560000000000004,-27.279432479189897,-0.09729151572535706,189.91666666666666,-0.22799999999999976,75.0,2.028621,1.0,150.0,100.0,-3.0,1.5943569,0.8457696,0.9350178,-3.0
2024-05-10 16:55:00,-1.52,2.05,3.42,447.5,17.4,6.97,108,12.459321,4.267235639146261,6.97,0.13585368664436645,3.5010000000000003,-27.74538373508972,0.12653468299087295,182.16666666666666,-0.283,80.0,1.0954944,1.0,150.0,100.0,2.0074143,1.7337322,-3.0,-3.0,-3.0
2024-05-10 17:00:00,0.88,2.25,-0.22,447.4,14.88,5.96,92,19.714685,2.425963726027246,5.96,0.5954990715057514,2.5399999999999996,-26.014085649281167,-0.9217943594534301,171.16666666666666,-0.6080000000000012,0.0,1.2947899,0.0,150.0,100.0,-3.0,-3.0,-3.0,-3.0,-3.0
2024-05-10 17:05:00,-3.08,-4.33,-9.98,608.2,35.13,30.62,575,-136.75385,11.306445064652285,30.62,6.59249694693633,7.0760000000000005,-36.96332732962402,-1.244746465399243,196.58333333333334,1.0,5.0,-3.0,2.0,150.0,100.0,1.6273932,0.9217686,-3.0,-3.0,-3.0
2024-05-10 17:10:00,-2.89,-2.51,-4.64,560.1,31.53,23.3,640,38.11952,6.015130921268463,23.3,3.1661831642241993,4.993,-38.4615503032736,-0.02261454709742452,232.0,1.0,10.0,1.5811474,1.0,150.0,100.0,-3.0,1.5958925,1.7462642,-3.0,-3.0
2024-05-10 17:15:00,-2.61,2.64,-1.29,571.8,34.68,28.26,593,-26.389685,3.9301145021487605,28.26,1.6169191418549593,4.1049999999999995,-37.18947280059827,-0.1679467110845536,264.25,1.0,15.0,-3.0,1.0,150.0,100.0,1.4794346,0.98592454,-3.0,-3.0,-3.0
2024-05-10 17:20:00,-2.84,-3.53,-6.69,552.1,26.56,18.74,1234,-7.6648436,8.07976484806334,18.74,4.203069141636137,5.5280000000000005,-40.14101741411913,-0.15356862786507222,350.4166666666667,1.0,20.0,-3.0,1.0,150.0,100.0,1.8135008,-3.0,1.6537876,-3.0,-3.0
2024-05-10 17:25:00,-5.74,-5.73,-4.55,487.3,24.56,13.81,2177,10.268847,9.299623648298892,13.81,3.6748911525304,4.238,-38.72515907924899,-1.009216657843283,512.0833333333334,1.0,25.0,1.0115217,1.0,150.0,100.0,0.9584568,1.82101,-3.0,-3.0,-3.0
2024-05-10 17:30:00,-4.84,-6.05,-16.28,541.4,21.98,14.08,1658,51.31666,18.02960066113501,14.08,9.455534435496983,8.298,-50.233183992551965,-1.5,632.5,1.0,30.0,1.7102584,2.0,150.0,100.0,1.8083662,1.1009736,1.6415348,-3.0,-3.0
2024-05-10 17:35:00,-8.71,-7.57,-26.02,541.4,999.99,99.99,1983,-27.157726,28.464177486799088,99.99,15.103758787922489,9.0,-61.00721323485125,-1.5,786.3333333333334,1.0,35.0,-3.0,2.0,150.0,100.0,1.6826342,1.6155298,1.2267566,-3.0,-3.0
2024-05-10 17:40:00,-8.57,-7.17,-22.22,541.4,999.99,99.99,1976,-42.9967,24.8713127920502,99.99,13.140008803258851,9.0,-68.70294840792216,-1.3192688868121594,940.5833333333334,1.0,40.0,-3.0,2.0,150.0,100.0,1.6019645,-3.0,-3.0,1.7593166,-3.0
2024-05-10 17:45:00,-10.29,-11.27,-25.63,541.4,999.99,99.99,1583,-45.166813,29.829413336503954,99.99,15.466593586936858,9.0,-74.19990210297284,0.25046987598512516,1063.8333333333333,1.0,45.0,-3.0,3.0,150.0,100.0,1.4216688,1.652831,-3.0,-3.0,-3.0
2024-05-10 17:50:00,0.66,-8.31,-1.63,690.8,34.54,32.96,1694,2.1674104,8.494033199840933,32.96,3.4985483754010342,5.396999999999999,-66.19824964807091,1.4048721459602,1192.75,1.0,50.0,0.33594114,3.0,150.0,100.0,2.028621,0.8953228,-3.0,1.6874889,-3.0
2024-05-10 17:55:00,1.84,-13.1,-1.74,675.9,38.05,34.72,1223,-4.637092,13.342533492556802,34.72,5.102814764011862,5.281000000000001,-60.15118064337084,-0.18932469087938272,1285.6666666666667,1.0,55.0,-3.0,1.0,150.0,100.0,1.0954944,1.839759,-3.0,-3.0,-3.0
2024-05-10 18:00:00,-12.21,-20.22,-30.79,697.7,29.23,28.44,1712,-4.949014,38.806656645477716,28.44,24.853498549798072,9.0,-68.09149655686474,-1.361197013741812,1420.6666666666667,1.0,60.0,-3.0,2.0,150.0,100.0,1.2947899,-3.0,-3.0,-3.0,-3.0
2024-05-10 18:05:00,-16.74,-4.72,-38.68,705.5,35.74,35.58,1793,-6.265633,42.410475121130155,35.58,29.81043528898243,9.0,-73.76315078078896,-0.972283581244153,1522.1666666666667,1.0,65.0,-3.0,2.0,150.0,100.0,-3.0,1.4611845,-3.0,-3.0,-3.0
2024-05-10 18:10:00,-16.27,-35.89,-30.35,711.2,18.55,18.84,1077,33.793724,49.738591656780955,18.84,29.107802516445254,9.0,-77.81433236930627,-0.6944882723172512,1558.5833333333333,1.0,70.0,1.528836,2.0,150.0,100.0,1.5811474,1.8649052,1.290615,1.7297705,-3.0
2024-05-10 18:15:00,-14.46,-39.07,-26.61,698.7,17.68,17.27,1219,-50.10161,49.433274218890254,17.27,26.990924809199623,9.0,-80.70803350396147,-0.4960630516551774,1610.75,1.0,75.0,-3.0,2.0,150.0,100.0,-3.0,1.9323977,-3.0,1.7335093,-3.0
2024-05-10 18:20:00,-14.43,-40.54,-26.78,689.8,16.03,15.25,852,-43.660393,50.684168139568,15.25,27.11613932037452,9.0,-82.77496288585805,-0.354330751182269,1578.9166666666667,1.0,80.0,-3.0,2.0,150.0,100.0,-3.0,1.7163008,1.1697135,-3.0,-3.0
2024-05-10 18:25:00,-6.63,-26.29,-14.9,698.8,23.02,22.64,1074,-145.00519,30.937533838365333,22.64,16.13946213505829,9.0,-84.25134101578416,0.7165197936254998,1487.0,1.0,85.0,-3.0,3.0,150.0,100.0,1.0115217,1.6197015,-3.0,-3.0,-3.0
2024-05-10 18:30:00,-4.55,-7.36,-3.71,703.5,54.97,54.34,1241,37.66253,9.414680026426815,54.34,4.802247434058597,6.148,-75.60976494960305,0.5117998525896411,1452.25,1.0,90.0,1.5759095,3.0,150.0,100.0,1.7102584,1.9913595,1.2672901,-3.0,-3.0
2024-05-10 18:35:00,-10.91,2.14,-13.46,716.1,48.23,49.46,754,-38.44574,17.457929430490893,49.46,12.424087111323825,9.0,-79.13334248988775,-0.36720173745305684,1349.8333333333333,1.0,95.0,-3.0,2.0,150.0,100.0,-3.0,2.1488833,0.96943486,-3.0,-3.0
2024-05-10 18:40:00,-10.03,11.59,-10.63,716.1,999.99,99.99,761,14.041745,18.652771911970618,99.99,11.19288232840223,8.350000000000001,-79.28178232413362,-0.26228695532361146,1248.5833333333333,1.0,100.0,1.1474211,2.0,150.0,100.0,-3.0,2.1163805,-3.0,1.290256,-3.0
2024-05-10 18:45:00,-11.71,8.75,-16.98,704.0,50.47,50.03,794,34.509026,22.405512714508454,50.03,14.897393615479295,9.0,-81.75621204312387,-0.42418795182690017,1182.8333333333333,1.0,105.0,1.5379328,2.0,150.0,100.0,-3.0,-3.0,1.3707205,-3.0,-3.0
2024-05-10 18:50:00,-14.48,4.71,-19.97,710.9,50.53,51.07,961,37.398952,25.112853282731535,51.07,17.61435408936315,9.0,-83.52366184240262,0.5941610681292886,1121.75,1.0,110.0,1.5728594,3.0,150.0,100.0,0.33594114,-3.0,0.36358616,-3.0,-3.0
2024-05-10 18:55:00,0.66,-15.53,-5.65,668.7,41.53,37.59,985,-82.348885,16.539014480917537,37.59,7.420402931013184,6.3820000000000014,-75.81460136183098,0.7829453743049186,1101.9166666666667,1.0,115.0,-3.0,3.0,150.0,100.0,-3.0,2.0074143,-3.0,0.6927544,-3.0
2024-05-10 19:00:00,12.51,-22.06,12.1,637.6,41.68,33.86,388,-29.394861,28.09899820278296,33.86,4.64997467779118,8.006,-75.69420809935343,1.0050624993242778,991.5833333333334,1.0,0.0,-3.0,3.0,150.0,100.0,-3.0,-3.0,1.6218729,-3.0,-3.0
2024-05-10 19:05:00,-7.53,-31.61,-0.84,660.9,38.45,33.17,352,20.28323,32.50536263449464,33.17,11.026736830349062,4.861,-65.7639763685882,1.5,871.5,1.0,0.0,1.3071371,3.0,150.0,100.0,-3.0,1.6273932,1.6164079,-3.0,-3.0
2024-05-10 19:10:00,-3.63,-32.23,-1.08,669.5,38.98,34.94,1290,-47.80256,32.4517518787507,34.94,11.227037175172537,5.019,-59.105412430472796,0.8907675526632872,889.25,1.0,5.0,-3.0,3.0,150.0,100.0,1.528836,-3.0,-3.0,-3.0,-3.0
2024-05-10 19:15:00,-1.37,-30.23,-4.27,660.6,36.87,32.19,2618,-77.9693,30.56080332713785,32.19,11.506033635776765,5.887,-56.85630084195533,0.2956014461722646,1005.8333333333334,1.0,10.0,-3.0,3.0,150.0,100.0,-3.0,1.4794346,1.932898,-3.0,-3.0
2024-05-10 19:20:00,-5.44,-20.19,-4.34,688.1,44.42,42.16,2234,-133.30287,21.355685425665925,42.16,8.89153877027692,6.183,-56.14939796875015,-0.2412018185149499,1121.0,1.0,15.0,-3.0,2.0,150.0,100.0,-3.0,1.8135008,1.5389174,-3.0,-3.0
2024-05-10 19:25:00,-4.63,-19.22,-8.64,671.9,38.21,34.78,1755,-22.591963,21.575330820175157,34.78,10.22007634657044,7.311,-59.26831902710483,-0.9183086605847649,1177.75,1.0,20.0,-3.0,2.0,150.0,100.0,-3.0,0.9584568,-3.0,-3.0,-3.0
2024-05-10 19:30:00,0.57,-14.71,-12.24,674.5,39.3,36.04,1423,-29.63765,19.14488443422942,36.04,10.586383056624756,8.417,-65.3324845745978,-0.24495184408677845,1192.9166666666667,1.0,25.0,-3.0,2.0,150.0,100.0,1.5759095,1.8083662,-3.0,-3.0,-3.0
2024-05-10 19:35:00,3.59,-21.76,-4.17,677.3,35.14,32.49,1850,-30.39092,22.444923702253927,32.49,9.03156189350582,6.023999999999999,-61.717837467972615,-0.38594974617395084,1284.25,1.0,30.0,-3.0,2.0,150.0,100.0,-3.0,1.6826342,1.9935153,-3.0,-3.0
2024-05-10 19:40:00,-2.65,-11.07,-12.83,714.6,50.49,51.58,2830,-55.85542,17.15156844139917,51.58,10.768129855825858,8.995000000000001,-69.19198203633731,-1.2831374369582462,1456.6666666666667,1.0,35.0,-3.0,2.0,150.0,100.0,1.1474211,1.6019645,-3.0,-3.0,-3.0
2024-05-10 19:45:00,-9.8,-6.5,-23.82,718.8,43.55,44.99,3540,-75.370865,26.564683322034917,44.99,18.757925316772692,9.0,-74.54921183755508,-0.9183822516373297,1685.5,1.0,40.0,-3.0,2.0,150.0,100.0,1.5379328,1.4216688,1.9107554,1.8170241,-3.0
2024-05-10 19:50:00,-8.96,-1.36,-25.57,712.9,51.36,52.1,2389,-72.23709,27.128510832701455,52.1,19.326266691045035,9.0,-78.3758045527106,-0.6559873225980922,1804.5,1.0,45.0,-3.0,2.0,150.0,100.0,1.5728594,2.028621,1.5943569,-3.0,-3.0
2024-05-10 19:55:00,-14.81,-9.17,-28.93,713.0,52.89,53.77,1020,74.290215,33.76936333424129,53.77,23.514844538598567,9.0,-81.109085063536,-0.46856237328435385,1807.4166666666667,1.0,50.0,1.8709316,2.0,150.0,100.0,-3.0,1.0954944,1.7337322,-3.0,-3.0
2024-05-10 20:00:00,-15.98,8.14,-31.12,695.9,53.41,51.66,657,-34.068146,35.917605710848825,51.66,24.58829214818928,9.0,-83.06142828555414,-0.3346874094888236,1829.8333333333333,1.0,55.0,-3.0,2.0,150.0,100.0,-3.0,1.2947899,-3.0,-3.0,-3.0
2024-05-10 20:05:00,-13.59,9.8,-26.66,709.5,56.98,57.38,700,-43.397316,31.48783415860799,57.38,21.654709078979657,9.0,-84.45595915842424,-0.2390624353491603,1858.8333333333333,1.0,60.0,-3.0,2.0,150.0,100.0,1.3071371,-3.0,0.9217686,-3.0,-3.0
2024-05-10 20:10:00,-16.57,14.29,-23.93,702.9,53.0,52.37,720,-50.414806,32.425513103110646,52.37,21.180134781193228,9.0,-85.45205263904575,-0.17075888239225775,1811.3333333333333,1.0,65.0,-3.0,2.0,150.0,100.0,-3.0,1.5811474,1.5958925,-3.0,-3.0
2024-05-10 20:15:00,-15.51,8.35,-24.69,712.7,56.83,57.73,672,-43.400066,30.329502139006504,57.73,21.04618344504034,9.0,-86.16354798234681,-0.12197063028018248,1649.1666666666667,1.0,70.0,-3.0,2.0,150.0,100.0,-3.0,-3.0,0.98592454,-3.0,-3.0
2024-05-10 20:20:00,-17.34,6.85,-21.07,712.7,999.99,99.99,690,-53.01524,28.134373993391073,99.99,19.560152050053862,9.0,-86.67175894184757,-0.08712187877155912,1520.5,1.0,75.0,-3.0,2.0,150.0,100.0,-3.0,-3.0,-3.0,-3.0,-3.0
2024-05-10 20:25:00,-12.22,7.86,-19.44,712.7,999.99,99.99,874,-59.529625,24.26976720119087,99.99,16.66648922278398,9.0,-87.0347667700624,-0.06222991340825672,1447.0833333333333,1.0,80.0,-3.0,2.0,150.0,100.0,-3.0,1.0115217,1.82101,-3.0,-3.0
2024-05-10 20:30:00,-13.22,7.86,-20.75,712.7,999.99,99.99,1006,-19.744904,25.828482340238267,99.99,17.811147396317796,9.0,-87.29405807593014,-0.0444499381487546,1412.3333333333333,1.0,85.0,-3.0,2.0,150.0,100.0,-3.0,1.7102584,1.1009736,-3.0,-3.0
2024-05-10 20:35:00,-12.93,8.26,-23.53,712.7,999.99,99.99,1001,-80.81417,28.0904503345888,99.99,19.455013856293142,9.0,-87.47926615154995,-0.03174995582053839,1341.5833333333333,1.0,90.0,-3.0,2.0,150.0,100.0,-3.0,-3.0,1.6155298,-3.0,-3.0
2024-05-10 20:40:00,-15.62,2.77,-28.09,696.4,51.53,49.98,1066,0.2682663,32.25996590202785,49.98,22.41161952243349,9.0,-87.61155763413552,-0.022678539871813543,1194.5833333333333,1.0,95.0,-0.5714339,2.0,150.0,100.0,-3.0,-3.0,-3.0,1.6156675,-3.0
2024-05-10 20:45:00,-13.12,5.32,-29.65,705.4,45.42,45.16,1008,13.01709,32.85664772918869,45.16,22.994925613022914,9.0,-87.70605155026809,-0.016198957051295794,983.5833333333334,1.0,100.0,1.1145139,2.0,150.0,100.0,-3.0,-3.0,1.652831,-3.0,-3.0
2024-05-10 20:50:00,-14.72,-1.99,-28.85,705.3,46.14,45.87,1043,-62.3338,32.449360548399106,45.87,22.85940784358505,9.0,-87.77354720464848,-0.011570683608067612,871.4166666666666,1.0,105.0,-3.0,2.0,150.0,100.0,-3.0,0.33594114,0.8953228,1.3458972,-3.0
2024-05-10 20:55:00,-14.21,-0.06,-27.95,701.9,53.83,53.0,972,-47.498486,31.354907111965744,53.0,22.007983947208103,9.0,-87.82175838634876,-0.008264774005763798,867.4166666666666,1.0,110.0,-3.0,2.0,150.0,100.0,1.8709316,-3.0,1.839759,-3.0,-3.0
2024-05-10 21:00:00,-18.87,-0.68,-33.08,699.7,40.92,40.0,820,17.23223,38.08970595843449,40.0,26.648552710745967,9.0,-87.85619494470612,-0.005903410004117404,881.0,1.0,115.0,1.2363415,2.0,150.0,100.0,-3.0,-3.0,-3.0,-3.0,-3.0
2024-05-10 21:05:00,-18.94,2.47,-33.33,701.3,38.06,37.29,850,-23.869888,38.4150152935021,37.29,26.903613264263168,9.0,-87.88079248638994,-0.0042167214315114165,893.5,1.0,120.0,-3.0,2.0,150.0,100.0,-3.0,-3.0,1.4611845,-3.0,-3.0
2024-05-10 21:10:00,-17.37,15.4,-29.64,692.4,34.4,33.04,840,8.064534,37.64845946383464,33.04,24.599832550882983,9.0,-87.89836215902123,-0.003011943879650403,903.5,1.0,125.0,0.9065793,2.0,150.0,100.0,-3.0,1.528836,1.8649052,1.6172322,-3.0
2024-05-10 21:15:00,-17.59,2.78,-35.07,687.9,36.99,35.04,768,23.907253,39.33244716515869,35.04,27.014485232153874,9.0,-87.91091192518644,-0.0021513884854655885,911.5,1.0,130.0,1.3785297,2.0,150.0,100.0,-3.0,-3.0,1.9323977,-3.0,-3.0
2024-05-10 21:20:00,-17.94,-5.47,-37.23,683.6,37.49,35.06,777,-60.520863,41.68737698632525,35.06,28.346144344861596,9.0,-87.91987604387589,-0.001536706061047255,918.75,1.0,135.0,-3.0,2.0,150.0,100.0,-3.0,-3.0,1.7163008,-0.03351667,-3.0
2024-05-10 21:25:00,-19.44,-5.84,-38.44,689.5,35.87,34.12,968,-36.876648,43.47013687579095,34.12,29.802645421468277,9.0,-87.92627898579691,-0.0010976471864609038,926.5833333333334,1.0,140.0,-3.0,2.0,150.0,100.0,-3.0,-3.0,1.6197015,1.3814478,-3.0
2024-05-10 21:30:00,-19.51,-5.2,-38.25,689.9,37.6,35.79,611,-13.269791,43.25208203081095,35.79,29.70362123450671,9.0,-87.9308525157405,-0.0007840337046147283,893.6666666666666,1.0,145.0,-3.0,2.0,150.0,100.0,-3.0,1.5759095,1.9913595,-3.0,-3.0
2024-05-10 21:35:00,-20.57,-3.6,-37.93,688.0,37.63,35.63,755,48.827984,43.29861198699099,35.63,29.722807405871492,9.0,-87.93411932284306,-0.000560024074725618,873.1666666666666,1.0,150.0,1.6886688,2.0,150.0,100.0,-3.0,-3.0,2.1488833,1.4850738,-3.0
2024-05-10 21:40:00,-22.28,2.15,-37.3,694.7,38.61,37.26,500,43.917274,43.500699994367906,37.26,30.194897558198058,9.0,-87.93645275648775,-0.00040001719623319334,826.0,1.0,155.0,1.6426353,2.0,150.0,100.0,-0.5714339,1.1474211,2.1163805,1.5565047,-3.0
2024-05-10 21:45:00,-25.23,10.45,-36.18,698.2,24.55,23.94,400,62.07715,45.32932604837623,23.94,31.027482365330343,9.0,-87.93811949480539,-0.00028572656873677716,775.3333333333334,1.0,160.0,1.7929318,2.0,150.0,100.0,1.1145139,1.5379328,-3.0,-3.0,-3.0
2024-05-10 21:50:00,-25.47,-3.77,-40.9,686.7,15.14,14.3,665,-84.163994,48.32953341384541,14.3,33.117842069458206,9.0,-87.93931002217512,-0.00020409040623974305,743.8333333333334,1.0,165.0,-3.0,2.0,150.0,100.0,-3.0,1.5728594,-3.0,-3.0,-3.0
2024-05-10 21:55:00,-21.04,-23.82,-37.1,679.4,13.46,12.42,610,-61.80237,48.85165299148024,12.42,30.559318824105564,9.0,-87.94016039886779,-0.00014577886160083153,713.6666666666666,1.0,170.0,-3.0,2.0,150.0,100.0,-3.0,-3.0,2.0074143,-3.0,-3.0
2024-05-10 22:00:00,-14.12,-41.03,-25.77,670.4,14.68,13.2,803,-3.6205032,50.46710017427195,13.2,25.914012875719546,9.0,-87.94076781079113,-0.00010412775828712028,712.25,1.0,175.0,-3.0,2.0,150.0,100.0,1.2363415,-3.0,-3.0,-3.0,-3.0
2024-05-10 22:05:00,-14.51,-43.24,-30.42,673.1,15.7,14.27,635,-12.987577,54.82348128311445,14.27,29.06727894685136,9.0,-87.94120167645066,-7.437697020549195e-05,694.3333333333334,1.0,180.0,-3.0,2.0,150.0,100.0,-3.0,1.3071371,1.6273932,1.0077713,-3.0
2024-05-10 22:10:00,-17.21,-54.74,-37.65,720.0,26.82,27.84,607,46.26615,68.6307088700095,27.84,38.7084173314433,9.0,-87.94151158049318,-5.3126407289028065e-05,674.9166666666666,1.0,185.0,1.6652634,2.0,150.0,100.0,0.9065793,-3.0,-3.0,-3.0,-3.0
2024-05-10 22:15:00,-17.2,-58.33,-33.86,721.0,21.37,22.2,859,-56.889942,69.60408393190733,22.2,37.689480219076074,9.0,-87.94173294052355,-3.794743377625309e-05,682.5,1.0,190.0,-3.0,2.0,150.0,100.0,1.3785297,-3.0,1.4794346,-3.0,-3.0
2024-05-10 22:20:00,-14.53,-59.66,-30.42,747.9,23.25,26.01,1046,31.700836,68.5260016344161,26.01,37.265535466283495,9.0,-87.94189105483095,-2.710530984018078e-05,704.9166666666666,1.0,195.0,1.5010707,2.0,150.0,100.0,-3.0,-3.0,1.8135008,-3.0,-3.0
2024-05-10 22:25:00,-11.64,-63.1,-20.27,760.8,23.32,27.01,835,-0.23701172,67.2902110265676,27.01,33.42592253025603,9.0,-87.94200399362195,-1.9360935601753228e-05,693.8333333333334,1.0,200.0,-3.0,2.0,150.0,100.0,-3.0,-3.0,0.9584568,2.0554278,-3.0
2024-05-10 22:30:00,0.83,-24.1,17.32,773.2,21.62,25.86,567,-78.969475,29.68975075678474,25.86,4.779527595365325,9.0,-87.94208466418696,-1.3829239715335007e-05,690.1666666666666,1.0,0.0,-3.0,2.0,150.0,100.0,-3.0,-3.0,1.8083662,-3.0,-3.0
2024-05-10 22:35:00,15.42,48.74,43.27,759.4,25.27,29.14,1223,-67.78945,66.97504684582162,29.14,8.547240534671424,9.0,-87.9421422860191,-9.878028367893422e-06,729.1666666666666,1.0,5.0,-3.0,2.0,150.0,100.0,1.6886688,-3.0,1.6826342,1.2776549,-3.0
2024-05-10 22:40:00,6.02,60.45,24.82,758.1,26.68,30.67,1488,-47.52811,65.62374036886347,30.67,15.426820387275505,9.0,-87.94218344447064,0.1362620253492878,811.5,1.0,10.0,-3.0,3.0,150.0,100.0,1.6426353,-3.0,1.6019645,-3.0,-3.0
2024-05-10 22:45:00,-3.84,65.55,9.99,763.2,32.52,37.96,1186,-45.960724,66.41798099912403,37.96,21.52653013018822,8.629000000000001,-86.57952203252623,1.0302626203311376,877.0,1.0,15.0,-3.0,3.0,150.0,100.0,1.7929318,-3.0,1.4216688,1.1000923,-3.0
2024-05-10 22:50:00,3.21,68.78,3.05,735.2,21.98,23.66,1905,-6.968688,68.92238388216124,23.66,24.213470329714283,6.267,-77.63955724115927,0.7402614353074298,980.3333333333334,1.0,20.0,-3.0,3.0,150.0,100.0,-3.0,-3.0,2.028621,0.8457696,-3.0
2024-05-10 22:55:00,3.58,67.67,11.26,723.9,27.51,28.83,1716,-6.471776,68.69376172550167,28.83,20.782604128956056,8.616999999999999,-79.17690767945193,-0.4041744341477681,1072.5,1.0,25.0,-3.0,2.0,150.0,100.0,-3.0,1.8709316,1.0954944,-3.0,-3.0
2024-05-10 23:00:00,3.22,68.09,14.22,739.8,39.94,43.72,1482,-4.694533,69.63350414850599,43.72,20.491822358255572,9.0,-81.68130158263695,0.021901854053920998,1129.0833333333333,1.0,30.0,-3.0,3.0,150.0,100.0,-3.0,-3.0,1.2947899,-3.0,-3.0
2024-05-10 23:05:00,1.94,68.68,7.39,752.2,35.02,39.62,1692,10.410939,69.1036764579136,39.62,23.209417803690002,7.739,-78.95788913891272,0.4561907080645085,1217.1666666666667,1.0,35.0,1.0174899,3.0,150.0,100.0,-3.0,-3.0,-3.0,-3.0,-3.0
2024-05-10 23:10:00,1.94,68.68,7.39,755.3,34.93,39.85,1316,73.595276,69.1036764579136,39.85,23.305069485678086,7.769999999999999,-77.11939450199186,0.3151705091864329,1276.25,1.0,40.0,1.8668499,3.0,150.0,100.0,1.6652634,-3.0,1.5811474,1.7462642,-3.0
2024-05-10 23:15:00,1.94,68.68,7.39,755.3,999.99,99.99,1772,-15.934357,69.1036764579136,99.99,23.305069485678086,7.769999999999999,-75.80618404704839,0.2251217922760233,1352.3333333333333,1.0,45.0,-3.0,3.0,150.0,100.0,-3.0,-3.0,-3.0,-3.0,-3.0
2024-05-10 23:20:00,1.94,68.68,7.39,755.3,999.99,99.99,1559,27.890697,69.1036764579136,99.99,23.305069485678086,7.769999999999999,-74.86817657923163,0.16080128019715828,1395.0833333333333,1.0,50.0,1.4454594,3.0,150.0,100.0,1.5010707,-3.0,-3.0,1.6537876,-3.0
2024-05-10 23:25:00,1.94,68.68,7.39,755.3,999.99,99.99,1330,-67.15623,69.1036764579136,99.99,23.305069485678086,7.769999999999999,-74.19817124507681,0.11485805728368348,1436.3333333333333,1.0,55.0,-3.0,3.0,150.0,100.0,-3.0,-3.0,1.0115217,-3.0,-3.0
2024-05-10 23:30:00,1.94,68.68,7.39,755.3,999.99,99.99,1030,-33.94375,69.1036764579136,99.99,23.305069485678086,7.769999999999999,-73.7195960063948,0.08204146948834534,1474.9166666666667,1.0,60.0,-3.0,3.0,150.0,100.0,-3.0,-3.0,1.7102584,1.6415348,-3.0
2024-05-10 23:35:00,1.94,68.68,7.39,755.3,999.99,99.99,1002,98.79237,69.1036764579136,99.99,23.305069485678086,7.769999999999999,-73.37775655019335,0.834622774581247,1456.5,1.0,65.0,1.9947234,3.0,150.0,100.0,-3.0,-3.0,-3.0,1.2267566,-3.0
2024-05-10 23:40:00,1.29,68.57,-0.23,724.5,35.99,37.78,1061,-10.378308,68.58251890970467,37.78,24.92734971763937,5.314,-65.37336826058232,0.5750814173358023,1420.9166666666667,1.0,0.0,-3.0,3.0,150.0,100.0,-3.0,-0.5714339,-3.0,-3.0,-3.0
2024-05-10 23:45:00,-5.83,67.15,-8.41,730.8,33.47,35.75,1198,-49.839024,67.92524935544957,35.75,27.904282067973366,7.8309999999999995,-67.62694237683533,-0.38632699135765874,1421.9166666666667,1.0,5.0,-3.0,2.0,150.0,100.0,-3.0,1.1145139,-3.0,-3.0,-3.0
2024-05-10 23:50:00,-5.83,67.15,-8.41,730.8,999.99,99.99,1351,6.2781997,67.92524935544957,99.99,27.904282067973366,7.8309999999999995,-69.23663817415891,-0.2759478509697558,1375.75,1.0,10.0,0.7978351,2.0,150.0,100.0,-3.0,-3.0,0.33594114,-3.0,-3.0
2024-05-10 23:55:00,-5.83,67.15,-8.41,730.8,999.99,99.99,861,-40.22465,67.92524935544957,99.99,27.904282067973366,7.8309999999999995,-70.38642088653289,-0.6165744270678715,1304.5,1.0,15.0,-3.0,2.0,150.0,100.0,-3.0,-3.0,-3.0,-3.0,-3.0
2024-05-11 00:00:00,-16.59,60.2,-31.48,739.8,9.0,9.85,622,47.00996,69.9303832393331,9.85,37.853894779082566,9.0,-75.40238244483763,-0.8598791242808133,1232.8333333333333,1.0,20.0,1.6721898,2.0,150.0,100.0,-3.0,1.2363415,-3.0,-3.0,-3.0
2024-05-11 00:05:00,-16.84,58.69,-33.5,744.6,6.65,7.37,465,-5.1312227,69.64446639898965,7.37,38.782095547238036,9.0,-78.98521212934102,-0.6141993744862958,1130.5833333333333,1.0,25.0,-3.0,2.0,150.0,100.0,1.0174899,-3.0,-3.0,-3.0,-3.0
2024-05-11 00:10:00,-16.93,56.06,-34.6,731.9,8.08,8.64,306,-37.87638,68.01844235205625,8.64,37.96465694020733,9.0,-81.54437618970059,-0.4387138389187825,1046.4166666666667,1.0,30.0,-3.0,2.0,150.0,100.0,1.8668499,0.9065793,1.528836,1.290615,-3.0
2024-05-11 00:15:00,-14.62,48.85,-37.74,719.0,11.79,12.27,675,39.06542,63.437957880120955,12.27,36.74879691147357,9.0,-83.37235051852885,-0.31336702779912995,955.0,1.0,35.0,1.5917925,2.0,150.0,100.0,-3.0,1.3785297,-3.0,-3.0,1.3193544
2024-05-11 00:20:00,-5.78,36.68,-29.84,763.5,23.34,27.47,930,-27.108377,47.636712732933205,27.47,29.661525735177044,9.0,-84.67804646769189,-0.22383359128509142,902.5833333333334,1.0,40.0,-3.0,2.0,150.0,100.0,1.4454594,-3.0,-3.0,1.1697135,-0.52533096
2024-05-11 00:25:00,-7.17,30.79,-36.41,775.4,25.7,30.61,942,-18.55309,48.21950953711578,30.61,32.96955283447958,9.0,-85.61068643137976,-0.15988113663220674,870.25,1.0,45.0,-3.0,2.0,150.0,100.0,-3.0,-3.0,-3.0,-3.0,1.7673738
2024-05-11 00:30:00,-18.46,20.89,-42.44,756.0,27.88,31.87,1162,26.865784,50.77713363316208,31.87,36.414400932906126,9.0,-86.27685783401395,-0.11420081188014848,881.25,1.0,50.0,1.4291995,2.0,150.0,100.0,-3.0,-3.0,1.5759095,1.2672901,1.8199944
2024-05-11 00:35:00,-23.8,19.57,-42.08,772.5,27.05,32.28,1162,-19.345875,52.15506974398558,32.28,38.41104531061082,9.0,-86.75269455018125,-0.08157200848582277,894.5833333333334,1.0,55.0,-3.0,2.0,150.0,100.0,1.9947234,1.6886688,-3.0,0.96943486,-3.0
2024-05-11 00:40:00,-26.52,12.68,-44.3,744.5,24.61,27.28,1368,-12.957056,53.165616708545755,27.28,38.81773053407121,9.0,-87.09257791887218,-0.05826572034701627,920.1666666666666,1.0,60.0,-3.0,2.0,150.0,100.0,-3.0,1.6426353,1.1474211,-3.0,-3.0
2024-05-11 00:45:00,-25.51,15.75,-41.22,760.0,25.58,29.41,971,14.972771,50.96970668936599,29.41,37.46121068472771,9.0,-87.33535175365141,-0.04161837167643938,901.25,1.0,65.0,1.1753021,2.0,150.0,100.0,-3.0,1.7929318,1.5379328,1.3707205,1.5223643
2024-05-11 00:50:00,-28.57,16.51,-37.6,755.5,27.25,31.08,873,9.769929,50.02584332122748,31.08,36.19997326835217,9.0,-87.50876163563657,-0.029727408340315266,861.4166666666666,1.0,70.0,0.9898914,2.0,150.0,100.0,0.7978351,-3.0,1.5728594,0.36358616,-3.0
2024-05-11 00:55:00,-32.66,27.21,-26.59,781.3,26.49,32.34,1012,-29.45455,50.14068009111963,32.34,33.277356552659114,9.0,-87.63262583705456,-0.021233863100225393,874.0,1.0,75.0,-3.0,2.0,150.0,100.0,-3.0,-3.0,-3.0,-3.0,1.2655044
2024-05-11 01:00:00,-30.48,29.61,-25.95,726.9,28.96,30.6,1032,-3.334929,49.791414922655086,30.6,30.02417797849534,9.0,-87.72110026663883,-0.015167045071588347,908.1666666666666,1.0,80.0,-3.0,2.0,150.0,100.0,1.6721898,-3.0,-3.0,1.6218729,1.6154479
2024-05-11 01:05:00,-32.34,12.76,-36.47,751.9,26.26,29.69,866,-5.6484137,50.38605064896434,29.69,36.822488565010545,9.0,-87.78429628777045,-0.010833603622563715,941.5833333333334,1.0,85.0,-3.0,2.0,150.0,100.0,-3.0,-3.0,1.3071371,1.6164079,1.6067815
2024-05-11 01:10:00,-26.72,11.24,-39.79,749.2,28.43,31.94,647,5.043226,49.229463738700225,31.94,36.188231979356544,9.0,-87.82943630286447,-0.00773828830183163,970.0,1.0,90.0,0.7027084,2.0,150.0,100.0,-3.0,1.6652634,-3.0,-3.0,-3.0
2024-05-11 01:15:00,-21.84,-4.79,-39.54,744.7,29.46,32.68,916,25.303684,45.424016775269884,32.68,33.7045054615967,9.0,-87.86167917078876,-0.005527348787020969,990.0833333333334,1.0,95.0,1.4031838,2.0,150.0,100.0,1.5917925,-3.0,-3.0,1.932898,1.1043041
2024-05-11 01:20:00,-21.75,-16.14,-40.03,738.5,21.58,23.54,933,6.853949,48.33180112513913,23.54,34.39827999687268,9.0,-87.88470979073468,-0.0039481062764423315,990.3333333333334,1.0,100.0,0.8359409,2.0,150.0,100.0,-3.0,1.5010707,-3.0,1.5389174,-3.0
2024-05-11 01:25:00,-20.3,-13.59,-35.47,735.6,29.36,31.84,879,18.804708,43.068538401018436,31.84,30.6326672593152,9.0,-87.90116023355318,-0.0028200759117453346,985.0833333333334,1.0,105.0,1.2742666,2.0,150.0,100.0,-3.0,-3.0,-3.0,-3.0,1.3230054
2024-05-11 01:30:00,-22.75,-24.02,-26.24,732.4,32.97,35.37,1057,-68.03102,42.226301045675314,35.37,26.8693006336675,9.0,-87.91291054985213,-0.002014339936961562,976.3333333333334,1.0,110.0,-3.0,2.0,150.0,100.0,1.4291995,-3.0,-3.0,-3.0,1.2600646
2024-05-11 01:35:00,-23.29,-32.49,-16.66,733.0,29.13,31.32,1092,-33.458534,43.30796462545891,31.32,23.11466572863618,9.0,-87.9213036329228,0.15080049245320168,970.5,1.0,115.0,-3.0,3.0,150.0,100.0,-3.0,-3.0,-3.0,1.9935153,-3.0
2024-05-11 01:40:00,-21.02,-21.7,-11.14,724.3,33.89,35.66,909,-101.0054,32.199844720122485,35.66,16.986825593508403,8.584999999999999,-86.40490562532011,0.10771463746657303,932.25,1.0,120.0,-3.0,3.0,150.0,100.0,-3.0,-3.0,-3.0,-3.0,2.0215628
2024-05-11 01:45:00,-10.99,6.53,-16.4,761.5,42.76,49.48,881,20.855412,20.793773106389324,49.48,15.272822420970526,9.0,-86.84415725825707,-0.07530027993205124,924.75,1.0,125.0,1.3192188,2.0,150.0,100.0,1.1753021,-3.0,-3.0,1.9107554,-3.0
2024-05-11 01:50:00,5.88,16.76,-29.91,727.6,44.17,46.77,964,-16.302294,34.78620559934642,46.77,23.695341688428936,9.0,-87.15790842464062,-0.053785914237180064,932.3333333333334,1.0,130.0,-3.0,2.0,150.0,100.0,0.9898914,-3.0,-3.0,1.5943569,-3.0
2024-05-11 01:55:00,6.05,16.19,-30.16,749.8,37.66,42.34,940,-26.373951,34.76124566237522,42.34,24.51421897985054,9.0,-87.38201640062887,-0.03841851016941291,926.3333333333334,1.0,135.0,-3.0,2.0,150.0,100.0,-3.0,-3.0,1.8709316,1.7337322,1.6273099
2024-05-11 02:00:00,4.8,15.69,-31.07,749.8,999.99,99.99,835,53.9115,35.136320239888526,99.99,24.930986615866306,9.0,-87.54209352633475,-0.02744179297815208,909.9166666666666,1.0,140.0,1.7316815,2.0,150.0,100.0,-3.0,-3.0,-3.0,-3.0,0.96138203
2024-05-11 02:05:00,4.75,15.31,-31.23,749.8,999.99,99.99,876,-20.31216,35.10372487358001,99.99,24.977194230639626,9.0,-87.65643433041039,-0.019601280698680057,910.75,1.0,145.0,-3.0,2.0,150.0,100.0,-3.0,1.0174899,-3.0,0.9217686,-3.0
2024-05-11 02:10:00,3.1,13.85,-30.14,744.5,38.91,43.13,1063,81.98558,33.31444281389079,43.13,23.669808342614143,9.0,-87.73810633332155,-0.014000914784772079,945.4166666666666,1.0,150.0,1.9137374,2.0,150.0,100.0,0.7027084,1.8668499,-3.0,1.5958925,-3.0
2024-05-11 02:15:00,-1.89,8.01,-27.19,737.8,40.78,44.39,1134,143.54643,28.40824352190751,44.39,20.532464452916514,9.0,-87.79644347825811,-0.01000065341769556,963.5833333333334,1.0,155.0,2.1569924,2.0,150.0,100.0,1.4031838,-3.0,-3.0,0.98592454,1.7082341
2024-05-11 02:20:00,-3.36,4.61,-31.78,734.7,38.72,41.8,1082,78.60011,32.28792498752436,41.8,23.599082720712282,9.0,-87.83811286749851,-0.007143323869780715,976.0,1.0,160.0,1.8954232,2.0,150.0,100.0,0.8359409,1.4454594,-3.0,-3.0,1.8459593
2024-05-11 02:25:00,0.01,11.61,-31.25,734.7,38.72,41.8,1003,115.708206,33.33698696643114,41.8,23.726030178591227,9.0,-87.86787671695592,-0.005102374192699699,986.3333333333334,1.0,165.0,2.0633643,2.0,150.0,100.0,1.2742666,-3.0,-3.0,1.82101,0.9758837
2024-05-11 02:30:00,1.91,14.82,-30.27,730.1,33.88,36.12,993,5.2364564,33.7572718091969,36.12,23.390885670811915,9.0,-87.8891366094255,-0.0036445529947854993,981.0,1.0,170.0,0.7190375,2.0,150.0,100.0,-3.0,-3.0,-3.0,1.1009736,1.6494672
2024-05-11 02:35:00,-1.18,7.29,-32.33,730.1,33.88,36.12,1096,60.054005,33.162710986890076,36.12,23.915592476272117,9.0,-87.90432224690377,-0.0026032521391329056,981.3333333333334,1.0,175.0,1.7785419,2.0,150.0,100.0,-3.0,1.9947234,-3.0,1.6155298,0.52087957
2024-05-11 02:40:00,2.49,5.81,-26.92,720.8,41.5,43.1,1157,19.76654,27.652171704949325,43.1,19.70738569111718,9.0,-87.91516913081684,-0.0018594658136677823,1002.0,1.0,180.0,1.2959306,2.0,150.0,100.0,-3.0,-3.0,-0.5714339,-3.0,1.3154521
2024-05-11 02:45:00,2.1,1.72,-28.09,731.9,40.37,43.22,1160,53.990173,28.2208522195911,43.22,20.63553556822617,9.0,-87.92291690504045,-0.0013281898669049498,1025.25,1.0,185.0,1.7323147,2.0,150.0,100.0,1.3192188,-3.0,1.1145139,1.652831,-3.0
2024-05-11 02:50:00,-12.78,-11.64,-14.72,762.5,31.26,36.04,1006,102.478966,22.704545800345798,36.04,15.445885468995996,9.0,-87.92845102948588,-0.0009487070477874227,1028.75,1.0,190.0,2.0106347,2.0,150.0,100.0,-3.0,0.7978351,-3.0,0.8953228,-3.0
2024-05-11 02:55:00,-12.22,-8.81,-19.97,761.3,36.0,41.47,759,81.38512,25.01490355767937,41.47,18.233747316030232,9.0,-87.93240397551833,-0.0006776478912769335,1013.6666666666666,1.0,195.0,1.910545,2.0,150.0,100.0,-3.0,-3.0,-3.0,1.839759,-3.0
2024-05-11 03:00:00,-13.05,-10.83,-20.15,754.7,34.44,39.12,711,23.559717,26.336550647341802,39.12,18.691929252115028,9.0,-87.93522750839865,-0.00048403420805556154,1003.3333333333334,1.0,200.0,1.3721701,2.0,150.0,100.0,1.7316815,1.6721898,1.2363415,-3.0,1.0842658
2024-05-11 03:05:00,-9.4,-5.36,-27.5,754.4,23.77,27.02,980,19.1237,29.552319705904644,27.02,22.08838065059856,9.0,-87.93724431759888,-0.0003457387200413109,1012.0,1.0,205.0,1.2815719,2.0,150.0,100.0,-3.0,-3.0,-3.0,1.4611845,-3.0
2024-05-11 03:10:00,-14.33,-12.55,-27.78,729.8,15.96,17.04,1045,-162.91853,33.683524162415075,17.04,23.49224717036545,9.0,-87.93868489559907,-0.00024695622860093636,1010.5,1.0,210.0,-3.0,2.0,150.0,100.0,1.9137374,-3.0,0.9065793,1.8649052,1.7794555
2024-05-11 03:15:00,-20.78,-9.28,-22.51,758.0,18.57,22.07,722,-21.112526,32.00979381376894,22.07,23.347678462293622,9.0,-87.93971387988489,-0.00017639730614291694,976.1666666666666,1.0,215.0,-3.0,2.0,150.0,100.0,2.1569924,1.5917925,1.3785297,1.9323977,0.99629617
2024-05-11 03:20:00,-22.87,-2.43,-17.63,790.9,33.53,41.95,606,-34.21521,28.978590372894264,41.95,22.811839392816157,9.0,-87.9404488686605,-0.00012599807581779033,936.5,1.0,220.0,-3.0,2.0,150.0,100.0,1.8954232,-3.0,-3.0,1.7163008,-3.0
2024-05-11 03:25:00,-18.65,-6.96,-23.26,758.9,23.71,29.01,507,29.206137,30.615220071069228,29.01,22.746328408880416,9.0,-87.94097386064307,-8.999862558312088e-05,895.1666666666666,1.0,225.0,1.4654741,2.0,150.0,100.0,2.0633643,-3.0,-3.0,1.6197015,-3.0
2024-05-11 03:30:00,-13.1,-20.99,-31.37,704.7,5.86,5.81,492,31.043097,39.95331025084154,5.81,25.777563478177104,9.0,-87.94134885491633,-6.428473255795097e-05,853.4166666666666,1.0,230.0,1.491965,2.0,150.0,100.0,0.7190375,1.4291995,-3.0,1.9913595,1.3156716
2024-05-11 03:35:00,-16.61,-22.16,-28.31,705.8,7.0,6.99,669,-60.461052,39.603204415804534,6.99,24.981297391434516,9.0,-87.94161670796865,-4.5917666113837186e-05,817.8333333333334,1.0,235.0,-3.0,2.0,150.0,100.0,1.7785419,-3.0,1.6886688,2.1488833,-3.0
2024-05-11 03:40:00,-15.62,-21.28,-29.82,710.9,7.08,7.16,720,-21.039837,39.82530853615575,7.16,25.67869448735226,9.0,-87.94180803157747,-3.279833293987622e-05,781.4166666666666,1.0,240.0,-3.0,2.0,150.0,100.0,1.2959306,-3.0,1.6426353,2.1163805,1.3911096
2024-05-11 03:45:00,-14.13,-23.21,-29.07,715.7,7.0,7.17,802,21.43047,39.79228442801443,7.17,25.367566746655815,9.0,-87.94194469129805,-2.3427380669716057e-05,751.5833333333334,1.0,245.0,1.3310317,2.0,150.0,100.0,1.7323147,1.1753021,1.7929318,-3.0,-3.0
2024-05-11 03:50:00,-12.75,-21.6,-31.56,700.5,6.0,5.9,666,51.028297,40.31322487720376,5.9,25.771716922464023,9.0,-87.94204230538416,-1.6733843334293397e-05,723.25,1.0,250.0,1.7078111,2.0,150.0,100.0,2.0106347,0.9898914,-3.0,-3.0,-3.0
2024-05-11 03:55:00,-12.62,-21.8,-31.65,695.2,6.35,6.14,682,-64.51372,40.4503016057977,6.14,25.640043631314125,9.0,-87.94211202973139,-1.1952745239796059e-05,716.8333333333334,1.0,255.0,-3.0,2.0,150.0,100.0,1.910545,-3.0,-3.0,2.0074143,1.3689742
2024-05-11 04:00:00,-13.76,-22.59,-30.4,692.9,6.28,6.03,718,69.58699,40.29647255033621,6.03,25.166328835809637,9.0,-87.94216183283656,-8.537675171282899e-06,717.4166666666666,1.0,260.0,1.8425281,2.0,150.0,100.0,1.3721701,-3.0,-3.0,-3.0,-3.0
2024-05-11 04:05:00,-16.07,-25.59,-25.54,705.5,8.47,8.47,541,-27.475143,39.564941551833485,8.47,23.815636983693754,9.0,-87.9421974064831,-6.098339407856201e-06,680.8333333333334,1.0,265.0,-3.0,2.0,150.0,100.0,1.2815719,-3.0,-3.0,1.6273932,-3.0
2024-05-11 04:10:00,-18.18,-28.32,-21.35,706.1,8.32,8.31,587,56.29057,39.85420053143709,8.31,22.540744711508765,9.0,-87.94222281623064,-4.3559567203033115e-06,642.6666666666666,1.0,270.0,1.7504356,2.0,150.0,100.0,-3.0,0.7027084,1.6652634,-3.0,-3.0
2024-05-11 04:15:00,-18.18,-29.59,-19.16,701.3,7.22,7.1,646,-52.64791,39.66341009040952,7.1,21.46726192950997,9.0,-87.9422409660503,-3.1113976575625203e-06,636.3333333333334,1.0,275.0,-3.0,2.0,150.0,100.0,-3.0,1.4031838,-3.0,1.4794346,-3.0
2024-05-11 04:20:00,-17.46,-31.06,-15.92,697.7,8.61,8.44,671,31.366802,39.025909342384324,8.44,19.824035074938234,9.0,-87.94225393020722,1.1479349671493693,641.75,1.0,280.0,1.4964702,3.0,150.0,100.0,-3.0,0.8359409,1.5010707,1.8135008,-3.0
2024-05-11 04:25:00,-15.15,-34.91,-1.52,709.6,17.99,18.13,620,67.904686,38.08596854485914,18.13,14.100703669505682,5.552,-76.46289129455661,1.5,651.1666666666666,1.0,285.0,1.8318998,3.0,150.0,100.0,1.4654741,1.2742666,-3.0,0.9584568,-3.0
2024-05-11 04:30:00,-16.7,-35.78,-1.02,706.3,12.5,12.46,769,20.701866,39.498592379982355,12.46,14.346416121728597,5.369,-67.73429888506568,1.4442997799971913,674.25,1.0,290.0,1.3160095,3.0,150.0,100.0,1.491965,-3.0,-3.0,1.8083662,-3.0
2024-05-11 04:35:00,-16.56,-34.56,-1.45,711.4,13.84,13.95,864,-36.49987,38.35009387211458,13.95,14.212952753606753,5.5489999999999995,-62.0198934945847,-0.13698704203856096,690.5,1.0,295.0,-3.0,1.0,150.0,100.0,-3.0,-3.0,-3.0,1.6826342,1.6298344
2024-05-11 04:40:00,-12.91,-30.81,12.88,704.9,24.29,24.14,906,-133.722,35.80249432651306,24.14,7.751605099893221,8.913,-69.1041693054513,-0.9415755064233686,706.0,1.0,0.0,-3.0,2.0,150.0,100.0,-3.0,-3.0,-3.0,1.6019645,-3.0
2024-05-11 04:45:00,-14.24,-31.48,10.51,700.5,25.79,25.33,1277,-40.790085,36.114098355074574,25.33,8.643293166359015,8.158,-71.43564855881839,-0.13243459533634336,745.5833333333334,1.0,5.0,-3.0,2.0,150.0,100.0,1.3310317,1.3192188,-3.0,1.4216688,-3.0
2024-05-11 04:50:00,-14.95,-34.03,7.84,703.1,19.78,19.46,1362,78.06932,37.986958288338904,19.46,10.356218564032108,7.383000000000001,-70.42851525881473,-0.042886082894334265,803.5833333333334,1.0,10.0,1.8924804,2.0,150.0,100.0,1.7078111,-3.0,-3.0,2.028621,0.9350178
2024-05-11 04:55:00,-14.77,-34.93,9.72,709.5,13.08,13.17,1179,61.934765,39.15017496768054,13.17,10.165222078281726,8.011000000000001,-71.86450938776173,-0.09253026444828265,845.0,1.0,15.0,1.7919345,2.0,150.0,100.0,-3.0,-3.0,-3.0,1.0954944,-3.0
2024-05-11 05:00:00,-14.66,-35.24,8.37,705.5,14.0,13.94,1365,9.273787,39.07467338315191,13.94,10.598403035939544,7.565999999999999,-71.35381790329755,0.3178915246857585,898.9166666666666,1.0,20.0,0.9672571,3.0,150.0,100.0,1.8425281,1.7316815,-3.0,1.2947899,-3.0
2024-05-11 05:05:00,-16.69,-34.52,6.33,697.4,15.01,14.61,1725,48.279083,38.862004580309545,14.61,11.107027320879952,6.873,-68.68559414090414,0.35109343836674467,997.5833333333334,1.0,25.0,1.683759,3.0,150.0,100.0,-3.0,-3.0,1.0174899,-3.0,-3.0
2024-05-11 05:10:00,-14.34,-33.15,7.19,704.0,34.8,34.53,1242,36.856716,36.82735667951204,34.53,10.21548467430174,7.197,-67.8428835196301,-0.21929176408822998,1052.1666666666667,1.0,30.0,1.5665166,2.0,150.0,100.0,1.7504356,1.9137374,1.8668499,1.5811474,-3.0
2024-05-11 05:15:00,-12.19,-34.63,10.67,705.4,30.84,30.7,1023,-66.045456,38.231948681698135,30.7,9.513866602190722,8.255,-70.87851178178644,-0.002897922233510997,1083.5833333333333,1.0,35.0,-3.0,2.0,150.0,100.0,-3.0,2.1569924,-3.0,-3.0,-3.0
2024-05-11 05:20:00,-14.56,-34.89,5.85,697.1,25.59,24.88,705,106.15664,38.25608709734962,24.88,11.129202432577125,6.726,-67.87186274196522,0.734075923665278,1086.4166666666667,1.0,40.0,2.025947,3.0,150.0,100.0,1.4964702,1.8954232,1.4454594,-3.0,-3.0
2024-05-11 05:25:00,-15.11,-35.74,3.18,707.2,23.83,23.86,587,125.73295,38.93291794869735,23.86,12.546596555024612,6.026000000000001,-63.537752545133664,0.9318162347253569,1083.6666666666667,1.0,45.0,2.0994492,3.0,150.0,100.0,1.8318998,2.0633643,-3.0,1.0115217,-3.0
2024-05-11 05:30:00,-14.05,-37.21,-1.28,700.3,23.88,23.43,589,111.642105,39.79478609064258,23.43,14.413186582628688,5.3870000000000005,-58.55370039471165,0.0011501520816736388,1068.6666666666667,1.0,0.0,2.047828,3.0,150.0,100.0,1.3160095,0.7190375,-3.0,1.7102584,-3.0
2024-05-11 05:35:00,-15.71,-35.3,-10.62,686.6,22.51,21.21,572,49.541588,40.07091838228817,21.21,17.719472989402856,8.052,-63.52625102431693,-0.48695624655958414,1044.3333333333333,1.0,5.0,1.6949699,2.0,150.0,100.0,-3.0,1.7785419,1.9947234,-3.0,-3.0
2024-05-11 05:40:00,-18.89,-34.29,-6.95,688.9,20.83,19.77,656,-94.03227,39.76101985613548,19.77,16.416246928297323,6.973999999999999,-63.42326286030749,0.6051170748022259,1023.5,1.0,10.0,-3.0,3.0,150.0,100.0,-3.0,1.2959306,-3.0,-3.0,1.7593166
2024-05-11 05:45:00,-17.36,-30.34,-0.13,699.5,33.06,32.5,693,58.20817,34.95571627073318,32.5,12.278145893575937,5.034,-57.47508027629467,0.03223687928836085,974.8333333333334,1.0,15.0,1.764984,3.0,150.0,100.0,-3.0,1.7323147,-3.0,-3.0,-3.0
2024-05-11 05:50:00,-20.37,-24.73,10.31,705.7,32.63,32.5,759,67.55172,33.65718199730928,32.5,7.306065692371457,8.15,-63.10089406742388,-0.8238630050245312,924.5833333333334,1.0,0.0,1.8296365,2.0,150.0,100.0,1.8924804,2.0106347,0.7978351,0.33594114,1.6874889
2024-05-11 05:55:00,-26.52,-27.65,8.77,711.6,28.34,28.69,832,69.12849,39.303254318185914,28.69,9.75620808505692,7.747,-65.71371032653998,0.07169527498044062,895.6666666666666,1.0,5.0,1.8396571,3.0,150.0,100.0,1.7919345,1.910545,-3.0,-3.0,-3.0
2024-05-11 06:00:00,-24.07,-26.65,-3.6,707.3,31.27,31.23,893,-8.194667,36.090821547867264,31.23,14.472152777211473,6.153,-62.383941317619474,-0.00556022745286242,856.3333333333334,1.0,0.0,-3.0,2.0,150.0,100.0,0.9672571,1.3721701,1.6721898,-3.0,-3.0
2024-05-11 06:05:00,-20.01,-13.23,-10.29,682.4,37.92,35.32,816,-13.726764,26.10205164350113,35.32,14.373787416285737,7.911,-65.7693126010686,-0.9720506637600806,780.5833333333334,1.0,5.0,-3.0,2.0,150.0,100.0,1.683759,1.2815719,-3.0,-3.0,-3.0
2024-05-11 06:10:00,-18.54,-2.12,-30.11,675.9,40.52,37.03,673,-37.751343,35.42369404791093,37.03,23.913311333648306,9.0,-72.10444795522028,-1.0860232035688582,733.1666666666666,1.0,10.0,-3.0,2.0,150.0,100.0,1.5665166,-3.0,-3.0,1.528836,1.7297705
2024-05-11 06:15:00,-13.1,2.67,-35.15,687.4,37.1,35.04,568,-54.382946,37.60666696212255,35.04,25.81369399357274,9.0,-76.62954463675719,-0.7757308596920438,695.25,1.0,15.0,-3.0,2.0,150.0,100.0,-3.0,-3.0,1.5917925,-3.0,1.7335093
2024-05-11 06:20:00,-21.4,3.8,-26.58,684.1,38.51,36.03,702,-30.486805,34.33506079796568,36.03,23.37040382988163,9.0,-79.86175655214072,-0.5540934712086028,695.0,1.0,20.0,-3.0,2.0,150.0,100.0,2.025947,-3.0,-3.0,-3.0,-3.0
2024-05-11 06:25:00,-25.66,-3.56,-19.53,662.8,39.66,34.81,765,108.07882,32.44272029284844,34.81,21.32874445063024,9.0,-82.17047934884322,-0.3957810508632861,709.8333333333334,1.0,25.0,2.0337405,2.0,150.0,100.0,2.0994492,1.4654741,-3.0,-3.0,-3.0
2024-05-11 06:30:00,-23.3,1.13,-31.56,679.4,42.95,39.7,581,87.260414,39.245388264100534,39.7,26.65477950211444,9.0,-83.81956706077358,-0.2827007506166339,709.1666666666666,1.0,30.0,1.9408172,2.0,150.0,100.0,2.047828,1.491965,1.4291995,1.5759095,-3.0
2024-05-11 06:35:00,-23.53,6.46,-37.88,677.1,38.18,35.01,554,-60.666405,45.05870504131249,35.01,30.292145325032124,9.0,-84.99748685500956,-0.20192910758330954,707.6666666666666,1.0,35.0,-3.0,2.0,150.0,100.0,1.6949699,-3.0,-3.0,-3.0,-3.0
2024-05-11 06:40:00,-19.91,11.31,-37.11,687.2,29.79,28.14,553,-82.71258,43.605920469587616,28.14,29.315148667020328,9.0,-85.83885813660667,-0.14423507684522008,699.0833333333334,1.0,40.0,-3.0,2.0,150.0,100.0,-3.0,-3.0,-3.0,1.1474211,1.290256
2024-05-11 06:45:00,-19.03,13.66,-37.67,687.2,999.99,99.99,737,-81.18965,44.35950180062891,99.99,29.570844296572226,9.0,-86.43983762346176,-0.10302505488944291,702.75,1.0,45.0,-3.0,2.0,150.0,100.0,1.764984,1.3310317,1.1753021,1.5379328,-3.0
2024-05-11 06:50:00,-17.68,17.06,-36.77,694.2,29.17,28.11,1389,-28.81018,44.22283233805813,28.11,29.273805738553072,9.0,-86.8691086855011,-0.07358932492103065,755.25,1.0,50.0,-3.0,2.0,150.0,100.0,1.8296365,1.7078111,0.9898914,1.5728594,-3.0
2024-05-11 06:55:00,-16.27,18.52,-34.12,694.4,32.39,31.22,2138,-77.75429,42.09367767254365,31.22,27.45966255375505,9.0,-87.17573087267206,-0.0525638035150223,864.0833333333334,1.0,55.0,-3.0,2.0,150.0,100.0,1.8396571,-3.0,-3.0,-3.0,0.6927544
2024-05-11 07:00:00,-15.43,20.52,-30.72,692.7,36.43,34.97,1226,69.236374,40.03590513526577,34.97,25.397073533578926,9.0,-87.39474672065133,-0.03754557393930184,891.8333333333334,1.0,60.0,1.8403343,2.0,150.0,100.0,-3.0,1.8425281,-3.0,-3.0,-3.0
2024-05-11 07:05:00,-15.38,20.38,-29.04,684.9,39.0,36.57,1191,-35.58675,38.667950553397574,36.57,24.080851407506657,9.0,-87.55118661206508,-0.026818267099501726,923.0833333333334,1.0,65.0,-3.0,2.0,150.0,100.0,-3.0,-3.0,-3.0,1.3071371,-3.0
2024-05-11 07:10:00,-10.54,24.26,-27.8,689.4,39.05,37.11,1332,-20.113361,38.37289668503018,37.11,23.193111913829117,9.0,-87.66292939164634,-0.019155905071072253,978.0,1.0,70.0,-3.0,2.0,150.0,100.0,-3.0,1.7504356,0.7027084,-3.0,-3.0
2024-05-11 07:15:00,-9.61,29.03,-23.92,690.7,38.43,36.67,1559,-22.943878,38.82343879668569,36.67,21.933778917021833,9.0,-87.7427456627758,-0.013682789336479572,1060.5833333333333,1.0,75.0,-3.0,2.0,150.0,100.0,-3.0,-3.0,1.4031838,-3.0,-3.0
2024-05-11 07:20:00,-7.55,31.82,-18.83,692.9,40.11,38.52,1664,-33.862953,37.73703485967068,38.52,19.732267031230872,9.0,-87.79975728501114,0.29566392391061525,1140.75,1.0,80.0,-3.0,3.0,150.0,100.0,-3.0,1.4964702,0.8359409,-3.0,-3.0
2024-05-11 07:25:00,-4.39,35.25,-10.66,695.9,40.9,39.61,1630,-104.580826,37.087332069050206,39.61,16.639945434294255,8.157,-84.78610642366965,0.2111885170790103,1212.8333333333333,1.0,85.0,-3.0,3.0,150.0,100.0,2.0337405,1.8318998,1.2742666,-3.0,-3.0
2024-05-11 07:30:00,-4.66,35.28,-14.65,697.1,40.23,39.1,1645,3.9717834,38.48397718531701,39.1,18.55770010920214,9.0,-85.68787211422104,1.0855584388856614,1301.5,1.0,90.0,0.59898555,3.0,150.0,100.0,1.9408172,1.3160095,-3.0,-3.0,-3.0
2024-05-11 07:35:00,-1.12,37.69,0.74,700.9,31.25,30.65,1420,-13.267761,37.713897968785986,30.65,12.957388110929108,5.231000000000001,-73.93052203481304,1.5,1373.6666666666667,1.0,0.0,-3.0,3.0,150.0,100.0,-3.0,-3.0,-3.0,-3.0,-3.0
2024-05-11 07:40:00,0.5,34.14,5.79,709.3,27.67,27.79,1723,-109.14282,34.631108847393264,27.79,10.228285198579096,6.83,-70.38684757413795,0.3372898187994238,1471.1666666666667,1.0,5.0,-3.0,3.0,150.0,100.0,-3.0,-3.0,-3.0,-3.0,-3.0
2024-05-11 07:45:00,-2.58,31.56,8.67,704.1,38.53,38.21,1721,6.7535934,32.83076148979794,38.21,8.496327429936152,7.642,-70.5576238468188,-0.5097008265014736,1553.1666666666667,1.0,10.0,0.8295349,2.0,150.0,100.0,-3.0,-3.0,1.3192188,-3.0,1.8170241
2024-05-11 07:50:00,-2.5,31.08,13.17,703.8,35.87,35.5,1536,80.96501,33.84767791149047,35.5,7.263781436113455,8.989,-75.48385583915268,-0.25980221149872734,1565.4166666666667,1.0,15.0,1.9082974,2.0,150.0,100.0,-3.0,1.8924804,-3.0,-3.0,-3.0
2024-05-11 07:55:00,0.84,20.18,-7.81,699.1,32.78,31.97,1535,-96.783455,21.654886284624077,31.97,10.301507211177869,7.334,-73.15564596180607,-0.18965445165943748,1515.1666666666667,1.0,0.0,-3.0,2.0,150.0,100.0,-3.0,1.7919345,-3.0,1.8709316,-3.0
2024-05-11 08:00:00,11.61,-9.0,-15.3,708.8,25.07,25.24,1632,26.603092,21.210424323902622,25.24,13.996111793314544,9.0,-77.38040035574706,-0.16537674701752964,1549.0,1.0,5.0,1.4249321,2.0,150.0,100.0,1.8403343,0.9672571,1.7316815,-3.0,-3.0
2024-05-11 08:05:00,4.2,-3.62,-7.38,720.9,24.4,25.38,1332,131.78761,9.230861281592308,25.38,6.3145066814381785,7.423,-74.80941343198137,-0.11812624786966239,1560.75,1.0,10.0,2.1198745,2.0,150.0,100.0,-3.0,1.683759,-3.0,-3.0,-3.0
2024-05-11 08:10:00,0.04,16.15,-16.9,706.2,24.89,24.82,1064,42.676666,23.37592992802639,24.82,14.221439594087892,9.0,-78.56166283444368,-0.6387903947191347,1538.4166666666667,1.0,15.0,1.6301905,2.0,150.0,100.0,-3.0,1.5665166,1.9137374,-3.0,-3.0
2024-05-11 08:15:00,-2.36,22.02,-12.83,713.9,29.72,30.32,887,-54.831635,25.59411846499113,30.32,13.735083305857184,8.988,-81.19731737917272,0.040525256072069735,1482.4166666666667,1.0,20.0,-3.0,3.0,150.0,100.0,-3.0,-3.0,2.1569924,-3.0,-3.0
2024-05-11 08:20:00,3.7,30.26,-7.73,728.7,31.73,33.78,1079,68.381165,31.45012718575237,33.78,14.294974702324193,7.606000000000001,-78.15641027372298,0.024494251491357488,1433.6666666666667,1.0,25.0,1.8349365,3.0,150.0,100.0,-3.0,2.025947,1.8954232,-3.0,-3.0
2024-05-11 08:25:00,-5.34,26.67,-24.5,715.8,30.24,30.97,1107,-1.5585206,36.6067548411492,30.97,21.964918295147502,9.0,-80.95237486425914,-0.47930821552048286,1390.0833333333333,1.0,30.0,-3.0,2.0,150.0,100.0,-3.0,2.0994492,2.0633643,-3.0,-3.0
2024-05-11 08:30:00,-6.05,23.73,-31.6,711.0,15.38,15.66,910,2.3149476,39.978436687794584,15.66,25.5770206952562,9.0,-82.94949242892781,-0.3423630110860586,1328.8333333333333,1.0,35.0,0.36454117,2.0,150.0,100.0,0.59898555,2.047828,0.7190375,-3.0,-3.0
2024-05-11 08:35:00,-8.49,26.32,-32.18,729.4,7.42,7.89,794,-67.862785,42.430824880032674,7.89,27.45279922599412,9.0,-84.37600497511973,-0.24454500791861306,1276.6666666666667,1.0,40.0,-3.0,2.0,150.0,100.0,-3.0,1.6949699,1.7785419,-3.0,-3.0
2024-05-11 08:40:00,-7.49,24.29,-33.51,725.7,9.62,10.14,702,-29.07104,42.05977056523252,10.14,27.617998954365728,9.0,-85.39494250811394,-0.17467500565615096,1191.5833333333333,1.0,45.0,-3.0,2.0,150.0,100.0,-3.0,-3.0,1.2959306,-0.5714339,1.6156675
2024-05-11 08:45:00,-5.12,21.83,-35.41,715.2,9.2,9.4,555,-28.283695,41.91218677186863,9.4,27.74596758984771,9.0,-86.12275503168124,-0.12476786118296417,1094.4166666666667,1.0,50.0,-3.0,2.0,150.0,100.0,0.8295349,1.764984,1.7323147,1.1145139,-3.0
2024-05-11 08:50:00,-6.73,20.14,-35.41,706.7,10.59,10.57,1124,-53.57082,41.28898884690687,10.57,27.27118685564134,9.0,-86.64262111994358,-0.0891199008449746,1060.0833333333333,1.0,55.0,-3.0,2.0,150.0,100.0,1.9082974,1.8296365,2.0106347,-3.0,1.3458972
2024-05-11 08:55:00,1.46,21.1,-35.33,699.5,11.24,11.0,3077,-40.498287,41.177062789859114,11.0,26.76611977525055,9.0,-87.01395404013098,-0.06365707203212594,1188.5833333333333,1.0,60.0,-3.0,2.0,150.0,100.0,-3.0,1.8396571,1.910545,-3.0,-3.0
2024-05-11 09:00:00,-1.57,18.22,-36.82,702.9,11.75,11.66,3429,33.609497,41.11138163574657,11.66,27.398430508774275,9.0,-87.27919184026484,-0.045469337165803834,1338.3333333333333,1.0,65.0,1.526462,2.0,150.0,100.0,1.4249321,-3.0,1.3721701,1.2363415,-3.0
2024-05-11 09:05:00,-2.76,17.75,-37.1,675.9,6.65,6.07,1795,-2.2467988,41.22002062105258,6.07,26.49645177004508,9.0,-87.46864741178902,-0.03247809797557437,1376.9166666666667,1.0,70.0,-3.0,2.0,150.0,100.0,2.1198745,-3.0,1.2815719,-3.0,-3.0
2024-05-11 09:10:00,-1.5,16.16,-37.74,677.6,5.91,5.43,1045,-7.314575,41.08166501007475,5.43,26.71331181873045,9.0,-87.60397282002059,-0.023198641411124755,1375.3333333333333,1.0,75.0,-3.0,2.0,150.0,100.0,1.6301905,-3.0,-3.0,0.9065793,1.6172322
2024-05-11 09:15:00,-1.82,13.06,-37.1,680.5,16.87,15.97,1076,-58.050896,39.37367140615668,15.97,26.033674029627278,9.0,-87.70063382590027,-0.01657045815080238,1391.0833333333333,1.0,80.0,-3.0,2.0,150.0,100.0,-3.0,-3.0,-3.0,1.3785297,-3.0
2024-05-11 09:20:00,-5.36,13.28,-38.04,673.4,4.97,4.51,1325,61.992687,40.64639713430945,4.51,26.606546217924475,9.0,-87.76967740152861,-0.011836041536287211,1411.5833333333333,1.0,85.0,1.7923405,2.0,150.0,100.0,1.8349365,-3.0,-3.0,-3.0,-0.03351667
2024-05-11 09:25:00,-6.43,13.27,-38.26,685.0,13.04,12.43,1390,109.66914,41.00323645762612,12.43,27.311816812032536,9.0,-87.81899424126314,-0.008454315383063715,1435.1666666666667,1.0,90.0,2.0400844,2.0,150.0,100.0,-3.0,2.0337405,1.4654741,-3.0,1.3814478
2024-05-11 09:30:00,-5.95,8.51,-34.72,700.8,24.42,24.0,1133,148.51196,36.23949502959444,24.0,25.03157577117287,9.0,-87.85422055535925,-0.006038796702188165,1453.75,1.0,95.0,2.1717615,2.0,150.0,100.0,0.36454117,1.9408172,1.491965,-3.0,-3.0
2024-05-11 09:35:00,2.95,7.4,-29.4,698.2,28.06,27.46,1779,91.57128,30.46017892265244,27.46,20.945663105298127,9.0,-87.87938220828502,-0.004313426215847471,1535.8333333333333,1.0,100.0,1.9617593,2.0,150.0,100.0,-3.0,-3.0,-3.0,1.6886688,1.4850738
2024-05-11 09:40:00,-3.62,4.76,-32.09,699.8,41.31,40.66,3171,32.41915,32.64245854711315,40.66,22.71957616214528,9.0,-87.89735481751772,-0.0030810187256051337,1741.5833333333333,1.0,105.0,1.5108017,2.0,150.0,100.0,-3.0,-3.0,-3.0,1.6426353,1.5565047
2024-05-11 09:45:00,-4.95,3.84,-31.52,697.6,21.72,21.14,2584,69.243546,32.13656017684531,21.14,22.33619576989545,9.0,-87.91019239554107,-0.002200727661147539,1910.6666666666667,1.0,110.0,1.8403792,2.0,150.0,100.0,-3.0,-3.0,1.3310317,1.7929318,-3.0
2024-05-11 09:50:00,-4.3,2.25,-33.33,699.4,22.77,22.27,2596,-38.414158,33.68146968289834,22.27,23.530073220762567,9.0,-87.9193620941292,-0.0015719483293921144,2033.3333333333333,1.0,115.0,-3.0,2.0,150.0,100.0,-3.0,-3.0,1.7078111,-3.0,-3.0
2024-05-11 09:55:00,-6.23,7.06,-23.75,699.4,999.99,99.99,2151,116.980515,25.54836589686315,99.99,17.498159844266546,9.0,-87.925911878835,-0.0011228202352796756,1956.1666666666667,1.0,120.0,2.0681136,2.0,150.0,100.0,-3.0,-3.0,-3.0,-3.0,-3.0
2024-05-11 10:00:00,-6.41,7.29,-23.79,699.4,999.99,99.99,1904,53.97003,25.69428535686486,99.99,17.57628407673905,9.0,-87.930590296482,-0.0008020144537709939,1829.0833333333333,1.0,125.0,1.7321527,2.0,150.0,100.0,1.526462,1.8403343,1.8425281,-3.0,-3.0
2024-05-11 10:05:00,-6.28,3.41,-24.51,699.4,999.99,99.99,1584,109.96255,25.53050332445485,99.99,17.770861866294656,9.0,-87.9339320233727,-0.0005728674669796874,1811.5,1.0,130.0,2.0412447,2.0,150.0,100.0,-3.0,-3.0,-3.0,-3.0,1.0077713
2024-05-11 10:10:00,-5.9,3.86,-23.94,699.4,999.99,99.99,1631,22.306767,24.956626374572345,99.99,17.3433864983333,9.0,-87.93631897115179,-0.0004091910478436489,1860.3333333333333,1.0,135.0,1.3484366,2.0,150.0,100.0,-3.0,-3.0,1.7504356,1.6652634,-3.0
2024-05-11 10:15:00,-5.49,4.88,-24.04,699.4,999.99,99.99,1527,-5.022702,25.13714582047851,99.99,17.405217510599773,9.0,-87.93802393385114,-0.0002922793198877116,1897.9166666666667,1.0,140.0,-3.0,2.0,150.0,100.0,-3.0,-3.0,-3.0,-3.0,-3.0
2024-05-11 10:20:00,-6.67,7.5,-21.99,699.4,999.99,99.99,1523,-16.819866,24.172277509576958,99.99,16.45356019371854,9.0,-87.93924176435067,-0.00020877094277693686,1914.4166666666667,1.0,145.0,-3.0,2.0,150.0,100.0,1.7923405,-3.0,1.4964702,1.5010707,-3.0
2024-05-11 10:25:00,-4.53,4.38,-22.94,699.4,999.99,99.99,1449,42.21751,23.78968053589623,99.99,16.490885935943577,9.0,-87.94011164327891,-0.00014912210198332333,1919.3333333333333,1.0,150.0,1.6254926,2.0,150.0,100.0,2.0400844,-3.0,1.8318998,-3.0,2.0554278
2024-05-11 10:30:00,3.42,-0.1,-15.2,681.8,20.07,18.67,1525,114.91759,15.580320920956666,18.67,10.62254786365998,9.0,-87.9407329853705,0.4963563810821768,1952.0,1.0,155.0,2.0603864,3.0,150.0,100.0,2.1717615,0.59898555,1.3160095,-3.0,-3.0
2024-05-11 10:35:00,5.4,5.07,-9.54,674.5,32.71,29.73,1462,86.13975,12.0779344260515,29.73,7.670171033858017,7.606999999999999,-82.97654783245714,0.35454027220155526,1925.5833333333333,1.0,160.0,1.9352036,3.0,150.0,100.0,1.9617593,-3.0,-3.0,-3.0,1.2776549
2024-05-11 10:40:00,7.54,0.09,-13.71,712.7,44.32,45.18,1428,-75.82643,15.646846327615032,45.18,11.15138724266214,9.0,-84.39533026335495,-0.24321984529676682,1780.3333333333333,1.0,165.0,-3.0,2.0,150.0,100.0,1.5108017,-3.0,-3.0,-3.0,-3.0
2024-05-11 10:45:00,1.89,3.23,-15.34,701.8,20.18,19.76,1401,-27.082891,15.78988916997203,19.76,10.962458108109722,9.0,-85.40874628542481,0.01573567839453318,1681.75,1.0,170.0,-3.0,3.0,150.0,100.0,1.8403792,0.8295349,-3.0,-3.0,1.1000923
2024-05-11 10:50:00,3.48,6.95,-10.43,735.3,25.08,27.26,1283,20.70308,13.007605467571654,27.26,8.761902382794995,8.482,-84.23797347940962,1.0498408206822618,1572.3333333333333,1.0,175.0,1.3160349,3.0,150.0,100.0,-3.0,1.9082974,1.8924804,-3.0,0.8457696
2024-05-11 10:55:00,-0.26,10.41,-2.78,708.7,20.25,20.35,1358,115.39201,10.777945073157499,20.35,4.804544592070284,5.921,-74.9103380786022,1.5,1506.25,1.0,180.0,2.0621758,3.0,150.0,100.0,2.0681136,-3.0,1.7919345,-3.0,-3.0
2024-05-11 11:00:00,-0.22,6.51,-0.37,719.7,18.65,19.5,1137,-44.323723,6.524216428047126,19.5,2.4809595438087917,5.308000000000001,-66.45096242589885,1.2439107181534568,1442.3333333333333,1.0,185.0,-3.0,3.0,150.0,100.0,1.7321527,1.4249321,0.9672571,-3.0,-3.0
2024-05-11 11:05:00,-2.94,3.51,-2.39,729.2,17.48,18.61,1157,23.528477,5.164862050432712,18.61,2.9429697577725533,6.009,-62.47123089706763,0.07409566352756514,1406.75,1.0,190.0,1.3715938,3.0,150.0,100.0,2.0412447,2.1198745,1.683759,1.0174899,-3.0
2024-05-11 11:10:00,-2.64,4.68,-8.0,747.6,18.69,20.94,968,70.15492,9.637011985050139,20.94,6.711660954135051,7.876000000000001,-65.7100057906232,-0.35425354636867895,1351.5,1.0,195.0,1.8460581,2.0,150.0,100.0,1.3484366,1.6301905,1.5665166,1.8668499,1.7462642
2024-05-11 11:15:00,2.46,0.47,-5.2,772.6,20.46,24.62,743,-78.263,5.771698190307598,24.62,4.450162193080897,7.286000000000001,-66.01376636075442,-0.46636021209356215,1286.1666666666667,1.0,200.0,-3.0,2.0,150.0,100.0,-3.0,-3.0,-3.0,-3.0,-3.0
2024-05-11 11:20:00,12.28,5.24,7.68,817.5,20.25,27.02,642,-40.071053,15.402545244212074,27.02,1.0951826072718234,8.479,-70.37360791155882,-0.569958183615752,1212.75,1.0,0.0,-3.0,2.0,150.0,100.0,-3.0,1.8349365,2.025947,1.4454594,1.6537876
2024-05-11 11:25:00,8.44,-0.27,6.28,809.5,21.16,27.63,758,60.252037,10.523540278822521,27.63,0.003931202363916301,7.978999999999999,-71.71334819691194,-0.5187051109749916,1155.1666666666667,1.0,5.0,1.7799717,2.0,150.0,100.0,1.6254926,-3.0,2.0994492,-3.0,-3.0
2024-05-11 11:30:00,-14.64,-3.66,-9.23,801.7,18.09,23.36,933,-17.69737,17.68949123067139,23.36,13.682356014469852,8.786000000000001,-75.56065902130874,-0.7384918629908441,1105.8333333333333,1.0,0.0,-3.0,2.0,150.0,100.0,2.0603864,0.36454117,2.047828,-3.0,1.6415348
2024-05-11 11:35:00,-16.97,-2.81,-12.0,806.7,17.3,22.54,791,-4.3188386,20.9732448610128,22.54,16.69630335198331,9.0,-79.09826682682038,-0.6064470523734243,1049.9166666666667,1.0,5.0,-3.0,2.0,150.0,100.0,1.9352036,-3.0,1.6949699,1.9947234,1.2267566
2024-05-11 11:40:00,-16.44,0.51,-16.43,809.8,11.3,14.83,957,-2.9027405,23.248195628908498,14.83,18.82185714738983,9.0,-81.62512954504298,-0.43317646598101617,1010.6666666666666,1.0,10.0,-3.0,2.0,150.0,100.0,-3.0,-3.0,-3.0,-3.0,-3.0
2024-05-11 11:45:00,-16.5,0.35,-16.52,811.3,11.75,15.47,1370,-87.869125,23.351293326066543,15.47,18.942779063474855,9.0,-83.43003148663054,-0.30941176141501076,1008.0833333333334,1.0,15.0,-3.0,2.0,150.0,100.0,-3.0,-3.0,1.764984,-3.0,-3.0
2024-05-11 11:50:00,-6.04,9.26,-16.88,802.5,13.81,17.79,1250,35.745567,20.17829526991812,17.79,15.195116573293323,9.0,-84.71924715919309,-0.22100840101072378,1005.3333333333334,1.0,20.0,1.5532222,2.0,150.0,100.0,1.3160349,-3.0,1.8296365,0.7978351,-3.0
2024-05-11 11:55:00,0.98,17.53,-16.61,805.4,15.32,19.9,1272,-16.826813,24.169265607378307,19.9,16.427315578307073,9.0,-85.64011549673778,-0.1578631435790882,998.1666666666666,1.0,25.0,-3.0,2.0,150.0,100.0,2.0621758,-3.0,1.8396571,-3.0,-3.0
2024-05-11 12:00:00,2.38,17.84,-16.04,810.6,14.27,18.75,1192,-35.25727,24.108330510427304,18.75,16.30403074412118,9.0,-86.29787859498397,-0.1127593882707771,1002.75,1.0,30.0,-3.0,2.0,150.0,100.0,-3.0,1.526462,-3.0,1.6721898,-3.0
2024-05-11 12:05:00,1.6,16.85,-18.53,805.2,13.22,17.14,1470,14.896349,25.096681055470263,17.14,17.579309121962883,9.0,-86.76770937944555,-0.0805424201934116,1028.8333333333333,1.0,35.0,1.1730798,2.0,150.0,100.0,1.3715938,-3.0,-3.0,-3.0,-3.0
2024-05-11 12:10:00,2.5,17.31,-17.37,807.5,11.36,14.78,1659,58.646137,24.649604459301166,14.78,17.00176567044128,9.0,-87.10330279691809,-0.05753030013814993,1086.4166666666667,1.0,40.0,1.7682394,2.0,150.0,100.0,1.8460581,-3.0,-3.0,-3.0,1.290615
2024-05-11 12:15:00,-0.43,16.07,-18.28,842.0,10.44,14.8,1310,43.151554,24.34313455576336,14.8,17.9455405673464,9.0,-87.34301238082705,-0.04109307152725137,1133.6666666666667,1.0,45.0,1.6349964,2.0,150.0,100.0,-3.0,-3.0,-3.0,1.5917925,-3.0
2024-05-11 12:20:00,-10.73,12.92,-21.11,822.6,10.87,14.7,1351,-44.549965,26.975755781812673,14.7,20.558519231960176,9.0,-87.5142335121906,-0.029352193948038518,1192.75,1.0,50.0,-3.0,2.0,150.0,100.0,-3.0,1.7923405,-3.0,-3.0,1.1697135
2024-05-11 12:25:00,-11.98,12.2,-20.88,822.1,10.36,14.0,1451,5.1622744,26.98767867008943,14.0,20.67143563600698,9.0,-87.63653432030743,-0.02096585282002792,1250.5,1.0,55.0,0.7128411,2.0,150.0,100.0,1.7799717,2.0400844,2.0337405,-3.0,-3.0
2024-05-11 12:30:00,-12.09,11.43,-20.65,818.5,10.84,14.52,1253,-34.70472,26.518587820621217,14.52,20.34795717301999,9.0,-87.72389204039088,-0.014975609157161784,1277.1666666666667,1.0,60.0,-3.0,2.0,150.0,100.0,-3.0,2.1717615,1.9408172,1.4291995,1.2672901
2024-05-11 12:35:00,-13.53,9.8,-20.86,808.2,10.72,14.01,1159,-39.316063,26.725278296025284,14.01,20.574413316701175,9.0,-87.78629041187905,-0.010696863683686785,1307.8333333333333,1.0,65.0,-3.0,2.0,150.0,100.0,-3.0,1.9617593,-3.0,-3.0,0.96943486
2024-05-11 12:40:00,-12.77,10.6,-21.9,815.3,7.94,10.56,2320,-83.728775,27.47804396240751,10.56,21.283908273877287,9.0,-87.83086067722775,-0.007640616916920351,1421.4166666666667,1.0,70.0,-3.0,2.0,150.0,100.0,-3.0,1.5108017,-3.0,-3.0,-3.0
2024-05-11 12:45:00,-13.73,10.27,-21.71,813.7,9.52,12.61,2261,-38.475994,27.664235033703715,12.61,21.429418445496417,9.0,-87.86269658104825,-0.005457583512085762,1495.6666666666667,1.0,75.0,-3.0,2.0,150.0,100.0,-3.0,1.8403792,-3.0,1.1753021,1.3707205
2024-05-11 12:50:00,-15.73,6.58,-22.18,810.7,8.87,11.66,1987,100.600845,27.97644902413457,11.66,22.212178864240983,9.0,-87.8854365123486,-0.0038982739372031006,1557.0833333333333,1.0,80.0,2.0026016,2.0,150.0,100.0,1.5532222,-3.0,-3.0,0.9898914,0.36358616
2024-05-11 12:55:00,-15.68,6.32,-22.38,810.0,7.69,10.09,1864,74.80849,28.047623785269224,10.09,22.29104809889907,9.0,-87.90167932042029,-0.0027844813837162976,1606.4166666666667,1.0,85.0,1.8739508,2.0,150.0,100.0,-3.0,2.0681136,-3.0,-3.0,-3.0
2024-05-11 13:00:00,-13.97,8.8,-23.08,808.7,7.32,9.58,1804,-82.78601,28.377584463798183,9.58,22.196055731436317,9.0,-87.91328132618577,-0.0019889152740830696,1657.4166666666667,1.0,90.0,-3.0,2.0,150.0,100.0,-3.0,1.7321527,1.8403343,-3.0,1.6218729
2024-05-11 13:05:00,-13.89,5.99,-24.12,805.9,9.24,12.0,1741,97.18725,28.47080258791452,12.0,22.60641634005721,9.0,-87.92156847316112,-0.0014206537672023956,1680.0,1.0,95.0,1.9876093,2.0,150.0,100.0,1.1730798,2.0412447,-3.0,-3.0,1.6164079
2024-05-11 13:10:00,-14.4,6.09,-23.52,809.5,7.21,9.46,1398,45.77496,28.242494578206085,9.46,22.49735557714429,9.0,-87.92748786385779,-0.001014752690858245,1658.25,1.0,100.0,1.660628,2.0,150.0,100.0,1.7682394,1.3484366,-3.0,0.7027084,-3.0
2024-05-11 13:15:00,-14.2,7.4,-22.75,803.8,8.8,11.37,1695,-41.774666,27.82018152349118,11.37,21.813518239848,9.0,-87.9317160000697,-0.000724823350611814,1690.3333333333333,1.0,105.0,-3.0,2.0,150.0,100.0,1.6349964,-3.0,-3.0,1.4031838,1.932898
2024-05-11 13:20:00,-14.25,3.97,-22.51,796.1,9.75,12.34,2143,-73.975815,26.935543432424005,12.34,21.28042894714518,9.0,-87.93473609736391,-0.0005177309647223183,1756.3333333333333,1.0,110.0,-3.0,2.0,150.0,100.0,-3.0,-3.0,-3.0,0.8359409,1.5389174
2024-05-11 13:25:00,-12.17,7.43,-23.59,792.6,11.83,14.86,2206,5.1014023,27.56450434889044,14.86,21.343038767865213,9.0,-87.93689330971692,-0.0003698078319459341,1819.25,1.0,115.0,0.7076896,2.0,150.0,100.0,0.7128411,1.6254926,-3.0,1.2742666,-3.0
2024-05-11 13:30:00,-11.46,9.8,-22.64,796.7,11.95,15.18,2416,-53.94491,27.2018602305063,15.18,20.780074742946628,9.0,-87.93843417568337,-0.0002641484513915771,1916.1666666666667,1.0,120.0,-3.0,2.0,150.0,100.0,-3.0,2.0603864,0.59898555,-3.0,-3.0
2024-05-11 13:35:00,-11.87,10.99,-21.5,792.8,11.35,14.26,2342,-4.0663786,26.905891548134957,14.26,20.16222352749983,9.0,-87.93953479423084,-0.00018867746528030693,2014.75,1.0,125.0,-3.0,2.0,150.0,100.0,-3.0,1.9352036,-3.0,-3.0,1.9935153
2024-05-11 13:40:00,-11.03,12.46,-20.76,788.7,11.47,14.28,1963,-63.601067,26.606204163690844,14.28,19.488341870260346,9.0,-87.94032095033617,-0.0001347696180573621,1985.0,1.0,130.0,-3.0,2.0,150.0,100.0,-3.0,-3.0,-3.0,-3.0,-3.0
2024-05-11 13:45:00,-9.24,13.11,-20.76,797.0,12.12,15.4,2016,-52.767628,26.23408660502591,15.4,19.293567727135976,9.0,-87.94088249041141,-9.626401289750675e-05,1964.5833333333333,1.0,135.0,-3.0,2.0,150.0,100.0,-3.0,-3.0,0.8295349,1.3192188,1.9107554
2024-05-11 13:50:00,-8.55,12.68,-20.86,791.0,10.12,12.69,1818,-22.674255,25.865507920781297,12.69,18.971331161076336,9.0,-87.94128359046515,-6.876000921067771e-05,1950.5,1.0,140.0,-3.0,2.0,150.0,100.0,2.0026016,1.3160349,1.9082974,-3.0,1.5943569
2024-05-11 13:55:00,-7.15,14.83,-18.64,786.4,10.0,12.44,2051,1.0757186,24.869680335701943,12.44,17.431079366137084,9.0,-87.94157009050352,-4.9114292292529174e-05,1966.0833333333333,1.0,145.0,0.031698696,2.0,150.0,100.0,1.8739508,2.0621758,-3.0,-3.0,1.7337322
2024-05-11 14:00:00,-6.84,13.15,-19.97,786.6,9.78,12.12,2008,56.2653,24.869841173598193,12.12,17.950555756243954,9.0,-87.94177473338807,-3.50816373526186e-05,1983.0833333333333,1.0,150.0,1.7502407,2.0,150.0,100.0,-3.0,-3.0,1.4249321,1.7316815,-3.0
2024-05-11 14:05:00,-9.44,9.68,-19.58,758.1,8.31,9.56,1512,-77.228935,23.794797750768968,9.56,17.10471824276373,9.0,-87.94192090687704,-2.5058312394321548e-05,1964.0,1.0,155.0,-3.0,2.0,150.0,100.0,1.9876093,1.3715938,2.1198745,-3.0,0.9217686
2024-05-11 14:10:00,-7.06,12.55,-18.47,773.3,7.3,8.71,1542,-23.241568,23.419799315963406,8.71,16.545114052563417,9.0,-87.94202531651202,-1.7898794567372533e-05,1976.0,1.0,160.0,-3.0,2.0,150.0,100.0,1.660628,1.8460581,1.6301905,1.9137374,1.5958925
2024-05-11 14:15:00,-7.14,13.82,-17.78,771.5,9.81,11.68,1173,-28.396769,23.62414866190949,11.68,16.308137083221975,9.0,-87.94209989482272,-1.2784853262814977e-05,1932.5,1.0,165.0,-3.0,2.0,150.0,100.0,-3.0,-3.0,-3.0,2.1569924,0.98592454
2024-05-11 14:20:00,-9.38,12.01,-17.79,769.2,10.35,12.26,1006,29.941763,23.424529877886556,12.26,16.475892766131057,9.0,-87.94215316504464,-9.13203804486784e-06,1837.75,1.0,170.0,1.4762774,2.0,150.0,100.0,-3.0,-3.0,1.8349365,1.8954232,-3.0
2024-05-11 14:25:00,-8.96,12.93,-17.25,765.4,10.71,12.55,1067,12.213516,23.3458561633537,12.55,16.083518177392794,9.0,-87.94219121520317,-6.522884316950695e-06,1742.8333333333333,1.0,175.0,1.0868407,2.0,150.0,100.0,0.7076896,1.7799717,-3.0,2.0633643,1.82101
2024-05-11 14:30:00,-8.36,13.04,-18.44,766.6,9.94,11.68,2021,0.048150636,24.082458346273537,11.68,16.767544828464615,9.0,-87.94221839388781,-4.659203082724162e-06,1709.9166666666667,1.0,180.0,-1.317398,2.0,150.0,100.0,-3.0,-3.0,0.36454117,0.7190375,1.1009736
2024-05-11 14:35:00,-7.09,10.6,-19.97,768.6,8.58,10.14,2434,-8.393389,23.69449303108214,10.14,17.148774939378995,9.0,-87.942237807234,-3.3280022037729394e-06,1717.5833333333333,1.0,185.0,-3.0,2.0,150.0,100.0,-3.0,-3.0,-3.0,1.7785419,1.6155298
2024-05-11 14:40:00,-6.24,10.42,-20.84,764.0,9.98,11.65,2544,-24.487701,24.120936963559274,11.65,17.45562708305375,9.0,-87.94225167390985,-2.377144431875422e-06,1766.0,1.0,190.0,-3.0,2.0,150.0,100.0,-3.0,-3.0,-3.0,1.2959306,-3.0
2024-05-11 14:45:00,-10.53,6.29,-19.56,761.3,9.84,11.39,2019,-81.93689,23.08762872189346,11.39,17.15466796803303,9.0,-87.94226157867831,-1.6979603074673832e-06,1766.25,1.0,195.0,-3.0,2.0,150.0,100.0,-3.0,-3.0,-3.0,1.7323147,1.652831
2024-05-11 14:50:00,-10.88,5.88,-19.77,769.5,11.03,13.06,1708,98.292114,23.31955617073361,13.06,17.572089321056193,9.0,-87.94226865351293,-1.2128287906421066e-06,1757.0833333333333,1.0,200.0,1.9925187,2.0,150.0,100.0,-3.0,1.5532222,-3.0,2.0106347,0.8953228
2024-05-11 14:55:00,-11.07,5.86,-19.43,775.7,12.72,15.34,1630,-98.290146,23.11729655474446,15.34,17.550176917341982,9.0,-87.94227370696622,-8.663062800451371e-07,1722.0,1.0,205.0,-3.0,2.0,150.0,100.0,0.031698696,-3.0,-3.0,1.910545,1.839759
2024-05-11 15:00:00,-11.39,4.24,-19.59,773.2,12.92,15.45,1439,-24.167042,23.053802289427225,15.45,17.623504043429485,9.0,-87.94227731657573,-6.18790200235253e-07,1674.5833333333333,1.0,210.0,-3.0,2.0,150.0,100.0,1.7502407,-3.0,1.526462,1.3721701,-3.0
2024-05-11 15:05:00,-10.31,-0.27,-16.65,782.3,11.01,13.36,1613,87.5175,19.5854920795981,13.36,15.32072338021224,9.0,-87.94227989486822,-4.4199300077707446e-07,1683.0,1.0,215.0,1.9420949,2.0,150.0,100.0,-3.0,1.1730798,-3.0,1.2815719,1.4611845
2024-05-11 15:10:00,-7.7,-1.09,-12.3,813.0,7.25,9.61,1763,-25.511913,14.552254120925735,9.61,11.807890957544334,9.0,-87.94228173650573,-3.157092862693389e-07,1701.4166666666667,1.0,220.0,-3.0,2.0,150.0,100.0,-3.0,1.7682394,-3.0,-3.0,1.8649052
2024-05-11 15:15:00,-7.32,-0.28,-11.86,812.7,6.94,9.18,1620,-36.66374,13.93988522190911,9.18,11.327366764718006,9.0,-87.94228305196108,-2.2550663203446675e-07,1738.6666666666667,1.0,225.0,-3.0,2.0,150.0,100.0,-3.0,1.6349964,-3.0,-3.0,1.9323977
2024-05-11 15:20:00,-8.71,-2.1,-10.54,808.7,6.76,8.87,1474,20.930958,13.833499195792799,8.87,11.079326606427033,9.0,-87.94228399157205,-1.6107616715999029e-07,1777.6666666666667,1.0,230.0,1.3207891,2.0,150.0,100.0,1.4762774,-3.0,1.7923405,-3.0,1.7163008
2024-05-11 15:25:00,-8.52,-1.66,-11.03,802.9,5.18,6.69,1334,-3.1141357,14.035914647788365,6.69,11.206687086988591,9.0,-87.94228466272276,-1.1505440511427878e-07,1799.9166666666667,1.0,235.0,-3.0,2.0,150.0,100.0,1.0868407,0.7128411,2.0400844,1.4654741,1.6197015
2024-05-11 15:30:00,-8.72,0.88,-10.87,810.2,6.08,7.98,1438,-6.0100446,13.96315508758676,7.98,11.294502614109874,9.0,-87.9422851421161,-8.21817167206973e-08,1751.3333333333333,1.0,240.0,-3.0,2.0,150.0,100.0,-1.317398,-3.0,2.1717615,1.491965,1.9913595
2024-05-11 15:35:00,-8.22,-2.19,-10.91,811.4,6.85,9.02,1683,60.361694,13.834471439126252,9.02,11.115519001730776,9.0,-87.94228548453992,-5.870122663509392e-08,1688.75,1.0,245.0,1.7807615,2.0,150.0,100.0,-3.0,-3.0,1.9617593,-3.0,2.1488833
2024-05-11 15:40:00,-8.36,-2.74,-10.45,814.3,7.01,9.3,2216,-6.9272323,13.660150072382073,9.3,10.94160255654764,9.0,-87.94228572912837,-4.1929446581434604e-08,1661.4166666666667,1.0,250.0,-3.0,2.0,150.0,100.0,-3.0,-3.0,1.5108017,-3.0,2.1163805
2024-05-11 15:45:00,-8.75,0.19,-10.62,797.9,8.19,10.43,1970,-14.845543,13.761649610420983,10.43,10.979541782549939,9.0,-87.94228590383439,-2.9949603685963666e-08,1657.3333333333333,1.0,255.0,-3.0,2.0,150.0,100.0,-3.0,-3.0,1.8403792,1.3310317,-3.0
2024-05-11 15:50:00,-8.41,1.8,-11.03,794.8,4.76,6.01,1595,-39.474728,13.986743723969491,6.01,11.044097075843267,9.0,-87.94228602862441,0.05617647477638741,1647.9166666666667,1.0,260.0,-3.0,3.0,150.0,100.0,1.9925187,2.0026016,-3.0,1.7078111,-3.0
2024-05-11 15:55:00,-8.46,-1.04,-9.86,789.0,6.11,7.6,1127,65.22832,13.033526000280967,7.6,10.25508677962702,8.848,-87.38052115607051,0.07418478629246864,1606.0,1.0,265.0,1.8144362,3.0,150.0,100.0,-3.0,1.8739508,2.0681136,-3.0,2.0074143
2024-05-11 16:00:00,-7.31,-1.84,-10.31,781.5,5.75,7.02,1057,63.77062,12.771757905629123,7.02,9.903501944836451,8.908,-87.20043816569972,-0.0031873631029142755,1574.1666666666667,1.0,270.0,1.8046206,2.0,150.0,100.0,-3.0,-3.0,1.7321527,1.8425281,-3.0
2024-05-11 16:05:00,-6.69,-2.17,-10.7,794.4,5.46,6.88,1285,183.50558,12.804491399505096,6.88,10.070416738381551,9.0,-87.41239478709966,-0.03633542081141598,1546.8333333333333,1.0,275.0,2.2636492,2.0,150.0,100.0,1.9420949,1.9876093,2.0412447,-3.0,1.6273932
2024-05-11 16:10:00,-6.5,-1.99,-10.54,791.6,6.4,8.02,938,82.96793,12.541997448572536,8.02,9.842064102874266,9.0,-87.56379237381388,0.22160161023089273,1478.0833333333333,1.0,280.0,1.9189103,3.0,150.0,100.0,-3.0,1.660628,1.3484366,1.7504356,-3.0
2024-05-11 16:15:00,-7.79,-4.36,-8.04,790.8,6.3,7.87,976,59.886982,12.013962710113594,7.87,8.926151774892418,8.319999999999999,-85.19637868479073,0.5984885197322768,1424.4166666666667,1.0,285.0,1.7773324,3.0,150.0,100.0,-3.0,-3.0,-3.0,-3.0,1.4794346
2024-05-11 16:20:00,-7.32,-6.71,-6.47,783.0,7.97,9.77,1564,-3.8904603,11.851894363349684,9.77,7.860725119598925,7.771,-81.57890717649111,0.7026068448912213,1431.9166666666667,1.0,290.0,-3.0,3.0,150.0,100.0,1.3207891,-3.0,-3.0,1.4964702,1.8135008
2024-05-11 16:25:00,-7.48,-6.87,-5.75,780.5,6.21,7.56,1495,99.37204,11.670895424088076,7.56,7.4778238138641315,7.529999999999999,-78.17031023587852,0.6019539970112788,1445.3333333333333,1.0,295.0,1.9972641,3.0,150.0,100.0,-3.0,0.7076896,1.6254926,1.8318998,0.9584568
2024-05-11 16:30:00,-6.03,-9.35,-5.33,787.9,4.61,5.72,1491,-10.093717,12.336624335692482,5.72,7.266876880708078,7.478,-75.55936720637833,0.39795546619508854,1449.75,1.0,300.0,-3.0,3.0,150.0,100.0,-3.0,-3.0,2.0603864,1.3160095,1.8083662
2024-05-11 16:35:00,-6.95,-7.71,-5.89,785.7,4.56,5.62,1269,-16.046467,11.93476853566922,5.62,7.534854476059502,7.6240000000000006,-74.19075557392763,0.24451625126144733,1415.25,1.0,305.0,-3.0,3.0,150.0,100.0,1.7807615,-3.0,1.9352036,-3.0,1.6826342
2024-05-11 16:40:00,-7.37,-7.49,-5.67,789.4,3.63,4.52,1060,63.98284,11.94009631451941,4.52,7.557237550443124,7.595,-73.11420469376385,0.13797479658335873,1318.9166666666667,1.0,310.0,1.8060635,3.0,150.0,100.0,-3.0,-3.0,-3.0,-3.0,1.6019645
2024-05-11 16:45:00,-7.81,-7.02,-6.14,788.9,2.88,3.59,1096,-32.32859,12.164542736987691,3.59,7.957280551681513,7.730999999999999,-72.81100760809404,-0.017962014159695627,1246.0833333333333,1.0,315.0,-3.0,2.0,150.0,100.0,-3.0,-3.0,-3.0,-3.0,1.4216688
2024-05-11 16:50:00,-7.4,-6.82,-6.92,785.7,3.19,3.94,1251,33.675728,12.213058584973709,3.94,8.215128846539777,7.933000000000002,-73.29382483536081,-0.04422536905529739,1217.4166666666667,1.0,320.0,1.527317,2.0,150.0,100.0,-3.0,-3.0,1.3160349,1.8924804,2.028621
2024-05-11 16:55:00,-7.19,-7.45,-6.62,783.6,2.41,2.96,1140,95.93735,12.28914154853788,2.96,8.01312180229974,7.822,-73.25326129864702,0.07878507438694697,1218.5,1.0,325.0,1.9819877,3.0,150.0,100.0,1.8144362,0.031698696,2.0621758,1.7919345,1.0954944
2024-05-11 17:00:00,-7.03,-7.75,-6.18,775.9,2.6,3.13,1085,-54.622173,12.152193217687087,3.13,7.65372896850768,7.613,-72.50597409149134,0.19255809125625944,1220.8333333333333,1.0,330.0,-3.0,3.0,150.0,100.0,1.8046206,1.7502407,-3.0,0.9672571,1.2947899
2024-05-11 17:05:00,-5.87,-8.15,-5.41,780.0,3.95,4.8,848,54.892853,11.40822072016491,4.8,6.909829473091979,7.423000000000001,-71.32768038608442,0.25696650484474476,1184.4166666666667,1.0,335.0,1.7395158,3.0,150.0,100.0,2.2636492,-3.0,1.3715938,1.683759,-3.0
2024-05-11 17:10:00,-4.16,-4.32,-4.32,796.3,5.78,7.39,815,-66.213196,7.391238055968703,7.39,5.023710422360889,7.2589999999999995,-69.93630904304389,0.287930839770992,1174.1666666666667,1.0,340.0,-3.0,3.0,150.0,100.0,1.9189103,-3.0,1.8460581,1.5665166,1.5811474
2024-05-11 17:15:00,-5.8,-4.23,-4.11,787.7,4.76,5.93,938,65.97719,8.271940522029883,5.93,5.528208070238953,7.110000000000001,-68.4483719883745,0.2918765661046251,1171.0,1.0,345.0,1.8193938,3.0,150.0,100.0,1.7773324,-3.0,-3.0,-3.0,-3.0
2024-05-11 17:20:00,-5.75,-2.01,-2.99,810.1,5.64,7.44,952,5.9459777,6.785477138713238,7.44,5.029427257888557,6.998,-67.01754338199764,0.42107602832236213,1120.0,1.0,350.0,0.77422327,3.0,150.0,100.0,-3.0,1.4762774,-3.0,2.025947,-3.0
2024-05-11 17:25:00,-6.75,-1.88,-1.24,807.8,5.32,6.94,1242,42.342155,7.115792296013143,6.94,4.456515528209913,6.449999999999999,-64.23761170515088,0.5565004825666137,1098.9166666666667,1.0,355.0,1.626773,3.0,150.0,100.0,1.9972641,1.0868407,1.7799717,2.0994492,1.0115217
2024-05-11 17:30:00,-5.93,-3.35,-0.59,801.6,5.46,7.02,930,-43.852417,6.836336738341669,7.02,3.2152571631860845,6.193,-61.452538556331504,0.49280405642056024,1052.1666666666667,1.0,360.0,-3.0,3.0,150.0,100.0,-3.0,-1.317398,-3.0,2.047828,1.7102584
2024-05-11 17:35:00,-6.84,-2.87,-0.31,805.0,5.56,7.21,850,27.128895,7.424190191529309,7.21,3.3091411773090598,6.143,-59.30957114094528,0.33379471278012784,1017.25,1.0,365.0,1.4334321,3.0,150.0,100.0,-3.0,-3.0,-3.0,1.6949699,-3.0
2024-05-11 17:40:00,-6.24,-4.72,-0.46,811.4,4.93,6.49,844,38.356915,7.837576155929842,6.49,3.488129868078721,6.252,-58.114591428530225,0.22490868918132775,999.25,1.0,370.0,1.5838437,3.0,150.0,100.0,1.8060635,-3.0,-3.0,-3.0,-3.0
2024-05-11 17:45:00,-7.47,-2.84,0.29,810.0,4.83,6.34,944,-2.748008,7.996911903978935,6.34,2.909742788055681,6.186999999999999,-57.060484249132,0.17053540283548757,986.5833333333334,1.0,0.0,-3.0,3.0,150.0,100.0,-3.0,-3.0,-3.0,1.764984,-3.0
2024-05-11 17:50:00,-6.14,-5.08,0.19,816.3,4.33,5.77,765,33.306015,7.9713298765011595,5.77,3.1318973521642084,6.22,-56.40923740017535,0.03688013307461659,946.0833333333334,1.0,5.0,1.5225227,3.0,150.0,100.0,1.527317,1.9925187,1.5532222,1.8296365,0.33594114
2024-05-11 17:55:00,-4.24,-1.32,1.05,814.5,4.04,5.35,540,85.47412,4.563167759353145,5.35,0.7014833578775994,6.460000000000001,-56.69168291838584,-0.23319244796550861,896.0833333333334,1.0,10.0,1.9318347,2.0,150.0,100.0,1.9819877,-3.0,-3.0,1.8396571,-3.0
2024-05-11 18:00:00,-6.16,6.89,2.57,826.4,4.07,5.56,548,49.205086,9.592841080722645,5.56,2.5784920567376797,7.035,-58.741161879830436,-0.45853724605404056,851.3333333333334,1.0,15.0,1.69201,2.0,150.0,100.0,-3.0,-3.0,-3.0,-3.0,-3.0
2024-05-11 18:05:00,-6.67,6.15,3.39,834.1,3.7,5.15,655,-10.648376,9.68522069960205,5.15,2.0893336460531664,7.3580000000000005,-61.27705537892624,-0.36674042665096634,835.25,1.0,20.0,-3.0,2.0,150.0,100.0,1.7395158,1.9420949,1.1730798,-3.0,-3.0
2024-05-11 18:10:00,-7.49,5.92,2.73,833.5,4.2,5.83,615,100.717445,9.929723057568122,5.83,2.4052681862491236,7.154,-62.4085661463401,-0.20855558396387863,818.5833333333334,1.0,25.0,2.0031047,2.0,150.0,100.0,-3.0,-3.0,1.7682394,-3.0,1.528836
2024-05-11 18:15:00,0.18,7.66,2.37,848.7,7.29,10.72,395,56.675087,8.020280543721647,10.72,2.3974431686018356,7.198000000000001,-63.36261121856503,-0.25130125806274817,773.3333333333334,1.0,30.0,1.7533922,2.0,150.0,100.0,1.8193938,-3.0,1.6349964,-3.0,-3.0
2024-05-11 18:20:00,2.48,9.68,3.05,854.5,9.05,13.42,634,-8.773429,10.447741382710428,13.42,3.122344749587162,7.46,-64.92157872696758,-0.32365565580892125,746.8333333333334,1.0,35.0,-3.0,2.0,150.0,100.0,0.77422327,1.3207891,-3.0,-3.0,-3.0
2024-05-11 18:25:00,7.16,13.0,2.39,890.9,12.98,20.77,854,-56.65851,15.032554673108626,20.77,5.485463322258417,7.6259999999999994,-66.59916777665424,-0.27462019366002577,714.5,1.0,40.0,-3.0,2.0,150.0,100.0,1.626773,-3.0,0.7128411,2.0337405,-3.0
2024-05-11 18:30:00,9.07,16.08,1.59,911.1,12.59,20.94,622,-45.5447,18.529959525050234,20.94,7.61069082059191,7.588000000000001,-67.66778066356784,-0.21532474294462672,688.8333333333334,1.0,45.0,-3.0,2.0,150.0,100.0,-3.0,-3.0,-3.0,1.9408172,1.5759095
2024-05-11 18:35:00,8.02,14.51,1.8,914.2,9.66,16.08,421,-50.19474,16.67634552292558,16.08,6.684329504190564,7.682,-68.75241520610051,-0.19589088089225443,653.0833333333334,1.0,50.0,-3.0,2.0,150.0,100.0,1.4334321,1.7807615,-3.0,-3.0,-3.0
2024-05-11 18:40:00,9.28,13.17,1.76,918.3,14.29,23.96,429,59.86318,16.206939871548855,23.96,6.455730140007323,7.711,-69.62668947249038,0.06734148151760735,618.5,1.0,55.0,1.7771598,3.0,150.0,100.0,1.5838437,-3.0,-3.0,-3.0,1.1474211
2024-05-11 18:45:00,-2.51,-1.7,-1.0,876.5,8.95,13.77,544,64.54219,3.192193603151287,13.77,2.108289278434087,7.0649999999999995,-68.07900039092443,0.09052933745740574,585.1666666666666,1.0,0.0,1.8098437,3.0,150.0,100.0,-3.0,-3.0,-3.0,-3.0,1.5379328
2024-05-11 18:50:00,-9.94,-8.77,-3.52,853.1,7.04,10.25,582,109.82322,13.715206888705689,10.25,8.029341862038375,7.587000000000001,-68.72139609791633,-0.1873650215451562,569.9166666666666,1.0,5.0,2.0406942,2.0,150.0,100.0,1.5225227,-3.0,2.0026016,-3.0,1.5728594
2024-05-11 18:55:00,-9.84,-6.34,-4.3,852.2,6.95,10.1,457,26.789082,12.470412984340173,10.1,8.296243233492882,7.812,-69.952650606376,-0.6371150432523521,563.0,1.0,10.0,1.4279578,2.0,150.0,100.0,1.9318347,1.8144362,1.8739508,-3.0,-3.0
2024-05-11 19:00:00,-4.56,-4.61,-8.82,868.1,7.59,11.43,521,144.99617,10.947058965767928,11.43,8.962623107057613,9.0,-75.09254653043985,-0.8811250155538033,560.75,1.0,15.0,2.1613564,2.0,150.0,100.0,1.69201,1.8046206,-3.0,1.8403343,-3.0
2024-05-11 19:05:00,0.65,-1.2,-11.11,895.3,6.83,10.95,503,35.941994,11.193507046497983,10.95,9.99257146504296,9.0,-78.76390076191403,-0.05267527296700791,548.0833333333334,1.0,20.0,1.5556022,2.0,150.0,100.0,-3.0,2.2636492,1.9876093,-3.0,1.3071371
2024-05-11 19:10:00,7.61,7.57,-0.77,913.9,10.24,17.04,685,124.75065,10.761500824699128,17.04,5.415091688891277,7.37,-75.61929926010993,-0.037625194976433816,553.9166666666666,1.0,25.0,2.0960429,2.0,150.0,100.0,2.0031047,1.9189103,1.660628,-3.0,-3.0
2024-05-11 19:15:00,9.93,9.1,7.47,904.8,8.35,13.67,1139,23.25912,15.401811581758816,13.67,2.5468223386584663,9.0,-79.14015271167837,-0.6035748774117338,615.9166666666666,1.0,0.0,1.3665932,2.0,150.0,100.0,1.7533922,1.7773324,-3.0,-3.0,-3.0
2024-05-11 19:20:00,6.89,9.05,9.28,894.9,9.36,14.98,1773,-24.115765,14.679679833020883,14.98,1.8659377410755238,9.0,-81.65504803422726,-0.43112491243695245,710.8333333333334,1.0,5.0,-3.0,2.0,150.0,100.0,-3.0,-3.0,-3.0,-3.0,-3.0
2024-05-11 19:25:00,1.76,7.26,10.24,891.3,11.57,18.39,1244,-4.990776,12.67528303431525,18.39,1.0406453421598656,9.0,-83.45140183604789,-0.307946366026394,743.3333333333334,1.0,10.0,-3.0,2.0,150.0,100.0,-3.0,1.9972641,0.7076896,-3.0,-3.0
2024-05-11 19:30:00,0.03,7.64,10.45,890.9,11.28,17.88,681,24.1813,12.94499903437617,17.88,1.1113848194179083,9.0,-84.7345116944912,-0.21996169001885163,748.25,1.0,15.0,1.3834796,2.0,150.0,100.0,-3.0,-3.0,-3.0,0.59898555,-3.0
2024-05-11 19:35:00,-0.85,6.28,9.67,880.1,10.07,15.6,500,31.199604,11.56156563792292,15.6,0.8208364902133921,9.0,-85.65101873623641,-0.15711549287060791,754.8333333333334,1.0,20.0,1.4941491,2.0,150.0,100.0,-3.0,-3.0,-3.0,-3.0,-3.0
2024-05-11 19:40:00,-1.33,7.47,8.18,882.2,10.0,15.56,546,-15.703714,11.157159136626133,15.56,1.287312036426143,9.0,-86.30566662319728,-0.11222535205043585,764.5833333333334,1.0,25.0,-3.0,2.0,150.0,100.0,1.7771598,1.8060635,-3.0,-3.0,-3.0
2024-05-11 19:45:00,0.79,2.7,10.39,871.0,8.47,12.85,302,76.46082,10.76411631300963,12.85,0.15069192292961517,9.0,-86.77327225674077,-0.08016096575031213,744.4166666666666,1.0,30.0,1.883439,2.0,150.0,100.0,1.8098437,-3.0,-3.0,0.8295349,-3.0
2024-05-11 19:50:00,1.01,2.5,10.09,879.6,4.54,7.02,344,15.849962,10.444050938213582,7.02,0.13481477024875596,9.0,-87.1072762807004,0.09969213240960358,724.5833333333334,1.0,35.0,1.2000282,3.0,150.0,100.0,2.0406942,1.527317,-3.0,1.9082974,-3.0
2024-05-11 19:55:00,0.85,-0.49,5.92,879.6,999.99,99.99,185,30.52089,6.000749953130859,99.99,0.008994043755753736,8.572000000000001,-85.77635093264473,0.5176146084643847,701.9166666666666,1.0,40.0,1.4845972,3.0,150.0,100.0,1.4279578,1.9819877,0.031698696,-3.0,1.8709316
2024-05-11 20:00:00,1.54,-2.19,-3.19,879.6,999.99,99.99,201,50.706367,4.164588815237346,99.99,3.341580178197786,7.753,-81.93113019605656,0.6540109578955295,675.25,1.0,0.0,1.7050625,3.0,150.0,100.0,2.1613564,-3.0,1.7502407,1.4249321,-3.0
2024-05-11 20:05:00,1.42,2.78,-2.68,896.4,7.34,11.8,256,121.944725,4.114267857104104,11.8,3.1238343932712733,7.768,-79.23624135368944,0.3848874866754528,654.6666666666666,1.0,5.0,2.086163,3.0,150.0,100.0,1.5556022,1.7395158,-3.0,2.1198745,-3.0
2024-05-11 20:10:00,0.87,1.25,3.42,896.4,999.99,99.99,341,166.11551,3.743768155214743,99.99,0.1019679792718117,7.989999999999999,-78.08225532930203,0.3658509035137428,626.0,1.0,0.0,2.22041,3.0,150.0,100.0,2.0960429,-3.0,-3.0,1.6301905,-3.0
2024-05-11 20:15:00,-0.09,1.65,2.18,884.8,6.81,10.65,551,89.8919,2.7355072655725117,10.65,0.24523401371866665,7.502,-75.57773231855201,-0.10282067098349615,577.0,1.0,5.0,1.9537206,2.0,150.0,100.0,1.3665932,1.8193938,-3.0,-3.0,-3.0
2024-05-11 20:20:00,4.2,-2.17,-8.41,912.6,5.11,8.47,361,84.76586,9.647642199003858,8.47,8.664827654486208,9.0,-79.11046203913699,-0.46897831533961637,459.3333333333333,1.0,0.0,1.928221,2.0,150.0,100.0,-3.0,0.77422327,1.4762774,1.8349365,-3.0
2024-05-11 20:25:00,4.37,3.82,-5.07,910.7,6.25,10.34,653,-6.764482,7.7067632635238,10.34,6.312043904874658,8.628,-80.26751547194817,-0.21035575221305436,410.0833333333333,1.0,5.0,-3.0,2.0,150.0,100.0,-3.0,1.626773,1.0868407,-3.0,-3.0
2024-05-11 20:30:00,5.71,1.8,-4.89,919.4,8.29,14.02,784,53.97646,7.730213451127983,14.02,6.888404800189595,8.661,-81.21401956126753,-0.056842835172854225,418.6666666666667,1.0,10.0,1.7322044,2.0,150.0,100.0,1.3834796,-3.0,-1.317398,0.36454117,-3.0
2024-05-11 20:35:00,6.39,2.22,-4.21,910.6,7.09,11.77,741,86.37998,7.967722384721998,11.77,6.8366016901054065,8.369,-80.83594382367671,0.09907326954747475,438.75,1.0,15.0,1.936413,3.0,150.0,100.0,1.4941491,1.4334321,-3.0,-3.0,-3.0
2024-05-11 20:40:00,5.83,3.51,-3.74,915.1,6.33,10.6,959,-2.4415092,7.7650885378081815,10.6,6.143604379658211,8.273000000000001,-80.22328686579279,0.3596576008730509,473.1666666666667,1.0,20.0,-3.0,3.0,150.0,100.0,-3.0,1.5838437,-3.0,-3.0,-0.5714339
2024-05-11 20:45:00,5.85,3.19,-1.48,909.7,8.57,14.15,1340,-27.29952,6.825613525537466,14.15,4.411247021830857,7.541,-77.2393678149462,0.6558444326059487,559.6666666666666,1.0,25.0,-3.0,3.0,150.0,100.0,1.883439,-3.0,-3.0,-3.0,1.1145139
2024-05-11 20:50:00,5.25,2.47,0.04,909.8,10.0,16.56,1731,7.0053663,5.802154772151464,16.56,2.5966624864326042,7.109999999999999,-73.6648425397333,0.24222849497649862,675.25,1.0,0.0,0.84543085,3.0,150.0,100.0,1.2000282,1.5225227,1.9925187,-3.0,-3.0
2024-05-11 20:55:00,6.23,4.88,-3.97,900.2,8.35,13.53,1176,16.687645,8.853711086318551,13.53,6.499909248318884,8.193000000000001,-74.81708286518122,0.03956504900757522,757.8333333333334,1.0,0.0,1.2223951,3.0,150.0,100.0,1.4845972,1.9318347,-3.0,-3.0,-3.0
2024-05-11 21:00:00,7.95,1.46,1.71,899.6,8.65,14.01,883,91.5132,8.26185209260006,14.01,0.8899847318714382,7.509,-73.26919204965755,-0.09085242460450757,814.6666666666666,1.0,0.0,1.9614837,2.0,150.0,100.0,1.7050625,1.69201,-3.0,1.526462,1.2363415
2024-05-11 21:05:00,6.46,-3.12,-4.95,904.1,10.59,17.33,1068,80.02411,8.715991050936205,17.33,7.273262663626864,8.526,-75.7256071112263,-0.5946894841389664,882.3333333333334,1.0,0.0,1.9032209,2.0,150.0,100.0,2.086163,-3.0,1.9420949,-3.0,-3.0
2024-05-11 21:10:00,3.76,0.26,-7.13,894.2,8.06,12.89,1187,4.6652308,8.064868256828502,12.89,7.209210188589464,9.0,-79.21608689104721,-0.5983679622550128,952.8333333333334,1.0,5.0,0.66887313,2.0,150.0,100.0,2.22041,2.0031047,-3.0,-3.0,0.9065793
2024-05-11 21:15:00,-6.58,-1.81,12.46,894.9,5.11,8.19,1117,113.05412,14.20648091541322,8.19,0.06602590616583666,9.0,-81.70928673377642,-0.4274056873250089,1000.0,1.0,0.0,2.0532863,2.0,150.0,100.0,1.9537206,1.7533922,-3.0,-3.0,1.3785297
2024-05-11 21:20:00,-9.35,-3.99,8.53,894.9,7.02,11.21,1344,121.98318,13.270399391126102,11.21,0.5593269126651237,9.0,-83.4901437642973,-0.3052897766607202,1081.9166666666667,1.0,5.0,2.0863,2.0,150.0,100.0,1.928221,-3.0,1.3207891,1.7923405,-3.0
2024-05-11 21:25:00,-9.84,-2.47,7.95,894.2,7.78,12.45,1139,168.52327,12.889103925409245,12.45,0.2594935693772026,9.0,-84.76218450038363,-0.21806412618622914,1122.4166666666667,1.0,10.0,2.2266598,2.0,150.0,100.0,-3.0,-3.0,-3.0,2.0400844,-3.0
2024-05-11 21:30:00,-2.96,-4.05,9.21,888.4,6.28,9.91,941,131.50758,10.487525923686674,9.91,0.39410037417835686,9.0,-85.67078502615959,-0.15576009013302325,1135.5,1.0,15.0,2.1189508,2.0,150.0,100.0,1.7322044,-3.0,-3.0,2.1717615,-3.0
2024-05-11 21:35:00,-1.63,-1.99,7.92,877.1,6.43,9.84,1008,237.13748,8.32726845970514,9.84,0.11009204550021252,9.0,-86.31978540171386,-0.11125720723787395,1157.75,1.0,20.0,2.3750002,2.0,150.0,100.0,1.936413,-3.0,1.7807615,1.9617593,1.6886688
2024-05-11 21:40:00,-10.54,-3.67,10.25,897.9,8.86,14.29,764,219.16455,15.153316468681039,14.29,0.3981744358801319,9.0,-86.78335709853833,-0.07946943374133753,1141.5,1.0,25.0,2.3407702,2.0,150.0,100.0,-3.0,1.7771598,-3.0,1.5108017,1.6426353
2024-05-11 21:45:00,-10.86,-6.42,8.32,894.7,8.1,12.96,528,115.69643,15.112193752066574,12.96,1.4081769273251468,9.0,-87.11447973912723,-0.05676388124381191,1073.8333333333333,1.0,30.0,2.06332,2.0,150.0,100.0,-3.0,1.8098437,-3.0,1.8403792,1.7929318
2024-05-11 21:50:00,-10.29,-6.65,8.72,893.9,7.46,11.92,421,62.627697,15.038118233342892,11.92,1.3767916780867315,9.0,-87.35099591097645,-0.04054562945986504,964.6666666666666,1.0,35.0,1.7967664,2.0,150.0,100.0,0.84543085,2.0406942,-3.0,-3.0,-3.0
2024-05-11 21:55:00,-9.61,-3.53,10.71,895.4,8.49,13.62,432,115.23413,14.816109475837441,13.62,0.3333695483875024,9.0,-87.51993603372588,-0.028961163899903396,902.6666666666666,1.0,40.0,2.0615811,2.0,150.0,100.0,1.2223951,1.4279578,1.8144362,2.0681136,-3.0
2024-05-11 22:00:00,-10.39,-4.59,9.61,884.9,7.32,11.47,458,65.15057,14.878585282210134,11.47,0.642789654720834,9.0,-87.64060754997548,-0.020686545642789156,867.25,1.0,45.0,1.8139182,2.0,150.0,100.0,1.9614837,2.1613564,1.8046206,1.7321527,-3.0
2024-05-11 22:05:00,-10.04,-4.48,9.86,882.9,6.54,10.2,481,175.60445,14.76792470186654,10.2,0.5839356209410781,9.0,-87.72680149015378,-0.014776104030563886,818.3333333333334,1.0,50.0,2.2445354,2.0,150.0,100.0,1.9032209,1.5556022,2.2636492,2.0412447,-3.0
2024-05-11 22:10:00,-10.2,-4.54,9.46,885.5,7.77,12.19,512,244.72261,14.633632495043738,12.19,0.637843434875917,9.0,-87.78836859028112,-0.010554360021831143,762.0833333333334,1.0,55.0,2.388674,2.0,150.0,100.0,0.66887313,2.0960429,1.9189103,1.3484366,1.6652634
2024-05-11 22:15:00,-9.95,-1.79,9.12,891.0,9.07,14.41,420,125.24867,13.615469143588111,14.41,0.11356260116903141,9.0,-87.83234509037209,0.4994912215917154,704.0,1.0,60.0,2.097773,3.0,150.0,100.0,2.0532863,1.3665932,1.7773324,-3.0,-3.0
2024-05-11 22:20:00,-0.16,5.14,2.24,890.4,7.15,11.34,311,97.68876,5.609171061752351,11.34,1.4995489988842394,7.576,-82.79345637436397,0.46208159190212966,617.9166666666666,1.0,65.0,1.9898446,3.0,150.0,100.0,2.0863,-3.0,-3.0,-3.0,1.5010707
2024-05-11 22:25:00,-0.43,7.2,6.06,889.6,7.62,12.06,434,201.47887,9.420642228638131,12.06,1.4920013574012247,8.714,-83.21152917135079,-0.17697177024864458,559.1666666666666,1.0,70.0,2.3042295,2.0,150.0,100.0,2.2266598,-3.0,1.9972641,1.6254926,-3.0
2024-05-11 22:30:00,-5.28,3.16,9.05,886.0,8.28,13.01,504,142.00955,10.943788192394807,13.01,0.27099871987361496,9.0,-84.56317407685042,-0.2317105552285071,522.75,1.0,75.0,2.1523175,2.0,150.0,100.0,2.1189508,1.3834796,-3.0,2.0603864,-3.0
2024-05-11 22:35:00,-6.13,2.76,10.16,876.5,1.51,2.32,458,70.09639,12.182778829150598,2.32,0.18672781316249365,9.0,-85.52863472363586,-0.165507539448933,476.9166666666667,1.0,80.0,1.8456956,2.0,150.0,100.0,2.3750002,1.4941491,-3.0,1.9352036,-3.0
2024-05-11 22:40:00,-5.91,1.74,10.13,867.2,1.56,2.35,531,122.047165,11.85633164178533,2.35,0.07420048552885224,9.0,-86.21824947133975,-0.11821967103495297,457.5,1.0,85.0,2.0865276,2.0,150.0,100.0,2.3407702,-3.0,1.8060635,-3.0,-3.0
2024-05-11 22:45:00,-6.06,2.32,9.56,872.9,2.94,4.54,495,94.511314,11.55420269858548,4.54,0.142239860522135,9.0,-86.71083143398539,-0.08444262216782335,454.75,1.0,90.0,1.9754838,2.0,150.0,100.0,2.06332,1.883439,-3.0,-3.0,-3.0
2024-05-11 22:50:00,-5.59,2.38,8.86,876.4,2.41,3.77,356,248.44473,10.743002373638385,3.77,0.1611738006227059,9.0,-87.06267569301798,0.21074511667796542,449.3333333333333,1.0,95.0,2.3952298,3.0,150.0,100.0,1.7967664,1.2000282,1.527317,1.3160349,-3.0
2024-05-11 22:55:00,1.45,6.87,5.99,845.7,2.81,4.18,362,76.629944,9.229274077629292,4.18,1.3378765394237253,8.254000000000001,-84.60338026720574,0.6113868319738159,443.5,1.0,100.0,1.8843985,3.0,150.0,100.0,2.0615811,1.4845972,1.9819877,2.0621758,-3.0
2024-05-11 23:00:00,4.4,8.3,5.02,820.5,1.11,1.49,312,57.654278,10.651309778614083,1.49,2.1082723570068906,7.711,-80.94880737327982,0.790803616115538,431.3333333333333,1.0,105.0,1.7608316,3.0,150.0,100.0,1.8139182,1.7050625,-3.0,-3.0,-3.0
2024-05-11 23:05:00,4.94,10.18,3.19,826.8,0.93,1.27,270,210.17044,11.756364233894763,1.27,3.4068092005563595,7.225,-76.69534410605036,0.8220219515513932,413.75,1.0,110.0,2.3225715,3.0,150.0,100.0,2.2445354,2.086163,1.7395158,1.3715938,1.0174899
2024-05-11 23:10:00,6.73,9.03,-0.89,867.6,0.91,1.37,159,94.47579,11.297163360773359,1.37,5.381396040975167,6.9430000000000005,-72.72858785776589,0.5651604640167107,384.3333333333333,1.0,0.0,1.9753206,3.0,150.0,100.0,2.388674,2.22041,-3.0,1.8460581,1.8668499
2024-05-11 23:15:00,6.52,9.66,-2.05,867.6,999.99,99.99,179,125.99644,11.83336384972591,99.99,6.198949551631778,7.291,-71.04373946588325,0.2898332336358166,364.25,1.0,5.0,2.1003582,3.0,150.0,100.0,2.097773,1.9537206,1.8193938,-3.0,-3.0
2024-05-11 23:20:00,3.6,8.18,1.3,889.8,2.31,3.66,263,214.19644,9.031190397727201,3.66,3.3873372061182545,7.287999999999999,-69.83025552140772,0.13467364923452863,360.25,1.0,0.0,2.3308122,3.0,150.0,100.0,1.9898446,1.928221,0.77422327,-3.0,1.4454594
2024-05-11 23:25:00,4.8,6.83,1.74,898.4,1.34,2.18,234,155.72305,8.52739702371128,2.18,2.8848577060283693,7.506,-69.69700297353796,0.16154533932544127,343.5833333333333,1.0,5.0,2.192353,3.0,150.0,100.0,2.3042295,-3.0,1.626773,1.7799717,-3.0
2024-05-11 23:30:00,5.67,7.1,-0.05,907.6,1.26,2.08,214,90.32158,9.086330392408147,2.08,4.152413876369723,7.091,-68.21480212815331,0.1511911830288625,319.4166666666667,1.0,0.0,1.9557915,3.0,150.0,100.0,2.1523175,1.7322044,-3.0,-3.0,-3.0
2024-05-11 23:35:00,5.66,5.84,1.11,906.7,1.33,2.2,316,-22.045773,8.208124024404114,2.2,3.0263185342121397,7.4,-68.18509114324934,-0.03172529772671737,307.5833333333333,1.0,0.0,-3.0,2.0,150.0,100.0,1.8456956,1.936413,1.4334321,-3.0,1.9947234
2024-05-11 23:40:00,5.13,5.55,0.68,930.5,1.51,2.61,206,43.95223,7.5882672593945975,2.61,3.1010933951112283,7.5089999999999995,-68.53205510542048,-0.08531004156530315,280.5,1.0,5.0,1.6429809,2.0,150.0,100.0,2.0865276,-3.0,1.5838437,-3.0,-3.0
2024-05-11 23:45:00,4.67,5.64,0.57,941.4,1.78,3.16,224,96.53036,7.34461707647172,3.16,3.109493112161783,7.585,-69.03819155890237,-0.20738707367170406,257.9166666666667,1.0,10.0,1.984664,2.0,150.0,100.0,1.9754838,-3.0,-3.0,-3.0,-3.0
2024-05-11 23:50:00,4.19,5.22,1.44,950.3,1.9,3.44,228,158.69955,6.8467583570621215,3.44,2.388107115225563,7.935,-70.60592584213752,-0.17512126239814024,247.25,1.0,15.0,2.2005756,2.0,150.0,100.0,2.3952298,0.84543085,1.5225227,1.5532222,0.7978351
2024-05-11 23:55:00,3.9,6.07,1.26,928.6,1.74,3.0,196,83.44224,7.3241040407684,3.0,2.7094281586426705,7.664000000000001,-70.78940418288377,-0.08273314172023163,233.41666666666666,1.0,20.0,1.9213859,2.0,150.0,100.0,1.8843985,1.2223951,1.9318347,-3.0,-3.0
2024-05-12 00:00:00,3.52,6.01,1.6,933.3,1.93,3.37,180,56.820435,7.146362711197914,3.37,2.4769188570318814,7.812999999999999,-71.43325725933984,-0.10899173756697564,222.41666666666666,1.0,25.0,1.7545046,2.0,150.0,100.0,1.7608316,1.9614837,1.69201,-3.0,1.6721898
2024-05-12 00:05:00,4.83,5.59,1.41,938.6,2.04,3.6,221,102.84425,7.520977330108103,3.6,2.666341326391072,7.809,-71.87932155855353,0.03132935423871146,218.33333333333334,1.0,30.0,2.01218,3.0,150.0,100.0,2.3225715,1.9032209,-3.0,1.1730798,-3.0
2024-05-12 00:10:00,3.95,4.67,0.6,931.4,2.12,3.69,218,69.25163,6.145844124284312,3.69,2.497393412520979,7.494,-71.11996371695273,-0.013000704203884083,223.25,1.0,35.0,1.84043,2.0,150.0,100.0,1.9753206,0.66887313,2.0031047,1.7682394,-3.0
2024-05-12 00:15:00,5.14,4.98,-1.74,938.9,1.82,3.21,304,74.39436,7.365297006910176,3.21,4.598119166198494,7.9110000000000005,-72.00932860059237,-0.12192605044152316,233.66666666666666,1.0,0.0,1.8715401,2.0,150.0,100.0,2.1003582,2.0532863,1.7533922,1.6349964,1.5917925
2024-05-12 00:20:00,5.52,3.2,-1.38,940.9,1.84,3.25,449,-26.934656,6.5280012254900806,3.25,4.287241486188823,7.8229999999999995,-72.33922422136796,0.0513425656275885,249.16666666666666,1.0,5.0,-3.0,3.0,150.0,100.0,2.3308122,2.0863,-3.0,-3.0,-3.0
2024-05-12 00:25:00,4.54,5.09,-0.27,942.7,1.69,3.0,638,61.117638,6.825877233000898,3.0,3.3878040053357745,7.508000000000001,-71.49590294431648,0.20388164832371986,282.8333333333333,1.0,10.0,1.7861665,3.0,150.0,100.0,2.192353,2.2266598,-3.0,0.7128411,-3.0
2024-05-12 00:30:00,2.87,5.87,0.89,906.5,2.09,3.43,678,79.63357,6.594383974261736,3.43,2.5408522988440083,7.332000000000001,-70.30040773813076,0.2059469302520654,321.5,1.0,0.0,1.9010962,3.0,150.0,100.0,1.9557915,2.1189508,-3.0,-3.0,1.4291995
2024-05-12 00:35:00,4.07,5.97,0.55,916.4,1.9,3.18,613,54.752605,7.2462611048733265,3.18,3.0156422553711306,7.329,-69.43643364179583,0.08779266363657996,346.25,1.0,5.0,1.7384048,3.0,150.0,100.0,-3.0,2.3750002,-3.0,-3.0,-3.0
2024-05-12 00:40:00,5.38,5.15,0.14,946.6,1.62,2.9,652,38.743748,7.448926097096145,2.9,3.429771194538542,7.508,-69.42248110176496,-0.3335956060983264,383.4166666666667,1.0,10.0,1.5882016,2.0,150.0,100.0,1.6429809,2.3407702,1.7771598,-3.0,-3.0
2024-05-12 00:45:00,7.33,1.9,-2.21,980.6,2.03,3.9,904,64.556595,7.88815567797695,3.9,6.800285121715558,8.469,-72.7723897027791,-0.7684164783248534,440.0833333333333,1.0,0.0,1.8099406,2.0,150.0,100.0,1.984664,2.06332,1.8098437,-3.0,1.1753021
2024-05-12 00:50:00,5.42,-1.21,-4.86,995.8,2.09,4.15,1040,13.617709,7.379708666336361,4.15,7.239868217037045,9.0,-77.10664588501349,-0.7430153455258974,507.75,1.0,5.0,1.134104,2.0,150.0,100.0,2.2005756,1.7967664,2.0406942,2.0026016,0.9898914
2024-05-12 00:55:00,3.79,-4.84,-6.23,989.2,1.64,3.2,860,41.68226,8.752291128613125,3.2,7.747373518677956,9.0,-80.20254315803807,-0.5307252468042108,563.0833333333334,1.0,10.0,1.6199512,2.0,150.0,100.0,1.9213859,2.0615811,1.4279578,1.8739508,-3.0
2024-05-12 01:00:00,3.42,-5.46,-5.93,1014.0,1.76,3.61,668,47.68061,8.756306298891102,3.61,7.705366528602442,9.0,-82.4138983530556,-0.3790894620030073,603.75,1.0,15.0,1.6783419,2.0,150.0,100.0,1.7545046,1.8139182,2.1613564,-3.0,-3.0
2024-05-12 01:05:00,4.72,-3.52,-6.17,1007.2,1.86,3.78,795,90.709984,8.52863998536695,3.78,8.025634873787736,9.0,-83.99343777806814,-0.2707781871450067,651.5833333333334,1.0,20.0,1.9576551,2.0,150.0,100.0,2.01218,2.2445354,1.5556022,1.9876093,-3.0
2024-05-12 01:10:00,3.72,-2.6,-5.62,1009.3,2.34,4.78,1031,-26.6526,7.223766330661589,4.78,6.954035920955357,9.0,-85.12168022450567,-0.19341299081786048,719.3333333333334,1.0,25.0,-3.0,2.0,150.0,100.0,1.84043,2.388674,2.0960429,1.660628,0.7027084
2024-05-12 01:15:00,3.69,-1.62,-4.64,1017.0,3.45,7.17,1144,72.618935,6.145738360848108,7.17,6.075559416637566,9.0,-85.92756768624675,-0.13815213629847137,789.3333333333334,1.0,30.0,1.8610499,2.0,150.0,100.0,1.8715401,2.097773,1.3665932,-3.0,1.4031838
2024-05-12 01:20:00,4.42,-1.35,-4.73,1023.3,3.76,7.87,1271,-10.853291,6.6130023438677235,7.87,6.637159380414654,9.0,-86.50320158749038,-0.09868009735605199,857.8333333333334,1.0,35.0,-3.0,2.0,150.0,100.0,-3.0,1.9898446,-3.0,-3.0,0.8359409
2024-05-12 01:25:00,6.1,0.07,-3.95,1002.8,3.75,7.58,1351,-60.61065,7.267558049303768,7.58,7.287335150693619,9.0,-86.91436865980727,0.03518156251865889,917.25,1.0,40.0,-3.0,3.0,150.0,100.0,1.7861665,2.3042295,-3.0,0.7076896,1.2742666
2024-05-12 01:30:00,7.86,2.07,-2.66,991.5,2.95,5.8,1297,48.74198,8.552198547741977,5.8,7.585732974524629,8.713000000000001,-86.15138596230379,0.0673069436696295,968.8333333333334,1.0,45.0,1.6879032,3.0,150.0,100.0,1.9010962,2.1523175,1.3834796,-3.0,-3.0
2024-05-12 01:35:00,7.69,1.46,-3.1,995.6,3.07,6.09,1046,-45.81076,8.418889475459338,6.09,7.9823943121576,8.886000000000001,-86.24129922311097,0.11961022020256137,1004.9166666666666,1.0,50.0,-3.0,3.0,150.0,100.0,1.7384048,1.8456956,1.4941491,-3.0,-3.0
2024-05-12 01:40:00,7.48,2.33,-2.27,983.5,3.54,6.85,910,0.43702468,8.156727284885772,6.85,6.810093167673533,8.516,-84.95528376027818,0.4035532449867475,1026.4166666666667,1.0,55.0,-0.35949403,3.0,150.0,100.0,1.5882016,2.0865276,-3.0,-3.0,-3.0
2024-05-12 01:45:00,7.15,3.2,-0.64,980.9,3.38,6.5,1010,-47.116577,7.859522886282602,6.5,4.6106724539599675,8.001,-82.2057667732435,0.341810676976641,1035.25,1.0,60.0,-3.0,3.0,150.0,100.0,1.8099406,1.9754838,1.883439,-3.0,1.3192188
2024-05-12 01:50:00,6.81,2.25,-1.86,980.9,3.38,6.5,1217,-8.410144,7.409331953691911,6.5,5.949239648173686,8.367,-81.53717699051177,0.15598334883278114,1050.0,1.0,65.0,-3.0,3.0,150.0,100.0,1.134104,2.3952298,1.2000282,-3.0,-3.0
2024-05-12 01:55:00,5.14,3.0,-1.54,978.9,3.89,7.46,1031,-71.89962,6.147454757865241,7.46,4.382956759002712,8.251,-80.64593328491569,0.03253394093357116,1064.25,1.0,70.0,-3.0,3.0,150.0,100.0,1.6199512,1.8843985,1.4845972,0.031698696,-3.0
2024-05-12 02:00:00,1.21,-1.19,-2.95,970.1,6.01,11.28,857,-30.098883,3.403336598104866,11.28,3.1817109482981336,8.586,-81.21183758117606,-0.122439986684671,1080.0,1.0,75.0,-3.0,2.0,150.0,100.0,1.6783419,1.7608316,1.7050625,1.7502407,1.7316815
2024-05-12 02:05:00,0.16,-2.93,-3.68,955.2,7.1,12.97,914,27.047546,4.706686732723988,12.97,4.006497991663317,8.656,-81.8703331517624,-0.15085354726489725,1089.9166666666667,1.0,80.0,1.4321278,2.0,150.0,100.0,1.9576551,2.3225715,2.086163,-3.0,-3.0
2024-05-12 02:10:00,0.39,-2.98,-3.83,961.1,4.24,7.81,1228,-97.44895,4.8684083641370925,7.81,4.185954296078442,8.760000000000002,-82.72037305382503,-0.19903511748554764,1106.3333333333333,1.0,85.0,-3.0,2.0,150.0,100.0,-3.0,1.9753206,2.22041,-3.0,1.9137374
2024-05-12 02:15:00,-0.7,-5.05,-5.01,940.2,5.2,9.19,1156,145.54866,7.147908785092322,9.19,5.726808503206492,8.905,-83.86068432661787,-0.15169546315593863,1107.3333333333333,1.0,90.0,2.1630082,2.0,150.0,100.0,1.8610499,2.1003582,1.9537206,-3.0,2.1569924
2024-05-12 02:20:00,-1.68,-5.87,-4.44,945.4,3.47,6.2,1198,27.623676,7.549364211640607,6.2,5.721353945510091,8.786,-84.23732768538441,0.0116182983592239,1101.25,1.0,95.0,1.4412814,3.0,150.0,100.0,-3.0,2.3308122,1.928221,1.4762774,1.8954232
2024-05-12 02:25:00,-2.7,-6.01,-3.58,950.3,2.76,4.98,1286,-26.07904,7.498433169669514,4.98,5.386221248757311,8.577,-83.74450134302563,0.08629588510788296,1095.8333333333333,1.0,100.0,-3.0,3.0,150.0,100.0,-3.0,2.192353,-3.0,1.0868407,2.0633643
2024-05-12 02:30:00,-2.96,-5.92,-3.6,949.2,2.76,4.98,1202,-26.810263,7.534454193901507,4.98,5.433795284406484,8.572000000000001,-83.37436883430559,0.006322979520618333,1087.9166666666667,1.0,105.0,-3.0,3.0,150.0,100.0,1.6879032,1.9557915,1.7322044,-1.317398,0.7190375
2024-05-12 02:35:00,-2.17,-5.05,-4.32,943.3,4.49,7.97,1076,-23.560766,6.990979902703197,7.97,5.4406946205894435,8.729,-83.68127154781945,-0.08265506997063028,1090.4166666666667,1.0,110.0,-3.0,2.0,150.0,100.0,-3.0,-3.0,1.936413,-3.0,1.7785419
2024-05-12 02:40:00,-0.79,-4.08,-4.75,938.6,6.68,11.77,1066,-11.943093,6.3113390021452656,11.77,5.208757580527957,8.811,-84.20091953401189,-0.005896737421899445,1103.4166666666667,1.0,115.0,-3.0,2.0,150.0,100.0,-0.35949403,1.6429809,-3.0,-3.0,1.2959306
2024-05-12 02:45:00,0.67,-2.68,-4.13,934.4,8.45,14.74,1011,21.04472,4.968722169733382,14.74,4.268708065021408,8.583,-83.74023892203844,0.23038677868186425,1103.5,1.0,120.0,1.3231431,3.0,150.0,100.0,-3.0,1.984664,-3.0,-3.0,1.7323147
2024-05-12 02:50:00,-5.21,-1.41,2.45,942.5,8.53,15.12,1078,-9.468317,5.927453078683963,15.12,0.37230620107914264,8.16,-81.89705174719325,0.0890835683157249,1091.9166666666667,1.0,0.0,-3.0,3.0,150.0,100.0,-3.0,2.2005756,0.84543085,1.9925187,2.0106347
2024-05-12 02:55:00,-5.69,0.3,4.4,947.0,5.34,9.58,920,-39.50516,7.199034657507909,9.58,0.007895696149946053,8.79,-82.8494032388812,-0.1599599183408344,1082.6666666666667,1.0,5.0,-3.0,2.0,150.0,100.0,-3.0,1.9213859,1.2223951,-3.0,1.910545
2024-05-12 03:00:00,-5.74,0.07,4.37,947.0,999.99,99.99,1044,-21.775364,7.214527011523348,99.99,0.0004381748956416287,8.780999999999999,-83.49665093060159,-0.10655892774092876,1098.25,1.0,10.0,-3.0,2.0,150.0,100.0,-3.0,1.7545046,1.9614837,-3.0,1.3721701
2024-05-12 03:05:00,-5.78,-0.11,4.33,947.0,999.99,99.99,1100,-0.0027870177,7.222838777101424,99.99,0.0011030554317286046,8.769,-83.91499251629048,-0.0757469200220882,1113.75,1.0,15.0,-3.0,2.0,150.0,100.0,1.4321278,2.01218,1.9032209,1.9420949,1.2815719
2024-05-12 03:10:00,-5.88,0.12,4.48,943.6,5.45,9.71,1017,2.5850463,7.393186052034671,9.71,0.001250640305290639,8.78,-84.25412013082247,-0.08716176892693568,1096.1666666666667,1.0,20.0,0.4124683,2.0,150.0,100.0,-3.0,1.84043,0.66887313,-3.0,-3.0
2024-05-12 03:15:00,-5.72,1.0,4.74,943.7,5.54,9.87,1015,-39.12507,7.495732119012791,9.87,0.07617660388666117,8.859,-84.78661020555984,-0.06959436716732484,1084.4166666666667,1.0,25.0,-3.0,2.0,150.0,100.0,2.1630082,1.8715401,2.0532863,-3.0,-3.0
2024-05-12 03:20:00,-5.49,1.31,4.94,931.8,5.51,9.57,956,9.248456,7.500653304879516,9.57,0.11674871469624444,8.799999999999999,-84.95006380249572,0.008210660418863824,1064.25,1.0,30.0,0.9660692,3.0,150.0,100.0,1.4412814,-3.0,2.0863,1.3207891,-3.0
2024-05-12 03:25:00,-5.74,1.0,4.75,927.6,5.38,9.27,869,-56.808876,7.5173200011706305,9.27,0.07478688285564457,8.701,-84.7045036013712,0.042825865322340916,1029.5,1.0,35.0,-3.0,3.0,150.0,100.0,-3.0,1.7861665,2.2266598,-3.0,1.4654741
2024-05-12 03:30:00,-5.88,1.14,4.5,934.9,5.3,9.27,880,-62.990376,7.491595290724132,9.27,0.10723856736734394,8.699,-84.52180514927231,0.1827103916067941,1002.6666666666666,1.0,40.0,-3.0,3.0,150.0,100.0,-3.0,1.9010962,2.1189508,-3.0,1.491965
2024-05-12 03:35:00,-6.53,0.27,3.1,934.9,999.99,99.99,913,-30.996777,7.233519198840907,99.99,0.012752538055499217,8.279,-82.87739968530326,0.3547712024919164,989.0833333333334,1.0,45.0,-3.0,3.0,150.0,100.0,-3.0,1.7384048,2.3750002,1.7807615,-3.0
2024-05-12 03:40:00,-6.23,-0.28,2.36,936.5,12.88,22.58,914,8.498083,6.6679007191169255,22.58,0.0217456958091272,8.073,-80.97409312435315,0.46341898643173496,976.4166666666666,1.0,50.0,0.929321,3.0,150.0,100.0,-3.0,1.5882016,2.3407702,-3.0,-3.0
2024-05-12 03:45:00,-5.23,-1.05,1.48,923.4,10.8,18.46,772,3.7784011,5.53586488274416,18.46,0.47133249470171185,7.678,-78.24320982098591,0.39914435699386674,956.5,1.0,55.0,0.57730806,3.0,150.0,100.0,1.3231431,1.8099406,2.06332,-3.0,1.3310317
2024-05-12 03:50:00,-4.32,-4.48,-2.47,913.7,9.41,15.71,756,-145.55862,6.695797189282245,15.71,4.535906011050773,7.878,-76.98264955441448,0.2905852535837866,929.6666666666666,1.0,0.0,-3.0,3.0,150.0,100.0,-3.0,1.134104,1.7967664,-3.0,1.7078111
2024-05-12 03:55:00,-6.04,-2.36,1.65,916.7,9.84,16.52,926,24.96622,6.691315266821613,16.52,1.3096056881607476,7.662000000000001,-75.33735728514804,0.36258107128872297,930.1666666666666,1.0,0.0,1.3973528,3.0,150.0,100.0,-3.0,1.6199512,2.0615811,1.8144362,-3.0
2024-05-12 04:00:00,-5.5,-2.8,0.59,924.8,10.91,18.66,1272,28.428247,6.199846772300102,18.66,2.2757115091367037,7.424999999999999,-73.35683884152725,0.2934602109900283,949.1666666666666,1.0,5.0,1.4537501,3.0,150.0,100.0,-3.0,1.6783419,1.8139182,1.8046206,1.8425281
2024-05-12 04:05:00,-5.27,-2.11,1.23,919.2,12.2,20.61,1161,23.599049,5.80843352376525,20.61,1.3251237694468807,7.561,-72.40275517524776,0.062228395138059514,954.25,1.0,10.0,1.3728945,3.0,150.0,100.0,-3.0,1.9576551,2.2445354,2.2636492,-3.0
2024-05-12 04:10:00,-5.2,-1.79,2.3,916.6,10.79,18.15,982,-77.602264,5.9610485654790635,18.15,0.5759837444634943,7.856,-72.73455489014665,-0.08538862561736664,951.3333333333334,1.0,15.0,-3.0,2.0,150.0,100.0,0.4124683,-3.0,2.388674,1.9189103,1.7504356
2024-05-12 04:15:00,-5.97,-1.92,2.64,914.6,5.14,8.58,948,28.901785,6.8041825372339915,8.58,0.5951277483791252,7.938,-73.25664143142143,-0.08253357289290193,945.75,1.0,20.0,1.4609246,2.0,150.0,100.0,-3.0,1.8610499,2.097773,1.7773324,-3.0
2024-05-12 04:20:00,-6.04,-1.92,2.47,917.7,3.63,6.11,654,0.8172882,6.802124668072469,6.11,0.6569272533949654,7.918,-73.55989061907567,-0.021089313244755204,920.5833333333334,1.0,25.0,-0.08762476,2.0,150.0,100.0,0.9660692,-3.0,1.9898446,-3.0,1.4964702
2024-05-12 04:25:00,-5.99,-2.13,2.17,917.8,3.84,6.47,674,18.215252,6.717581410001668,6.47,0.8827193764465571,7.829,-73.46753456386898,0.017909070965298212,904.3333333333334,1.0,30.0,1.2604352,3.0,150.0,100.0,-3.0,-3.0,2.3042295,1.9972641,1.8318998
2024-05-12 04:30:00,-5.76,-2.09,2.01,922.0,4.01,6.82,842,96.87854,6.448705296414157,6.82,0.9121378377608588,7.8229999999999995,-73.38079990942269,-0.03449039312350237,901.1666666666666,1.0,35.0,1.9862276,2.0,150.0,100.0,-3.0,1.6879032,2.1523175,-3.0,1.3160095
2024-05-12 04:35:00,-5.78,-1.67,2.27,928.4,5.77,9.95,937,-82.473015,6.430412117430733,9.95,0.5805773281879293,7.965,-73.812438495104,-0.07923506319079934,903.1666666666666,1.0,40.0,-3.0,2.0,150.0,100.0,-3.0,-3.0,1.8456956,-3.0,-3.0
2024-05-12 04:40:00,-5.77,-1.6,2.32,928.4,999.99,99.99,564,13.036267,6.421471793911423,99.99,0.5269756732905893,7.9799999999999995,-74.17315054133068,-0.07233088134649535,874.0,1.0,45.0,1.1151533,2.0,150.0,100.0,0.929321,-0.35949403,2.0865276,1.8060635,-3.0
2024-05-12 04:45:00,-5.78,-1.34,2.48,926.6,5.44,9.34,433,51.20014,6.430738682297703,9.34,0.35815879642470744,8.01,-74.53574730856896,-0.05201441561969063,845.75,1.0,50.0,1.7092712,2.0,150.0,100.0,0.57730806,-3.0,1.9754838,-3.0,-3.0
2024-05-12 04:50:00,-5.6,-1.13,2.57,921.0,3.83,6.5,461,-98.53255,6.264327577641514,6.5,0.24398972803760682,7.981,-74.69329469752759,-0.057849747973470755,821.1666666666666,1.0,55.0,-3.0,2.0,150.0,100.0,-3.0,-3.0,2.3952298,1.527317,1.8924804
2024-05-12 04:55:00,-5.33,-0.51,2.95,918.4,2.85,4.81,486,-40.842804,6.113223372329855,4.81,0.04103308892071604,8.069,-75.11424478830367,-0.07849219190722465,784.5,1.0,60.0,-3.0,2.0,150.0,100.0,1.3973528,-3.0,1.8843985,1.9819877,1.7919345
2024-05-12 05:00:00,-5.16,-0.22,3.09,916.0,2.66,4.47,294,-70.096054,6.018479874519811,4.47,0.006959906722422611,8.087,-75.47821661659984,-0.12607470849991245,703.0,1.0,65.0,-3.0,2.0,150.0,100.0,1.4537501,-3.0,1.7608316,-3.0,0.9672571
2024-05-12 05:05:00,-4.74,0.84,3.77,913.6,2.21,3.68,341,55.249733,6.114417388435304,3.68,0.06685183753899407,8.267,-76.37499187330279,-0.11402766359626071,634.6666666666666,1.0,70.0,1.7423302,2.0,150.0,100.0,1.3728945,1.4321278,2.3225715,1.7395158,1.683759
2024-05-12 05:10:00,-4.75,0.65,3.64,906.3,2.74,4.49,287,-74.77033,6.019518253149499,4.49,0.042477598317056525,8.155,-76.61849325256244,-0.009682581605854067,576.75,1.0,75.0,-3.0,2.0,150.0,100.0,-3.0,-3.0,1.9753206,-3.0,1.5665166
2024-05-12 05:15:00,-4.87,0.38,3.5,901.4,4.12,6.7,306,-91.9698,6.009267842258323,6.7,0.015823090075029134,8.064,-76.47181768936133,0.03567429439671912,523.25,1.0,80.0,-3.0,3.0,150.0,100.0,1.4609246,2.1630082,2.1003582,1.8193938,-3.0
2024-05-12 05:20:00,-4.97,-0.06,3.32,903.8,3.42,5.59,247,39.744,5.977198340359804,5.59,0.00044099125689719076,8.033999999999999,-76.26175030859525,0.049671066894622126,489.3333333333333,1.0,85.0,1.5992715,3.0,150.0,100.0,-0.08762476,1.4412814,2.3308122,0.77422327,2.025947
2024-05-12 05:25:00,-5.01,-0.19,3.17,904.4,3.19,5.22,314,-20.529633,5.931702959521827,5.22,0.004805077830249266,7.994999999999999,-75.97510702041511,0.058226712025067684,459.3333333333333,1.0,90.0,-3.0,3.0,150.0,100.0,1.2604352,-3.0,2.192353,1.626773,2.0994492
2024-05-12 05:30:00,-4.89,-0.11,3.15,902.4,2.96,4.81,270,-12.040405,5.8177916772603675,4.81,0.0015990592109194884,7.969,-75.67948318834458,0.05870528712620029,411.6666666666667,1.0,95.0,-3.0,3.0,150.0,100.0,1.9862276,-3.0,1.9557915,-3.0,2.047828
2024-05-12 05:35:00,-4.51,0.2,3.15,900.1,3.42,5.54,290,-8.872475,5.504779741279391,5.54,0.004978505151899276,7.946000000000001,-75.3880541491531,0.07397029187953166,357.75,1.0,100.0,-3.0,3.0,150.0,100.0,-3.0,-3.0,-3.0,1.4334321,1.6949699
2024-05-12 05:40:00,-4.54,0.01,3.03,896.8,3.98,6.41,227,-38.139713,5.4582597959422925,6.41,1.3329105528109335e-05,7.877,-74.93978026954926,0.09902425421950482,329.6666666666667,1.0,105.0,-3.0,3.0,150.0,100.0,1.1151533,-3.0,1.6429809,1.5838437,-3.0
2024-05-12 05:45:00,-4.7,-0.05,2.86,895.5,3.35,5.38,236,-19.581059,5.502008724093411,5.38,0.0003763875738467974,7.813,-74.39781160695806,0.12187900086704531,313.25,1.0,110.0,-3.0,3.0,150.0,100.0,1.7092712,1.3231431,1.984664,-3.0,1.764984
2024-05-12 05:50:00,-4.82,0.04,2.6,894.9,3.23,5.18,204,-40.123764,5.476677825105289,5.18,0.00028995320374144745,7.729,-73.7209902608788,0.09362288284185923,291.8333333333333,1.0,115.0,-3.0,3.0,150.0,100.0,-3.0,-3.0,2.2005756,1.5225227,1.8296365
2024-05-12 05:55:00,-4.59,0.65,2.88,893.0,3.01,4.8,220,62.365105,5.457563558951924,4.8,0.0597882293312582,7.794,-73.46158277853947,0.0028636370888690975,269.6666666666667,1.0,120.0,1.7949417,3.0,150.0,100.0,-3.0,-3.0,1.9213859,1.9318347,1.8396571
2024-05-12 06:00:00,-4.21,1.38,3.26,893.6,3.05,4.87,177,20.885008,5.50055451750094,4.87,0.19442633812261986,7.914,-73.69235388999012,-0.04269402283869965,259.9166666666667,1.0,125.0,1.3198346,2.0,150.0,100.0,-3.0,-3.0,1.7545046,1.69201,-3.0
2024-05-12 06:05:00,-4.26,1.02,3.29,893.6,3.05,4.87,255,40.091183,5.478330037520558,4.87,0.109782312329097,7.923,-73.88852300692646,-0.03537046120224119,252.75,1.0,130.0,1.6030489,2.0,150.0,100.0,1.7423302,-3.0,2.01218,-3.0,-3.0
2024-05-12 06:10:00,-4.31,0.98,3.29,894.1,3.26,5.21,265,-39.103523,5.5100453718640106,5.21,0.10250712172534708,7.928000000000001,-74.04605850201253,-0.023871834930501733,250.91666666666666,1.0,135.0,-3.0,2.0,150.0,100.0,-3.0,0.4124683,1.84043,2.0031047,-3.0
2024-05-12 06:15:00,-4.36,0.62,3.26,894.1,3.23,5.16,252,15.987058,5.479197021462178,5.16,0.04313212091287461,7.9190000000000005,-74.12724135623148,0.005544891968717991,246.41666666666666,1.0,140.0,1.2037685,3.0,150.0,100.0,-3.0,-3.0,1.8715401,1.7533922,-3.0
2024-05-12 06:20:00,-4.32,-0.32,3.17,891.2,2.67,4.25,219,-21.42583,5.3678394163760155,4.25,0.012094624378788861,7.863,-73.99060958232535,0.06695866331197493,244.08333333333334,1.0,145.0,-3.0,3.0,150.0,100.0,1.5992715,0.9660692,-3.0,-3.0,-3.0
2024-05-12 06:25:00,-4.17,-0.75,2.71,892.4,2.3,3.66,190,-50.451405,5.029463192031532,3.66,0.08130043049325314,7.736999999999999,-73.45765472311173,0.1624588767470115,233.75,1.0,150.0,-3.0,3.0,150.0,100.0,-3.0,-3.0,1.7861665,-3.0,2.0337405
2024-05-12 06:30:00,-3.92,-0.24,2.01,892.6,2.4,3.82,244,-77.5236,4.411813686002617,3.82,0.013887710984021914,7.529,-72.36602081485523,0.16263706878225434,231.58333333333334,1.0,155.0,-3.0,3.0,150.0,100.0,-3.0,-3.0,1.9010962,-3.0,1.9408172
2024-05-12 06:35:00,-3.78,-0.42,2.32,890.5,2.26,3.59,264,-53.990013,4.455019640809678,3.59,0.03172694413019076,7.601,-71.83128403528919,0.13209949297583706,229.41666666666666,1.0,160.0,-3.0,3.0,150.0,100.0,-3.0,-3.0,1.7384048,-3.0,-3.0
2024-05-12 06:40:00,-3.87,-0.69,2.2,882.2,1.84,2.87,242,-27.174252,4.50477524411596,2.87,0.09106525571197813,7.482000000000001,-71.04502588509686,0.15740965534811124,230.66666666666666,1.0,165.0,-3.0,3.0,150.0,100.0,-3.0,0.929321,1.5882016,1.7771598,-3.0
2024-05-12 06:45:00,-3.82,-0.88,1.88,885.1,2.07,3.24,232,-75.28287,4.3475510347780855,3.24,0.18145282558128575,7.415,-70.25718748180807,0.10972747543310817,230.33333333333334,1.0,170.0,-3.0,3.0,150.0,100.0,-3.0,0.57730806,1.8099406,1.8098437,-3.0
2024-05-12 06:50:00,-3.62,-1.27,2.1,886.0,2.15,3.38,223,-7.8141108,4.373476877725547,3.38,0.2795934013977298,7.49,-69.94775113076578,0.02894949571042247,231.91666666666666,1.0,175.0,-3.0,3.0,150.0,100.0,-3.0,-3.0,1.134104,2.0406942,-3.0
2024-05-12 06:55:00,-3.43,-1.35,2.31,886.8,1.57,2.48,213,-22.555773,4.35011494101018,2.48,0.26353379111558795,7.560999999999999,-69.96769252470385,0.031163617936208254,231.33333333333334,1.0,180.0,-3.0,3.0,150.0,100.0,1.7949417,1.3973528,1.6199512,1.4279578,-3.0
2024-05-12 07:00:00,-3.49,-1.17,2.18,880.5,1.71,2.65,242,-9.186815,4.278013557715777,2.65,0.2238995732034837,7.459,-69.6361149514037,0.07808380814866496,236.75,1.0,185.0,-3.0,3.0,150.0,100.0,1.3198346,1.4537501,1.6783419,2.1613564,1.8403343
2024-05-12 07:05:00,-3.43,-1.39,1.93,881.7,1.85,2.88,230,-36.2371,4.173954959028667,2.88,0.3469401599611088,7.396,-69.1868544432172,0.09012064114355667,234.66666666666666,1.0,190.0,-3.0,3.0,150.0,100.0,1.6030489,1.3728945,1.9576551,1.5556022,-3.0
2024-05-12 07:10:00,-3.54,-1.2,1.71,884.4,1.88,2.94,253,1.167804,4.110437932872847,2.94,0.32979782494483184,7.357,-68.73490853996813,0.08116632909543,233.66666666666666,1.0,195.0,0.06736996,3.0,150.0,100.0,-3.0,-3.0,-3.0,2.0960429,-3.0
2024-05-12 07:15:00,-3.53,-1.43,1.65,885.1,2.01,3.14,257,-49.779556,4.15069873635753,3.14,0.4487727023398917,7.346,-68.3751911522629,0.06401251104718284,234.08333333333334,1.0,200.0,-3.0,3.0,150.0,100.0,1.2037685,1.4609246,1.8610499,1.3665932,-3.0
2024-05-12 07:20:00,-3.63,-1.33,1.7,882.9,2.16,3.37,264,45.38209,4.223245197712299,3.37,0.3959831405969565,7.3389999999999995,-68.0947834294963,0.057110863303179826,237.83333333333334,1.0,205.0,1.6568846,3.0,150.0,100.0,-3.0,-0.08762476,-3.0,-3.0,-3.0
2024-05-12 07:25:00,-3.46,-1.75,1.7,880.2,2.29,3.54,288,44.208866,4.233686336988134,3.54,0.5649626659446827,7.312,-67.8040825192311,0.07585900608908958,246.0,1.0,210.0,1.6455094,3.0,150.0,100.0,-3.0,1.2604352,-3.0,-3.0,-3.0
2024-05-12 07:30:00,-3.84,-1.12,1.36,882.6,2.29,3.56,296,-50.92976,4.2248786964834855,3.56,0.42522215631106497,7.234000000000001,-67.33619336860541,0.11766342278317268,250.33333333333334,1.0,215.0,-3.0,3.0,150.0,100.0,-3.0,1.9862276,1.6879032,1.3834796,0.59898555
2024-05-12 07:35:00,-3.97,-0.74,1.3,873.1,2.04,3.11,277,-8.354648,4.242463906740988,3.11,0.24249835242299392,7.121,-66.62744829139938,0.11951787637224527,251.41666666666666,1.0,220.0,-3.0,3.0,150.0,100.0,-3.0,-3.0,-3.0,1.4941491,-3.0
2024-05-12 07:40:00,-4.14,-0.31,1.45,869.2,1.92,2.89,254,-2.062758,4.397522029507072,2.89,0.04223479199509212,7.127,-66.14101460488295,0.07876240259354006,252.41666666666666,1.0,225.0,-3.0,3.0,150.0,100.0,-3.0,1.1151533,-0.35949403,-3.0,-3.0
2024-05-12 07:45:00,-4.1,-0.32,1.43,871.2,1.97,2.99,250,0.12498627,4.353998162608707,2.99,0.04577476355255286,7.141000000000001,-65.83982426546397,0.0483254019757382,253.91666666666666,1.0,230.0,-0.9031377,3.0,150.0,100.0,-3.0,1.7092712,-3.0,1.883439,0.8295349
2024-05-12 07:50:00,-4.17,0.12,1.53,869.2,1.78,2.69,249,-25.290318,4.443444609759415,2.69,0.0059123629841406795,7.151,-65.65776058512557,0.03716225976430678,256.0833333333333,1.0,235.0,-3.0,3.0,150.0,100.0,-3.0,-3.0,-3.0,1.2000282,1.9082974
2024-05-12 07:55:00,-4.14,0.23,1.48,868.9,1.73,2.61,254,-41.942963,4.4026015036566735,2.61,0.02268666989084077,7.133,-65.4682016678209,0.034477928279866885,259.5,1.0,240.0,-3.0,3.0,150.0,100.0,-3.0,-3.0,-3.0,1.4845972,-3.0
2024-05-12 08:00:00,-4.26,-0.04,1.46,868.9,1.73,2.61,288,43.6782,4.503420921921467,2.61,0.0007338752019353767,7.127,-65.3129813023269,0.012716910483827348,263.3333333333333,1.0,245.0,1.6402647,3.0,150.0,100.0,-3.0,-3.0,-3.0,1.7050625,1.4249321
2024-05-12 08:05:00,-4.22,-0.08,1.6,868.9,999.99,99.99,331,-5.1042967,4.513845367311556,99.99,0.002446713516496845,7.1690000000000005,-65.34103256298263,-0.0001734883823971245,271.75,1.0,250.0,-3.0,2.0,150.0,100.0,-3.0,1.7423302,1.4321278,2.086163,2.1198745
2024-05-12 08:10:00,-4.2,-0.05,1.54,869.3,1.75,2.64,315,-6.768856,4.473712105176193,2.64,0.0010240781456430455,7.154999999999999,-65.31471618615087,0.029266046004350697,276.9166666666667,1.0,255.0,-3.0,3.0,150.0,100.0,0.06736996,-3.0,-3.0,2.22041,1.6301905
2024-05-12 08:15:00,-4.29,0.28,1.29,869.3,999.99,99.99,364,57.223408,4.48849640748436,99.99,0.04439391284431973,7.08,-65.04837210293913,0.03148226029882295,285.8333333333333,1.0,260.0,1.7575737,3.0,150.0,100.0,-3.0,-3.0,2.1630082,1.9537206,-3.0
2024-05-12 08:20:00,-4.1,-0.22,1.66,862.5,1.74,2.59,354,-6.7765326,4.428769580820388,2.59,0.016555255742460005,7.123,-64.99989358316265,-0.006240174556187128,293.3333333333333,1.0,265.0,-3.0,2.0,150.0,100.0,1.6568846,1.5992715,1.4412814,1.928221,1.8349365
2024-05-12 08:25:00,-3.94,-0.41,1.73,864.8,1.68,2.51,331,-39.784946,4.322568680773042,2.51,0.05037712237841827,7.167,-65.110773848501,-0.003466801510651862,296.9166666666667,1.0,270.0,-3.0,2.0,150.0,100.0,1.6455094,-3.0,-3.0,-3.0,-3.0
2024-05-12 08:30:00,-4.15,-0.19,1.61,863.7,1.5,2.23,402,-10.745502,4.4554124388209,2.23,0.013259852734913232,7.12,-65.03456159826916,0.06068789916246118,305.75,1.0,275.0,-3.0,3.0,150.0,100.0,-3.0,-3.0,-3.0,1.7322044,0.36454117
2024-05-12 08:35:00,-4.34,0.08,1.26,859.7,1.39,2.06,323,27.395334,4.519911503558449,2.06,0.0039043173539414044,6.9750000000000005,-64.50389485687639,0.14488657546118375,309.5833333333333,1.0,280.0,1.4376765,3.0,150.0,100.0,-3.0,-3.0,-3.0,1.936413,-3.0
2024-05-12 08:40:00,-4.39,0.0,0.72,859.3,1.28,1.89,334,19.84233,4.448651481067043,1.89,0.0,6.809,-63.58569584365733,0.18283501831032184,316.25,1.0,285.0,1.2975926,3.0,150.0,100.0,-3.0,-3.0,-3.0,-3.0,-3.0
2024-05-12 08:45:00,-4.31,0.0,0.68,852.6,1.18,1.72,419,-12.224594,4.363312961500698,1.72,0.0,6.73,-62.67554467377317,0.20485141612502175,330.3333333333333,1.0,290.0,-3.0,3.0,150.0,100.0,-0.9031377,-3.0,1.3231431,-3.0,-3.0
2024-05-12 08:50:00,-4.31,0.36,0.32,848.1,1.24,1.78,427,107.82233,4.336830639995064,1.78,0.6172459874241382,6.577000000000001,-61.53718168240711,0.24967531222842254,345.1666666666667,1.0,295.0,2.0327086,3.0,150.0,100.0,-3.0,-3.0,-3.0,0.84543085,-3.0
2024-05-12 08:55:00,-4.34,0.25,-0.02,839.8,1.14,1.6,458,9.392883,4.347240504043916,1.6,1.9709737178131184,6.404,-60.17879155148894,0.21749654813073888,362.1666666666667,1.0,0.0,0.97279894,3.0,150.0,100.0,-3.0,1.7949417,-3.0,1.2223951,-3.0
2024-05-12 09:00:00,-4.32,0.12,-0.13,841.4,1.23,1.75,507,-25.131908,4.323621167493748,1.75,3.1555162587718826,6.452999999999999,-59.36221620109972,0.09955798228871089,380.4166666666667,1.0,5.0,-3.0,3.0,150.0,100.0,1.6402647,1.3198346,-3.0,1.9614837,1.526462
2024-05-12 09:05:00,-4.14,0.29,-0.56,841.3,1.34,1.89,372,10.744861,4.187755962326363,1.89,3.325852333500505,6.5809999999999995,-59.18321172860183,0.054421977138533605,383.8333333333333,1.0,10.0,1.0312008,3.0,150.0,100.0,-3.0,1.6030489,-3.0,1.9032209,-3.0
2024-05-12 09:10:00,-4.16,0.23,-0.37,839.5,1.4,1.97,390,-4.335791,4.182750291375282,1.97,3.246807693255991,6.506,-58.817996429714384,0.029022506531670444,390.0833333333333,1.0,15.0,-3.0,3.0,150.0,100.0,-3.0,-3.0,0.4124683,0.66887313,-3.0
2024-05-12 09:15:00,-4.11,0.07,-0.72,839.6,1.4,1.97,431,71.53748,4.173176248374852,1.97,3.4955773977016222,6.612,-58.89298666328513,-0.0071331015558875775,395.6666666666667,1.0,20.0,1.8545337,2.0,150.0,100.0,1.7575737,1.2037685,-3.0,2.0532863,-3.0
2024-05-12 09:20:00,-4.12,-0.17,-0.6,841.4,1.12,1.59,643,27.43902,4.166929325054602,1.59,3.439661456426672,6.593999999999999,-58.88932744527326,-0.19658413801534422,419.75,1.0,25.0,1.4383686,2.0,150.0,100.0,-3.0,-3.0,0.9660692,2.0863,1.7923405
2024-05-12 09:25:00,-6.67,-0.68,2.06,858.3,2.28,3.41,731,-40.25377,7.0139076127362845,3.41,0.151701290386459,7.201,-60.85882804343857,-0.7014793417248562,453.0833333333333,1.0,0.0,-3.0,2.0,150.0,100.0,-3.0,-3.0,-3.0,2.2266598,2.0400844
2024-05-12 09:30:00,-9.89,-0.71,4.75,883.4,3.93,6.14,553,-15.944153,10.994484981116669,6.14,0.05335779470750479,8.259,-65.90412086252182,-0.7914212798757922,465.6666666666667,1.0,5.0,-3.0,2.0,150.0,100.0,-3.0,-3.0,-3.0,2.1189508,2.1717615
2024-05-12 09:35:00,-10.07,-0.1,4.27,877.0,4.01,6.17,493,-90.00676,10.938363680185443,6.17,0.0013147936897972504,8.051,-68.7730408421965,-0.6006052833906239,479.8333333333333,1.0,10.0,-3.0,2.0,150.0,100.0,1.4376765,-3.0,-3.0,2.3750002,1.9617593
2024-05-12 09:40:00,-8.44,1.5,5.34,875.6,4.07,6.24,495,-16.954214,10.0994653323827,6.24,0.16475124992077728,8.358,-71.91017369642806,-0.5039121923013141,493.25,1.0,15.0,-3.0,2.0,150.0,100.0,1.2975926,-3.0,0.929321,2.3407702,1.5108017
2024-05-12 09:45:00,-8.72,1.34,5.08,873.9,4.76,7.27,450,-34.58107,10.180392919725643,7.27,0.14712186124052481,8.263,-73.81216276520964,-0.23852352195527118,495.8333333333333,1.0,20.0,-3.0,2.0,150.0,100.0,-3.0,-3.0,0.57730806,2.06332,1.8403792
2024-05-12 09:50:00,-9.36,1.5,4.42,868.9,5.32,8.03,410,52.773956,10.459254275520793,8.03,0.24103580545493739,8.015,-74.29540891598077,-0.004935827747927135,494.4166666666667,1.0,25.0,1.7224196,2.0,150.0,100.0,2.0327086,-3.0,-3.0,1.7967664,-3.0
2024-05-12 09:55:00,-10.01,1.09,3.89,862.4,4.84,7.2,402,73.83863,10.794456910840859,7.2,0.17262596086846518,7.7909999999999995,-73.8615210426889,0.10708653239730097,489.75,1.0,30.0,1.8682836,3.0,150.0,100.0,0.97279894,-3.0,1.3973528,2.0615811,2.0681136
2024-05-12 10:00:00,-9.78,0.9,3.45,866.1,4.97,7.46,395,86.13013,10.409654172930049,7.46,0.14597812171212343,7.696000000000001,-73.22454359200776,0.03384808573642743,480.4166666666667,1.0,35.0,1.935155,3.0,150.0,100.0,-3.0,-3.0,1.4537501,1.8139182,1.7321527
2024-05-12 10:05:00,-9.65,0.96,4.0,871.4,4.0,6.05,383,-37.847057,10.490190656036715,6.05,0.1262059367638199,7.914,-73.52304018532463,-0.27944721783720894,481.3333333333333,1.0,40.0,-3.0,2.0,150.0,100.0,1.0312008,-3.0,1.3728945,2.2445354,2.0412447
2024-05-12 10:10:00,-8.53,1.81,5.86,879.9,3.18,4.91,380,-11.111569,10.506026841770394,4.91,0.20586410723267742,8.556999999999999,-76.01901577037985,-0.3623664872925104,480.5,1.0,45.0,-3.0,2.0,150.0,100.0,-3.0,0.06736996,-3.0,2.388674,1.3484366
2024-05-12 10:15:00,-8.59,2.11,5.19,881.8,2.95,4.59,249,73.56767,10.255549717104394,4.59,0.3329338822789793,8.375,-77.14670505824974,-0.1611817747836241,465.3333333333333,1.0,50.0,1.866687,2.0,150.0,100.0,1.8545337,-3.0,1.4609246,2.097773,-3.0
2024-05-12 10:20:00,-9.27,1.23,5.15,874.0,2.57,3.93,163,29.376842,10.675593660307609,3.93,0.1276227952600435,8.285,-77.6308335182161,-0.11656214852313554,425.3333333333333,1.0,55.0,1.4680051,2.0,150.0,100.0,1.4383686,1.6568846,-0.08762476,1.9898446,-3.0
2024-05-12 10:25:00,-8.65,2.47,5.46,874.1,3.08,4.71,198,3.149091,10.523069894284651,4.71,0.40882423630284564,8.379000000000001,-78.31232654348109,-0.1874278041175657,380.9166666666667,1.0,60.0,0.49818522,2.0,150.0,100.0,-3.0,1.6455094,1.2604352,2.3042295,1.6254926
2024-05-12 10:30:00,-8.12,1.68,5.88,881.1,2.81,4.35,162,23.38233,10.165195521975953,4.35,0.1723064159910489,8.575,-79.50511155939175,-0.23862532468427702,348.3333333333333,1.0,65.0,1.3688878,2.0,150.0,100.0,-3.0,-3.0,1.9862276,2.1523175,2.0603864
2024-05-12 10:35:00,-7.82,1.91,5.73,895.0,2.33,3.73,125,31.56572,9.88096149167681,3.73,0.22690861423962136,8.669,-80.69857979032386,0.036084062345619825,317.6666666666667,1.0,70.0,1.4992157,3.0,150.0,100.0,-3.0,-3.0,-3.0,1.8456956,1.9352036
2024-05-12 10:40:00,-9.32,0.22,4.01,879.2,1.25,1.95,132,52.865063,10.148443230367898,1.95,0.006698918337147542,7.995000000000001,-79.14427093593555,0.30132510463009937,287.4166666666667,1.0,75.0,1.7231687,3.0,150.0,100.0,-3.0,-3.0,1.1151533,2.0865276,-3.0
2024-05-12 10:45:00,-9.42,-0.44,3.77,876.4,0.96,1.48,136,24.045483,10.155929302629081,1.48,0.0300037389023875,7.8950000000000005,-77.68532874402287,0.19069145463532636,261.25,1.0,80.0,1.3810335,3.0,150.0,100.0,-3.0,-0.9031377,1.7092712,1.9754838,-3.0
2024-05-12 10:50:00,-9.18,-0.46,4.05,885.0,1.1,1.72,136,49.023132,10.044227197748963,1.72,0.028394100420759318,8.065000000000001,-77.23735638958229,0.04791179651040665,238.41666666666666,1.0,85.0,1.6904011,3.0,150.0,100.0,1.7224196,-3.0,-3.0,2.3952298,1.3160349
2024-05-12 10:55:00,-9.07,0.23,4.35,884.2,1.06,1.66,125,33.46344,10.061823890329228,1.66,0.006204902534414594,8.147,-77.2062107789188,0.010633720069695585,215.33333333333334,1.0,90.0,1.5245706,3.0,150.0,100.0,1.8682836,-3.0,-3.0,1.8843985,2.0621758
2024-05-12 11:00:00,-9.09,0.04,4.3,884.2,1.06,1.66,107,-28.342785,10.055829155271086,1.66,0.0001923372013336378,8.132,-77.13101918888533,0.05296814982795724,191.33333333333334,1.0,95.0,-3.0,3.0,150.0,100.0,1.935155,1.6402647,-3.0,1.7608316,-3.0
2024-05-12 11:05:00,-9.19,-1.45,4.05,880.3,0.97,1.51,122,-12.494223,10.146974918664183,1.51,0.26136750239112244,8.018,-76.67652928063923,0.06458461439879812,169.58333333333334,1.0,100.0,-3.0,3.0,150.0,100.0,-3.0,-3.0,1.7423302,2.3225715,1.3715938
2024-05-12 11:10:00,-8.51,1.37,4.63,866.7,0.91,1.36,58,79.487526,9.784370189235483,1.36,0.17425567095027356,8.056000000000001,-76.48517304489735,0.16396909449788807,142.75,1.0,105.0,1.900299,3.0,150.0,100.0,-3.0,-3.0,-3.0,1.9753206,1.8460581
2024-05-12 11:15:00,-9.04,-0.28,3.72,856.2,1.17,1.72,55,-20.93128,9.779488739192862,1.72,0.011809214285618477,7.678000000000001,-75.03683833566035,0.23077351206597713,126.58333333333333,1.0,110.0,-3.0,3.0,150.0,100.0,1.866687,1.7575737,-3.0,2.1003582,-3.0
2024-05-12 11:20:00,-9.03,-0.55,3.6,864.9,1.07,1.6,76,-1.3951447,9.736703754351366,1.6,0.048296506594244226,7.729,-74.17743792423758,0.15110787902891615,119.33333333333333,1.0,115.0,-3.0,3.0,150.0,100.0,1.4680051,-3.0,1.5992715,2.3308122,-3.0
2024-05-12 11:25:00,-9.09,-0.48,3.65,862.3,1.04,1.54,120,-4.830542,9.807191239085736,1.54,0.03609532162986592,7.717999999999999,-73.52575954537119,0.12167434962730397,112.83333333333333,1.0,120.0,-3.0,3.0,150.0,100.0,0.49818522,-3.0,-3.0,2.192353,1.7799717
2024-05-12 11:30:00,-9.12,-0.09,3.56,862.1,0.97,1.44,118,104.59303,9.790612851093643,1.44,0.001347983075066068,7.689,-72.96069442796454,0.08965917156957204,109.16666666666667,1.0,125.0,2.0195026,3.0,150.0,100.0,1.3688878,-3.0,-3.0,1.9557915,-3.0
2024-05-12 11:35:00,-8.32,1.97,3.36,870.2,0.95,1.44,163,47.88859,9.186560836352198,1.44,0.5489605820909185,7.710000000000001,-72.62916782967547,0.037560778016710115,112.33333333333333,1.0,130.0,1.680232,3.0,150.0,100.0,1.4992157,1.4376765,-3.0,-3.0,-3.0
2024-05-12 11:40:00,-8.33,1.96,3.36,875.8,0.99,1.52,114,-14.447154,9.193481386286699,1.52,0.5484023742723771,7.766,-72.58508664779744,-0.023562382657809168,110.83333333333333,1.0,135.0,-3.0,2.0,150.0,100.0,1.7231687,1.2975926,-3.0,1.6429809,-3.0
2024-05-12 11:45:00,-8.01,0.62,3.97,866.5,1.17,1.75,102,20.991928,8.961328026581775,1.75,0.046497179156290015,7.856,-72.86479165625356,-0.09916137537378375,108.0,1.0,140.0,1.3220524,2.0,150.0,100.0,1.3810335,-3.0,-3.0,1.984664,-3.0
2024-05-12 11:50:00,-8.07,-0.75,3.91,883.0,1.22,1.9,92,47.962116,8.998638785949796,1.9,0.0711311256053531,8.003,-73.57670040153528,-0.08958692199392856,104.33333333333333,1.0,145.0,1.6808983,2.0,150.0,100.0,1.6904011,2.0327086,-3.0,2.2005756,1.5532222
2024-05-12 11:55:00,-8.12,0.47,3.46,887.2,1.02,1.6,90,-39.757984,8.838942244409111,1.6,0.03568168823029224,7.910000000000001,-73.76066087619284,-0.014165943603615005,101.41666666666667,1.0,150.0,-3.0,2.0,150.0,100.0,1.5245706,0.97279894,1.7949417,1.9213859,-3.0
2024-05-12 12:00:00,-8.2,0.92,3.6,878.0,0.96,1.49,101,23.204014,9.002577408720239,1.49,0.12305836407139836,7.86,-73.71835983757143,0.045615899502462295,100.91666666666667,1.0,155.0,1.3655632,3.0,150.0,100.0,-3.0,-3.0,1.3198346,1.7545046,-3.0
2024-05-12 12:05:00,-8.16,2.21,3.27,876.8,0.98,1.51,85,48.592453,9.064358774894117,1.51,0.6814081996576704,7.749,-73.30450188116822,-0.02669969861617716,97.83333333333333,1.0,160.0,1.6865689,2.0,150.0,100.0,-3.0,1.0312008,1.6030489,2.01218,1.1730798
2024-05-12 12:10:00,-7.91,0.67,4.07,880.9,0.98,1.52,67,53.136024,8.92086879177135,1.52,0.05218136981565598,8.030000000000001,-73.9853568237332,-0.11426444681738701,98.58333333333333,1.0,165.0,1.725389,2.0,150.0,100.0,1.900299,-3.0,-3.0,1.84043,1.7682394
2024-05-12 12:15:00,-7.86,0.62,4.23,875.4,0.97,1.49,63,75.840355,8.94745215131101,1.49,0.041401775755766965,8.023,-74.44714634934209,-0.10480339380852541,99.25,1.0,170.0,1.8799003,2.0,150.0,100.0,-3.0,1.8545337,1.2037685,1.8715401,1.6349964
2024-05-12 12:20:00,-7.9,1.14,4.37,878.5,1.07,1.65,112,-43.13723,9.099807690275657,1.65,0.12943669377187636,8.096,-75.03339076181845,-0.1153030577344623,102.25,1.0,175.0,-3.0,2.0,150.0,100.0,-3.0,1.4383686,-3.0,-3.0,-3.0
2024-05-12 12:25:00,-7.78,2.04,4.09,891.1,1.06,1.68,112,76.35291,9.023197881017571,1.68,0.4226753652046928,8.138,-75.60017692668671,0.05566526834609675,101.58333333333333,1.0,180.0,1.8828256,3.0,150.0,100.0,-3.0,-3.0,-3.0,1.7861665,0.7128411
2024-05-12 12:30:00,-8.1,1.63,3.33,870.0,1.03,1.56,93,11.145509,8.908187245450108,1.56,0.3945920726795814,7.699,-74.47673807835749,0.04857743424051932,99.5,1.0,185.0,1.0471,3.0,150.0,100.0,2.0195026,-3.0,-3.0,1.9010962,-3.0
2024-05-12 12:35:00,-6.39,4.12,4.09,888.6,0.96,1.52,99,10.801592,8.633342342337642,1.52,1.1334071141667847,8.113,-75.11440258428152,-0.018430590762075382,94.16666666666667,1.0,190.0,1.0334878,2.0,150.0,100.0,1.680232,-3.0,-3.0,1.7384048,-3.0
2024-05-12 12:40:00,-6.99,4.09,3.27,887.2,1.11,1.75,108,45.578262,8.73390519756197,1.75,1.4549690195299472,7.853000000000001,-74.66104398597824,-0.041779408002238935,93.66666666666667,1.0,195.0,1.6587578,2.0,150.0,100.0,-3.0,-3.0,-3.0,1.5882016,-3.0
2024-05-12 12:45:00,-7.43,0.11,4.67,879.3,1.01,1.56,126,-11.93267,8.776440052777664,1.56,0.001069957214521184,8.193999999999999,-75.53219666430391,-0.10489022724978411,95.66666666666667,1.0,200.0,-3.0,2.0,150.0,100.0,1.3220524,-3.0,-3.0,1.8099406,-3.0
2024-05-12 12:50:00,-7.53,1.43,4.4,874.8,0.99,1.51,99,-45.29388,8.837748582076772,1.51,0.18928423310990583,8.068,-75.70994625847608,0.07258637144047952,96.25,1.0,205.0,-3.0,3.0,150.0,100.0,1.6808983,1.7224196,-3.0,1.134104,2.0026016
2024-05-12 12:55:00,-8.09,0.89,3.37,876.1,1.04,1.6,80,59.96267,8.808921613909389,1.6,0.12791291880495173,7.772,-74.80633294989912,0.18311258502546934,95.41666666666667,1.0,210.0,1.7778809,3.0,150.0,100.0,-3.0,1.8682836,-3.0,1.6199512,1.8739508
2024-05-12 13:00:00,-7.72,2.06,3.54,862.8,1.06,1.57,86,-1.2529724,8.739199047967725,1.57,0.5115645444266443,7.6899999999999995,-73.87882040822139,0.16003129046785886,94.16666666666667,1.0,215.0,-3.0,3.0,150.0,100.0,1.3655632,1.935155,-3.0,1.6783419,-3.0
2024-05-12 13:05:00,-7.46,2.18,3.33,868.8,1.02,1.53,113,83.82884,8.455347420419814,1.53,0.5999495850436095,7.686999999999999,-73.20602004522053,0.05011080832032775,96.5,1.0,220.0,1.9233935,3.0,150.0,100.0,1.6865689,-3.0,-3.0,1.9576551,1.9876093
2024-05-12 13:10:00,-6.62,3.35,3.49,882.9,1.0,1.56,128,135.91873,8.199207278755672,1.56,1.008300238851783,7.8759999999999994,-73.37771232501811,-0.02804432028123216,101.58333333333333,1.0,225.0,2.1332793,2.0,150.0,100.0,1.725389,-3.0,0.06736996,-3.0,1.660628
2024-05-12 13:15:00,-6.81,3.23,3.47,883.1,1.25,1.95,120,65.62492,8.29758398571536,1.95,0.9820205716281228,7.872,-73.48646324803285,0.1255213512804559,106.33333333333333,1.0,230.0,1.8170688,3.0,150.0,100.0,1.8799003,1.866687,-3.0,1.8610499,-3.0
2024-05-12 13:20:00,-7.28,3.26,2.43,872.2,0.99,1.5,88,138.52362,8.338519053165257,1.5,1.4631664908776123,7.4510000000000005,-72.12249881221355,0.363789376038973,104.33333333333333,1.0,235.0,2.1415238,3.0,150.0,100.0,-3.0,1.4680051,1.6568846,-3.0,-3.0
2024-05-12 13:25:00,-7.87,2.03,1.62,857.5,1.04,1.54,83,60.419964,8.287472473559113,1.54,1.3368922511666426,7.061,-69.84856948764312,0.24462982386478416,101.91666666666667,1.0,240.0,1.7811805,3.0,150.0,100.0,1.8828256,0.49818522,1.6455094,-3.0,0.7076896
2024-05-12 13:30:00,-7.07,1.97,2.49,874.9,1.04,1.59,77,98.65108,7.750219351734504,1.59,0.7315072229282187,7.4959999999999996,-69.67620057356571,0.032258034377176156,100.58333333333333,1.0,245.0,1.9941019,3.0,150.0,100.0,1.0471,1.3688878,-3.0,1.6879032,-3.0
2024-05-12 13:35:00,-7.12,1.98,2.79,865.1,0.99,1.47,42,83.791916,7.8992974371142655,1.47,0.6303827717102013,7.488,-69.52598914387136,0.008455405824444994,95.83333333333333,1.0,250.0,1.9232022,3.0,150.0,100.0,1.0334878,1.4992157,-3.0,-3.0,-3.0
2024-05-12 13:40:00,-7.03,2.13,2.85,868.4,1.04,1.56,49,156.41286,7.879105279154481,1.56,0.6807639072772345,7.539,-69.59164651532126,-0.10586436299454789,90.91666666666667,1.0,255.0,2.1942725,2.0,150.0,100.0,1.6587578,1.7231687,-3.0,-0.35949403,-3.0
2024-05-12 13:45:00,-6.51,1.02,3.55,875.0,1.1,1.68,70,101.95097,7.4848513679297595,1.68,0.12733623237725158,7.8149999999999995,-70.58463277381684,-0.18407819924016025,86.25,1.0,260.0,2.0083914,2.0,150.0,100.0,-3.0,1.3810335,-0.9031377,-3.0,-3.0
2024-05-12 13:50:00,-6.59,0.91,3.53,879.6,0.99,1.53,57,-24.85414,7.531075620387834,1.53,0.1048581672399909,7.855,-71.43242850772286,-0.04945974700834057,82.75,1.0,265.0,-3.0,2.0,150.0,100.0,-3.0,1.6904011,-3.0,-3.0,-3.0
2024-05-12 13:55:00,-6.63,1.92,3.0,867.6,1.08,1.63,45,31.465729,7.526174326973831,1.63,0.5149609151903655,7.5760000000000005,-71.07923024390024,0.08060024697502115,79.83333333333333,1.0,270.0,1.4978378,3.0,150.0,100.0,1.7778809,1.5245706,-3.0,-3.0,0.031698696
2024-05-12 14:00:00,-6.8,0.82,2.87,865.6,1.01,1.51,49,-34.798252,7.426257469277509,1.51,0.12366527322429706,7.517,-70.62642603797265,-0.02722064327393383,76.75,1.0,275.0,-3.0,2.0,150.0,100.0,-3.0,-3.0,1.6402647,-3.0,1.7502407
2024-05-12 14:05:00,-6.18,0.71,3.78,868.9,1.12,1.68,48,51.619244,7.2790727431452416,1.68,0.05435120338651512,7.823,-71.35143667663958,-0.09426640211529502,71.33333333333333,1.0,280.0,1.7128116,2.0,150.0,100.0,1.9233935,-3.0,-3.0,1.4321278,-3.0
2024-05-12 14:10:00,-6.15,1.28,3.7,862.6,1.03,1.53,53,-5.944809,7.2904663774000085,1.53,0.1727936707088546,7.736000000000001,-71.5690900591256,0.0527521757221507,65.08333333333333,1.0,285.0,-3.0,3.0,150.0,100.0,2.1332793,1.900299,-3.0,-3.0,-3.0
2024-05-12 14:15:00,-6.32,2.03,2.83,862.3,1.0,1.49,50,39.38363,7.216106983685871,1.49,0.5831436162102445,7.4719999999999995,-70.82391491941807,0.19726097172602977,59.25,1.0,290.0,1.5953157,3.0,150.0,100.0,1.8170688,-3.0,1.7575737,2.1630082,-3.0
2024-05-12 14:20:00,-6.29,2.2,2.31,857.2,0.96,1.42,60,145.03345,7.052673252037131,1.42,0.8338691740201696,7.265000000000001,-69.5964803418653,0.18467262678493057,56.916666666666664,1.0,295.0,2.1614683,3.0,150.0,100.0,2.1415238,-3.0,-3.0,1.4412814,1.4762774
2024-05-12 14:25:00,-6.41,1.72,2.64,855.0,1.02,1.49,64,96.87227,7.14255556506213,1.49,0.4950758293238989,7.342,-68.97718865156877,0.14256814355513114,55.333333333333336,1.0,300.0,1.9861995,3.0,150.0,100.0,1.7811805,-3.0,-3.0,-3.0,1.0868407
2024-05-12 14:30:00,-6.23,2.06,2.37,852.2,0.98,1.42,68,6.0082464,6.9766324254614425,1.42,0.7290871670711979,7.2330000000000005,-68.17079890631399,0.18261690463544653,54.583333333333336,1.0,305.0,0.77874774,3.0,150.0,100.0,1.9941019,2.0195026,-3.0,-3.0,-1.317398
2024-05-12 14:35:00,-6.44,1.85,2.16,845.1,0.98,1.4,85,90.96773,7.040007102269145,1.4,0.7154144437643234,7.099,-67.1510196052143,0.19192881670730627,58.166666666666664,1.0,310.0,1.9588873,3.0,150.0,100.0,1.9232022,1.680232,1.4376765,-3.0,-3.0
2024-05-12 14:40:00,-6.45,1.99,1.97,845.6,0.96,1.37,89,133.34204,7.031607213148356,1.37,0.8814047180009787,7.047000000000001,-66.25151073924093,0.22976526196249408,61.5,1.0,315.0,2.124967,3.0,150.0,100.0,2.1942725,-3.0,1.2975926,-3.0,-3.0
2024-05-12 14:45:00,-6.48,2.09,1.32,841.9,0.92,1.31,111,96.79856,6.935481237808953,1.31,1.3605031869864437,6.8149999999999995,-64.85336698558936,0.2948810579388862,64.91666666666667,1.0,320.0,1.9858689,3.0,150.0,100.0,2.0083914,1.3220524,-3.0,1.3231431,-3.0
2024-05-12 14:50:00,-5.81,2.73,0.66,844.5,0.94,1.34,111,70.17971,6.453262740660727,1.34,2.0845721688149883,6.643000000000001,-63.302700159852066,0.21643899138926911,69.41666666666667,1.0,325.0,1.8462116,3.0,150.0,100.0,-3.0,1.6808983,2.0327086,-3.0,1.9925187
2024-05-12 14:55:00,-5.68,2.69,0.33,869.8,0.91,1.38,121,54.65087,6.293441030151947,1.38,2.4037479696735695,6.797,-62.68897707169667,-0.009453117432143898,75.75,1.0,330.0,1.7375971,2.0,150.0,100.0,1.4978378,-3.0,0.97279894,-3.0,-3.0
2024-05-12 15:00:00,-4.23,4.4,-1.38,873.4,0.94,1.44,131,40.62777,6.257579404210546,1.44,3.550475463072599,7.148,-63.397231334173505,-0.30988409095671726,82.58333333333333,1.0,0.0,1.608823,2.0,150.0,100.0,-3.0,1.3655632,-3.0,-3.0,-3.0
2024-05-12 15:05:00,-3.03,4.91,-2.21,904.4,0.92,1.51,209,8.506551,6.178438314007837,1.51,3.940619241440479,7.707,-65.78781798126384,-0.36126897899246657,96.0,1.0,5.0,0.9297535,2.0,150.0,100.0,1.7128116,1.6865689,1.0312008,-3.0,1.9420949
2024-05-12 15:10:00,-3.05,4.77,-1.75,904.0,0.96,1.56,203,62.85851,5.926035774444835,1.56,3.6011424078183816,7.565,-67.00992112409817,-0.13049671499821897,108.5,1.0,10.0,1.798364,2.0,150.0,100.0,-3.0,1.725389,-3.0,0.4124683,-3.0
2024-05-12 15:15:00,-3.76,4.08,-1.28,894.7,0.93,1.49,192,64.06087,5.694067087767758,1.49,3.309732196089572,7.331000000000001,-67.09278513124603,0.2008671401191819,120.33333333333333,1.0,15.0,1.8065928,3.0,150.0,100.0,1.5953157,1.8799003,1.8545337,-3.0,-3.0
2024-05-12 15:20:00,-5.87,2.91,1.27,829.3,0.83,1.14,190,60.012104,6.6736721525708775,1.14,1.6603634825567848,6.6739999999999995,-65.00124972290635,0.38404126433861807,131.16666666666666,1.0,0.0,1.7782389,3.0,150.0,100.0,2.1614683,-3.0,1.4383686,0.9660692,1.3207891
2024-05-12 15:25:00,-5.92,2.81,0.92,831.8,0.82,1.14,242,34.71619,6.617318187906639,1.14,1.8958130562924655,6.593999999999999,-63.25237248785985,0.3241983012119206,146.0,1.0,5.0,1.5405321,3.0,150.0,100.0,1.9861995,1.8828256,-3.0,-3.0,-3.0
2024-05-12 15:30:00,-5.23,3.19,0.51,836.4,0.85,1.2,250,67.122765,6.147283953096685,1.2,2.1649434651691277,6.5169999999999995,-61.759266710787145,0.2044795090589105,161.16666666666666,1.0,10.0,1.8268698,3.0,150.0,100.0,0.77874774,1.0471,-3.0,-3.0,-3.0
2024-05-12 15:35:00,-5.44,2.53,1.27,829.8,0.88,1.21,293,151.63551,6.132487260484118,1.21,1.402898809846264,6.679,-61.20757739727075,0.09489503254673366,178.5,1.0,15.0,2.180801,3.0,150.0,100.0,1.9588873,1.0334878,-3.0,-3.0,1.7807615
2024-05-12 15:40:00,-5.21,2.83,1.34,827.6,0.89,1.22,314,43.88106,6.078536007954547,1.22,1.4388787092589854,6.678000000000001,-60.81031638531981,0.06714265098296153,197.25,1.0,20.0,1.6422771,3.0,150.0,100.0,2.124967,1.6587578,-3.0,0.929321,-3.0
2024-05-12 15:45:00,-5.07,2.83,1.55,821.6,1.01,1.36,348,118.82329,6.0096838519176705,1.36,1.2828477507200668,6.681,-60.53615088744113,0.09943661617253312,217.0,1.0,25.0,2.0749016,3.0,150.0,100.0,1.9858689,-3.0,-3.0,0.57730806,-3.0
2024-05-12 15:50:00,-5.26,2.8,1.08,819.2,0.87,1.17,443,113.34624,6.055906207992327,1.17,1.587836811648212,6.516,-59.81595022359448,0.11745824693246476,244.66666666666666,1.0,30.0,2.0544071,3.0,150.0,100.0,1.8462116,-3.0,1.7224196,-3.0,-3.0
2024-05-12 15:55:00,-5.15,3.09,1.15,819.0,0.85,1.15,388,44.18142,6.1149897792228565,1.15,1.6306731578028986,6.535,-59.361568418116484,0.11190946446685146,266.9166666666667,1.0,35.0,1.6452397,3.0,150.0,100.0,1.7375971,1.7778809,1.8682836,1.3973528,1.8144362
2024-05-12 16:00:00,-5.11,3.23,0.94,814.5,0.79,1.06,350,81.72525,6.117891793747255,1.06,1.7953103827328325,6.4270000000000005,-58.69685557892596,0.12084502829298245,285.1666666666667,1.0,40.0,1.9123563,3.0,150.0,100.0,1.608823,-3.0,1.935155,1.4537501,1.8046206
2024-05-12 16:05:00,-4.73,3.27,0.72,818.9,0.82,1.1,395,169.6892,5.79518765873893,1.1,1.8626014821546322,6.405,-58.15311813518666,-0.014644606562251994,300.6666666666667,1.0,45.0,2.229654,2.0,150.0,100.0,0.9297535,1.9233935,-3.0,1.3728945,2.2636492
2024-05-12 16:10:00,-4.53,3.52,1.44,831.3,0.94,1.3,403,147.08528,5.914803462499831,1.3,1.5276237291678023,6.745,-58.84330164454848,-0.007330590152601957,317.3333333333333,1.0,50.0,2.1675692,2.0,150.0,100.0,1.798364,2.1332793,-3.0,-3.0,1.9189103
2024-05-12 16:15:00,-4.7,3.52,0.6,821.5,0.87,1.17,386,53.28302,5.902575708959606,1.17,2.017094736361463,6.395,-58.22642403671268,0.007917514100120825,333.5,1.0,55.0,1.7265888,3.0,150.0,100.0,1.8065928,1.8170688,1.866687,1.4609246,1.7773324
2024-05-12 16:20:00,-4.5,3.51,1.68,820.0,0.85,1.14,362,78.537926,5.949159604515582,1.14,1.3861030732957196,6.704000000000001,-58.764126503547274,-0.1482753535254453,347.8333333333333,1.0,60.0,1.8950794,2.0,150.0,100.0,1.7782389,2.1415238,1.4680051,-0.08762476,-3.0
2024-05-12 16:25:00,-4.44,3.3,2.17,822.7,0.93,1.26,303,38.698128,5.942432162002357,1.26,1.1013809122625184,6.878,-59.70917757196713,-0.22506715873911745,352.9166666666667,1.0,65.0,1.58769,2.0,150.0,100.0,1.5405321,1.7811805,0.49818522,1.2604352,1.9972641
2024-05-12 16:30:00,-4.33,2.97,2.63,828.2,1.01,1.39,299,102.04229,5.87253778191337,1.39,0.8196332239649089,7.071000000000001,-61.01479809093845,-0.2113361300654752,357.0,1.0,70.0,2.0087802,2.0,150.0,100.0,1.8268698,1.9941019,1.3688878,1.9862276,-3.0
2024-05-12 16:35:00,-4.41,2.94,2.4,831.3,0.94,1.3,266,101.72827,5.818221377706421,1.3,0.8890400053435532,7.0329999999999995,-61.822538872621884,-0.12078663646691937,354.75,1.0,75.0,2.0074418,2.0,150.0,100.0,2.180801,1.9232022,1.4992157,-3.0,-3.0
2024-05-12 16:40:00,-4.36,1.99,2.66,818.1,0.92,1.23,226,55.249428,5.481359320460574,1.23,0.44681145195476635,6.979,-62.22266445560764,-0.07382532076158199,347.4166666666667,1.0,80.0,1.7423278,2.0,150.0,100.0,1.6422771,2.1942725,1.7231687,1.1151533,1.8060635
2024-05-12 16:45:00,-3.95,1.47,2.52,823.9,1.03,1.4,222,68.98406,4.910580413759661,1.4,0.27556351417679464,6.995,-62.560792080237704,0.07166528035124528,336.9166666666667,1.0,85.0,1.8387488,3.0,150.0,100.0,2.0749016,2.0083914,1.3810335,1.7092712,-3.0
2024-05-12 16:50:00,-4.05,3.11,1.65,809.8,0.91,1.19,209,170.45073,5.366292947650174,1.19,1.1544789613319717,6.593,-61.50601165209519,0.14957258897195516,317.4166666666667,1.0,90.0,2.2315989,3.0,150.0,100.0,2.0544071,-3.0,1.6904011,-3.0,1.527317
2024-05-12 16:55:00,-3.19,3.58,1.62,820.5,1.04,1.42,193,31.925323,5.0613140586215355,1.42,1.2203681657546828,6.691,-61.06506619051815,0.013058762302016903,301.1666666666667,1.0,95.0,1.5041353,3.0,150.0,100.0,1.6452397,1.4978378,1.5245706,-3.0,1.9819877
2024-05-12 17:00:00,-3.4,2.45,2.48,814.1,1.16,1.54,198,135.99324,4.869589305064648,1.54,0.5720601573321392,6.885,-61.37542402907502,-0.02730963188778972,288.5,1.0,100.0,2.1335173,2.0,150.0,100.0,1.9123563,-3.0,-3.0,-3.0,-3.0
2024-05-12 17:05:00,-3.46,3.02,2.26,812.7,1.02,1.35,177,116.56706,5.118554483445497,1.35,0.8337350636069649,6.805000000000001,-61.33816250939605,0.018956320105950653,270.3333333333333,1.0,105.0,2.0665758,3.0,150.0,100.0,2.229654,1.7128116,-3.0,1.7423302,1.7395158
2024-05-12 17:10:00,-3.55,2.96,2.13,812.7,1.02,1.35,183,88.027466,5.089302506237962,1.35,0.8601218767483171,6.766000000000001,-61.185860828015514,0.002877057804432326,252.0,1.0,110.0,1.9446182,3.0,150.0,100.0,2.1675692,-3.0,1.900299,-3.0,-3.0
2024-05-12 17:15:00,-2.79,4.19,1.46,840.0,1.2,1.69,193,156.72574,5.24135478669399,1.69,1.4770194302647415,6.838,-61.309391931351726,-0.07389571537551945,235.91666666666666,1.0,115.0,2.1951404,2.0,150.0,100.0,1.7265888,1.5953157,-3.0,-3.0,1.8193938
2024-05-12 17:20:00,-3.09,3.81,2.0,840.0,999.99,99.99,206,90.694756,5.297565478594861,99.99,1.1908338723742296,7.0,-61.92481798177071,-0.10222950959261326,222.91666666666666,1.0,120.0,1.9575821,2.0,150.0,100.0,1.8950794,2.1614683,-3.0,1.5992715,0.77422327
2024-05-12 17:25:00,-4.23,2.22,2.9,812.0,1.07,1.41,209,36.599705,5.588497114609616,1.41,0.46729323667019607,6.99,-62.33168702727786,0.02027266101755032,215.08333333333334,1.0,125.0,1.5634776,3.0,150.0,100.0,1.58769,1.9861995,-3.0,-3.0,1.626773
2024-05-12 17:30:00,-3.43,2.68,1.4,829.2,1.32,1.84,220,103.56232,4.57245010907719,1.84,1.0179769791673372,6.712000000000001,-61.722091371595205,0.014153367510158433,208.5,1.0,130.0,2.0152018,3.0,150.0,100.0,2.0087802,0.77874774,2.0195026,-3.0,-3.0
2024-05-12 17:35:00,-3.79,2.37,2.08,836.7,1.41,1.98,189,167.16434,4.93025354317605,1.98,0.7020448019068524,6.9910000000000005,-62.190153352176274,-0.08154784919058003,202.08333333333334,1.0,135.0,2.2231436,2.0,150.0,100.0,2.0074418,1.9588873,1.680232,-3.0,1.4334321
2024-05-12 17:40:00,-3.98,3.72,1.93,841.6,1.48,2.1,243,204.65689,5.779593411304986,2.1,1.3120290653719657,6.995,-62.537569863501005,-0.06577832433257527,203.5,1.0,140.0,2.3110263,2.0,150.0,100.0,1.7423278,2.124967,-3.0,-3.0,1.5838437
2024-05-12 17:45:00,-4.08,4.28,2.3,832.4,1.25,1.73,242,180.09871,6.344667051942126,1.73,1.3906634996354843,7.013999999999999,-62.84793659550203,-0.13651178699865413,205.16666666666666,1.0,145.0,2.2555106,2.0,150.0,100.0,1.8387488,1.9858689,1.3220524,-3.0,-3.0
2024-05-12 17:50:00,-3.01,4.74,1.87,870.5,1.53,2.34,237,115.0386,5.918158497370614,2.34,1.6305625124064924,7.266,-63.90268773348755,-0.07169677675483825,207.5,1.0,150.0,2.0608435,2.0,150.0,100.0,2.2315989,1.8462116,1.6808983,-3.0,1.5225227
2024-05-12 17:55:00,-1.05,5.41,0.47,879.4,1.54,2.4,227,79.269775,5.530958325643034,2.4,2.221475662366565,6.935,-63.56490436305041,-0.07327210180245843,210.33333333333334,1.0,155.0,1.8991076,2.0,150.0,100.0,1.5041353,1.7375971,-3.0,1.7949417,1.9318347
2024-05-12 18:00:00,0.87,5.19,1.03,902.3,1.51,2.47,277,103.62865,5.362266311924465,2.47,1.9482624547170062,7.332,-64.63540875151213,-0.20668428302915132,216.91666666666666,1.0,160.0,2.0154798,2.0,150.0,100.0,2.1335173,1.608823,1.3655632,1.3198346,1.69201
2024-05-12 18:05:00,3.59,4.91,0.91,912.8,1.69,2.81,256,147.04535,6.150146339722332,2.81,2.295413005231412,7.400999999999999,-65.63174719334192,-0.14060168645868173,223.5,1.0,165.0,2.1674514,2.0,150.0,100.0,2.0665758,0.9297535,1.6865689,1.6030489,-3.0
2024-05-12 18:10:00,1.51,5.48,-0.91,903.8,1.63,2.66,275,42.469086,5.7566135878657,2.66,3.027564576742062,7.310999999999999,-66.04142561609895,-0.11289848600426211,231.16666666666666,1.0,0.0,1.6280729,2.0,150.0,100.0,1.9446182,1.798364,1.725389,-3.0,2.0031047
2024-05-12 18:15:00,0.86,5.7,-1.22,907.2,1.48,2.43,306,168.26958,5.892198231560103,2.43,3.2320834736909627,7.438000000000001,-66.76073205338454,-0.03668516324127182,240.58333333333334,1.0,5.0,2.2260056,2.0,150.0,100.0,2.1951404,1.8065928,1.8799003,1.2037685,1.7533922
2024-05-12 18:20:00,2.08,5.33,-0.27,909.8,1.56,2.58,328,113.38397,5.727844271626107,2.58,2.7374181437069462,7.179,-66.40827724851167,-0.07706982329385852,250.75,1.0,10.0,2.0545516,2.0,150.0,100.0,1.9575821,1.7782389,-3.0,-3.0,-3.0
2024-05-12 18:25:00,2.25,4.98,1.36,918.0,1.71,2.88,374,150.15814,5.631385264746144,2.88,1.9038511277667844,7.588,-67.53143028632313,-0.6954826196176143,264.5,1.0,0.0,2.176549,2.0,150.0,100.0,1.5634776,1.5405321,1.8828256,-3.0,-3.0
2024-05-12 18:30:00,2.83,3.28,6.25,914.6,1.5,2.52,410,214.60782,7.604590718769814,2.52,0.39828445802584006,9.0,-73.36310344468781,-0.7073665991344769,280.3333333333333,1.0,5.0,2.3316455,2.0,150.0,100.0,2.0152018,1.8268698,1.0471,-3.0,-3.0
2024-05-12 18:35:00,1.35,5.34,3.76,906.6,1.69,2.78,393,148.84221,6.669010421344384,2.78,1.2826220452201147,8.194,-74.6050962776679,0.2419989178221499,297.3333333333333,1.0,10.0,2.1727262,3.0,150.0,100.0,2.2231436,2.180801,1.0334878,-3.0,-3.0
2024-05-12 18:40:00,-1.06,6.61,-0.19,879.6,1.82,2.82,308,165.5625,6.6971486469989605,2.82,3.030034732328892,6.853000000000001,-70.94311426646631,0.3403314307372597,302.75,1.0,0.0,2.218962,3.0,150.0,100.0,2.3110263,1.6422771,1.6587578,-3.0,1.7771598
2024-05-12 18:45:00,-0.56,5.15,2.92,883.8,2.08,3.26,257,164.1873,5.9466377054601205,3.26,1.3317113636261353,7.714,-71.2017819702953,0.23920571822761189,304.0,1.0,0.0,2.2153397,3.0,150.0,100.0,2.2555106,2.0749016,-3.0,-3.0,1.8098437
2024-05-12 18:50:00,-1.77,5.48,0.06,884.7,1.85,2.9,241,110.8417,5.759071105655842,2.9,2.5196341646758307,6.865,-68.55105708419019,0.40650499728240136,304.3333333333333,1.0,5.0,2.0447032,3.0,150.0,100.0,2.0608435,2.0544071,-3.0,-3.0,2.0406942
2024-05-12 18:55:00,-1.88,5.62,0.55,884.7,1.82,2.85,234,150.10365,5.9515796222515585,2.85,2.376259519797316,7.0120000000000005,-67.13673199747129,0.14212597262570767,304.9166666666667,1.0,10.0,2.1763914,3.0,150.0,100.0,1.8991076,1.6452397,1.7778809,-3.0,1.4279578
2024-05-12 19:00:00,-3.95,4.68,2.34,861.3,1.84,2.72,252,156.30173,6.555951494634474,2.72,1.560693194117754,7.3149999999999995,-67.12979735793311,0.0910231674003839,302.8333333333333,1.0,15.0,2.1939638,3.0,150.0,100.0,2.0154798,1.9123563,-3.0,-3.0,2.1613564
2024-05-12 19:05:00,-2.47,5.38,1.27,866.3,1.85,2.78,285,143.36136,6.054601555841639,2.78,2.020032534823662,7.044,-66.22650032346745,0.10301315443558394,305.25,1.0,20.0,2.1564322,3.0,150.0,100.0,2.1674514,2.229654,1.9233935,-3.0,1.5556022
2024-05-12 19:10:00,-1.45,5.85,1.43,877.2,1.92,2.96,345,146.14156,6.194344194505177,2.96,2.0717174604674993,7.2010000000000005,-66.09966581357727,0.07029611985183237,311.0833333333333,1.0,25.0,2.1647737,3.0,150.0,100.0,1.6280729,2.1675692,2.1332793,0.06736996,2.0960429
2024-05-12 19:15:00,-1.43,6.65,-0.92,877.8,1.9,2.92,392,50.334885,6.86394930051206,2.92,3.425434217694555,7.053999999999999,-65.52353912494912,0.223847861999176,318.25,1.0,0.0,1.7018691,3.0,150.0,100.0,2.2260056,1.7265888,1.8170688,-3.0,1.3665932
2024-05-12 19:20:00,-1.39,6.42,0.01,866.5,1.96,2.95,412,96.99652,6.568759395806791,2.95,2.841482124189938,6.668,-63.861187193585515,0.09271055935237626,325.25,1.0,0.0,1.9867562,3.0,150.0,100.0,2.0545516,1.8950794,2.1415238,1.6568846,-3.0
2024-05-12 19:25:00,-0.8,6.03,1.66,875.9,2.02,3.1,407,182.76527,6.30527556891846,3.1,2.0284752272532627,7.257,-64.59643353142536,-0.29586574874088356,328.0,1.0,5.0,2.2618937,2.0,150.0,100.0,2.176549,1.58769,1.7811805,1.6455094,-3.0
2024-05-12 19:30:00,0.03,5.33,3.19,880.1,2.04,3.16,428,145.76662,6.211754985509329,3.16,1.329706910034998,7.758,-66.81984468099435,-0.23572330621977072,329.5,1.0,10.0,2.1636581,2.0,150.0,100.0,2.3316455,2.0087802,1.9941019,-3.0,1.3834796
2024-05-12 19:35:00,-0.46,5.8,1.83,878.1,2.0,3.09,458,152.12888,6.0992212617677675,3.09,1.8721067173051311,7.330000000000001,-66.95366659362307,0.08993937434450885,334.9166666666667,1.0,15.0,2.1822116,3.0,150.0,100.0,2.1727262,2.0074418,1.9232022,-3.0,1.4941491
2024-05-12 19:40:00,-2.31,5.85,1.06,867.1,2.15,3.23,314,229.09155,6.378259950801629,3.23,2.272260998330591,6.989,-65.92045093754926,0.1771226838983651,335.4166666666667,1.0,20.0,2.3600092,3.0,150.0,100.0,2.218962,1.7423278,2.1942725,-3.0,-3.0
2024-05-12 19:45:00,-2.31,5.85,1.06,867.1,999.99,99.99,315,100.222084,6.378259950801629,99.99,2.272260998330591,6.989,-65.18243975463942,0.0861101632227701,340.25,1.0,25.0,2.0009634,3.0,150.0,100.0,2.2153397,1.8387488,2.0083914,-0.9031377,1.883439
2024-05-12 19:50:00,-2.16,6.02,1.47,867.1,999.99,99.99,305,129.91647,6.562537618939794,99.99,2.170263413664189,7.112,-65.05934930532156,0.11386102111775358,345.5833333333333,1.0,30.0,2.1136642,3.0,150.0,100.0,2.0447032,2.2315989,-3.0,-3.0,1.2000282
2024-05-12 19:55:00,0.21,5.91,0.42,870.2,2.19,3.32,310,110.07683,5.928625473075526,3.32,2.3966881946165515,6.828000000000001,-64.04382954346188,0.15205139440678295,351.9166666666667,1.0,35.0,2.0416958,3.0,150.0,100.0,2.1763914,1.5041353,1.4978378,-3.0,1.4845972
2024-05-12 20:00:00,0.04,6.06,-0.35,879.1,2.28,3.53,320,92.27576,6.0702306381224105,3.53,2.822015717168271,6.896000000000001,-63.53883536125373,-0.11118708863115359,357.5833333333333,1.0,0.0,1.9650877,2.0,150.0,100.0,2.1939638,2.1335173,-3.0,1.6402647,1.7050625
2024-05-12 20:05:00,-0.79,6.19,-2.3,880.2,2.42,3.74,309,296.38226,6.650578922169108,3.74,3.946367677485741,7.492000000000001,-65.15570042977342,-0.30161705335548705,359.5833333333333,1.0,5.0,2.4718523,2.0,150.0,100.0,2.1564322,2.0665758,1.7128116,-3.0,2.086163
2024-05-12 20:10:00,-0.97,6.31,-3.02,865.8,2.29,3.44,383,195.643,7.062393362026785,3.44,4.377176506241649,7.563999999999999,-66.5550058948086,-0.19381448111884508,362.75,1.0,10.0,2.2914643,2.0,150.0,100.0,2.1647737,1.9446182,-3.0,-3.0,2.22041
2024-05-12 20:15:00,-1.15,6.24,-2.79,859.1,2.13,3.15,437,52.61925,6.931392356518278,3.15,4.192667256232142,7.428,-67.09384524096187,0.011716769857893893,366.5,1.0,15.0,1.7211447,3.0,150.0,100.0,1.7018691,2.1951404,1.5953157,1.7575737,1.9537206
2024-05-12 20:20:00,-0.29,6.42,-1.98,852.2,2.13,3.1,538,98.889336,6.724648689708631,3.1,3.7098364217490545,7.1160000000000005,-66.43783819622966,0.08299422378529613,377.0,1.0,20.0,1.9951495,3.0,150.0,100.0,1.9867562,1.9575821,2.1614683,-3.0,1.928221
2024-05-12 20:25:00,-0.63,6.01,-2.17,855.4,2.13,3.12,741,76.27385,6.420739832760708,3.12,3.678759604795902,7.205,-66.26390300310891,0.0374493236182019,404.8333333333333,1.0,25.0,1.8823757,3.0,150.0,100.0,2.2618937,1.5634776,1.9861995,-3.0,-3.0
2024-05-12 20:30:00,0.01,6.79,-2.26,850.4,2.01,2.9,919,104.31846,7.156242030563249,2.9,4.0037870496103265,7.1819999999999995,-66.06334496004764,0.10218953527070766,445.75,1.0,30.0,2.018361,3.0,150.0,100.0,2.1636581,2.0152018,0.77874774,-3.0,1.7322044
2024-05-12 20:35:00,0.69,7.42,-1.52,852.0,1.97,2.86,1079,73.56952,7.605451991827968,2.86,3.8901239538121004,6.976000000000001,-65.24200765040183,0.03437728836959195,497.5,1.0,35.0,1.8666979,3.0,150.0,100.0,2.1822116,2.2231436,1.9588873,1.4376765,1.936413
2024-05-12 20:40:00,0.64,6.76,-2.52,854.2,2.75,4.03,1001,33.430225,7.242761904135741,4.03,4.173902335221963,7.298000000000001,-65.71957207635172,-0.15594832302153633,554.75,1.0,40.0,1.5241393,2.0,150.0,100.0,2.3600092,2.3110263,2.124967,1.2975926,-3.0
2024-05-12 20:45:00,-1.25,6.35,-3.75,839.3,2.26,3.18,799,117.61226,7.479806147220661,3.18,4.7350343645426385,7.518,-66.8014908806172,-0.21438699527540309,595.0833333333334,1.0,45.0,2.0704527,2.0,150.0,100.0,2.0009634,2.2555106,1.9858689,-3.0,-3.0
2024-05-12 20:50:00,-1.96,5.98,-4.51,825.0,3.05,4.15,716,90.52797,7.7422283613957035,4.15,5.116686120171403,7.603,-67.86344202910576,-0.06703630476937547,629.3333333333334,1.0,50.0,1.9567828,2.0,150.0,100.0,2.1136642,2.0608435,1.8462116,2.0327086,0.84543085
2024-05-12 20:55:00,-1.16,7.17,-3.16,831.4,2.94,4.07,875,-16.176815,7.92086485176966,4.07,4.620632890872463,7.2620000000000005,-67.47185392831095,-0.14253818876837415,676.4166666666666,1.0,55.0,-3.0,2.0,150.0,100.0,2.0416958,1.8991076,1.7375971,0.97279894,1.2223951
2024-05-12 21:00:00,-0.29,6.29,-5.06,836.0,3.76,5.26,1107,98.610825,8.077858627136278,5.26,5.492989239058645,7.878,-69.2888239167895,-0.22877887813510683,742.0,1.0,60.0,1.9939246,2.0,150.0,100.0,1.9650877,2.0154798,1.608823,-3.0,1.9614837
2024-05-12 21:05:00,-0.55,6.98,-4.32,834.2,3.53,4.91,1238,47.724583,8.227107632698141,4.91,5.2374386150209356,7.638000000000001,-69.75964270966202,-0.07763543452350916,819.4166666666666,1.0,65.0,1.6787422,2.0,150.0,100.0,2.4718523,2.1674514,0.9297535,1.0312008,1.9032209
2024-05-12 21:10:00,0.02,7.46,-4.05,841.4,3.39,4.79,1523,38.197727,8.488492210045315,4.79,5.27494840208094,7.629,-70.06517826202459,-0.036682266730615254,914.4166666666666,1.0,70.0,1.5820376,2.0,150.0,100.0,2.2914643,1.6280729,1.798364,-3.0,0.66887313
2024-05-12 21:15:00,0.88,7.89,-3.91,841.0,2.93,4.14,1521,70.1159,8.849553661061105,4.14,5.373582069191308,7.583,-70.12646537696817,-0.0464018434570221,1004.75,1.0,75.0,1.8458165,2.0,150.0,100.0,1.7211447,2.2260056,1.8065928,1.8545337,2.0532863
2024-05-12 21:20:00,-0.24,7.58,-4.75,826.3,3.23,4.41,1630,-18.478878,8.948547368148644,4.41,5.660261037720821,7.688,-70.52919669659481,-0.14504485144852453,1095.75,1.0,80.0,-3.0,2.0,150.0,100.0,1.9951495,2.0545516,1.7782389,1.4383686,2.0863
2024-05-12 21:25:00,-0.22,7.33,-5.35,830.3,2.76,3.81,1277,-34.690468,9.077433558005257,3.81,5.990201630090584,7.9079999999999995,-71.57691389145342,-0.3272968317686278,1140.4166666666667,1.0,85.0,-3.0,2.0,150.0,100.0,1.8823757,2.176549,1.5405321,-3.0,2.2266598
2024-05-12 21:30:00,-0.07,6.65,-6.49,838.0,2.9,4.08,1305,-18.05853,9.292335551410098,4.08,6.61287575627205,8.327,-73.80216501428109,-0.29641028865588626,1172.5833333333333,1.0,90.0,-3.0,2.0,150.0,100.0,2.018361,2.3316455,1.8268698,-3.0,2.1189508
2024-05-12 21:35:00,-1.02,6.94,-6.03,827.8,3.01,4.12,1238,32.904064,9.250129728820022,4.12,6.339759043941057,8.087,-74.54101677801228,-0.2565145820903325,1185.8333333333333,1.0,95.0,1.5172496,2.0,150.0,100.0,1.8666979,2.1727262,2.180801,-3.0,2.3750002
2024-05-12 21:40:00,-0.96,6.0,-7.29,826.5,3.39,4.63,1319,25.415665,9.490295042831914,4.63,6.949989453355771,8.452,-76.36731083518441,-0.31991667818686126,1212.3333333333333,1.0,100.0,1.4051014,2.0,150.0,100.0,1.5241393,2.218962,1.6422771,-3.0,2.3407702
2024-05-12 21:45:00,-1.25,6.12,-7.33,827.2,3.34,4.57,1307,-40.733147,9.630462086525236,4.57,7.040712005371043,8.471,-77.74018355988089,-0.13855238018020088,1254.6666666666667,1.0,105.0,-3.0,2.0,150.0,100.0,2.0704527,2.2153397,2.0749016,-3.0,2.06332
2024-05-12 21:50:00,-0.61,7.21,-6.5,825.0,3.73,5.08,1402,13.29996,9.726571852405142,5.08,6.698749368408651,8.2,-77.75283463698642,-0.013516583347124822,1311.8333333333333,1.0,110.0,1.1238503,2.0,150.0,100.0,1.9567828,2.0447032,2.0544071,1.7224196,1.7967664
2024-05-12 21:55:00,-0.48,6.97,-6.54,827.0,4.38,5.99,1711,18.869831,9.569895506221581,5.99,6.66484988711647,8.232000000000001,-77.87534939335214,-0.11978945837688429,1381.5,1.0,115.0,1.275768,2.0,150.0,100.0,-3.0,2.1763914,1.6452397,1.8682836,2.0615811
2024-05-12 22:00:00,-0.22,6.31,-7.46,827.0,999.99,99.99,1410,-5.7495747,9.773233855792054,99.99,7.126724039960365,8.508000000000001,-78.95072922075526,-0.08840430694665428,1406.75,1.0,120.0,-3.0,2.0,150.0,100.0,1.9939246,2.1939638,1.9123563,1.935155,1.8139182
2024-05-12 22:05:00,-1.15,7.0,-6.56,827.2,4.32,5.92,1372,27.445887,9.662096045889836,5.92,6.728883512262746,8.24,-78.75939246281868,0.2780776566088889,1417.9166666666667,1.0,125.0,1.4384773,3.0,150.0,100.0,1.6787422,2.1564322,2.229654,-3.0,2.2445354
2024-05-12 22:10:00,-1.96,7.91,-4.37,822.3,4.52,6.11,1644,-62.835724,9.246977884692923,6.11,5.640394674168948,7.534,-76.16995265466637,0.3689975322460953,1428.0,1.0,130.0,-3.0,3.0,150.0,100.0,1.5820376,2.1647737,2.1675692,-3.0,2.388674
2024-05-12 22:15:00,-3.05,5.19,-5.29,816.6,4.77,6.36,1810,-73.40462,8.013906662795618,6.36,5.607757740144621,7.753,-75.06941714035773,0.1824589438484537,1452.0833333333333,1.0,135.0,-3.0,3.0,150.0,100.0,1.8458165,1.7018691,1.7265888,1.866687,2.097773
2024-05-12 22:20:00,-0.96,-0.95,-4.95,828.6,5.26,7.19,1419,-70.992676,5.130945332002671,7.19,4.213401757838522,7.771000000000001,-74.34536321618184,0.4730856570855167,1434.5,1.0,140.0,-3.0,3.0,150.0,100.0,-3.0,1.9867562,1.8950794,1.4680051,1.9898446
2024-05-12 22:25:00,2.26,0.57,1.05,840.8,4.92,6.96,1238,39.599052,2.5563646062328433,6.96,0.13019569369146516,6.723,-70.33856056950256,0.6238759475824722,1431.25,1.0,0.0,1.5976847,3.0,150.0,100.0,-3.0,2.2618937,1.58769,0.49818522,2.3042295
2024-05-12 22:30:00,2.73,0.01,1.79,838.1,5.95,8.36,1099,-77.131805,3.264521404432815,8.36,2.13471126672365e-05,6.918,-68.10660374035712,-0.34353810566380927,1414.0833333333333,1.0,5.0,-3.0,2.0,150.0,100.0,-3.0,2.1636581,2.0087802,1.3688878,2.1523175
2024-05-12 22:35:00,1.49,-2.89,10.31,860.3,4.02,5.96,1021,35.121426,10.810564277594395,5.96,0.17258441440867367,9.0,-73.77394162614065,-0.9715436375628912,1396.0,1.0,10.0,1.5455722,2.0,150.0,100.0,1.5172496,2.1822116,2.0074418,1.4992157,1.8456956
2024-05-12 22:40:00,2.97,1.0,9.63,858.6,5.26,7.76,999,13.787677,10.127082501885724,7.76,0.02325238986471077,9.0,-77.82204011598603,-0.6939597411163504,1369.3333333333333,1.0,15.0,1.1394911,2.0,150.0,100.0,1.4051014,2.3600092,1.7423278,1.7231687,2.0865276
2024-05-12 22:45:00,2.19,4.15,8.07,866.5,4.02,6.04,891,-13.81492,9.335068291126746,6.04,0.44771465310690384,9.0,-80.71353903730416,-0.4853013116232091,1334.6666666666667,1.0,20.0,-3.0,2.0,150.0,100.0,-3.0,2.0009634,1.8387488,1.3810335,1.9754838
2024-05-12 22:50:00,1.19,5.37,7.73,865.3,3.8,5.69,789,17.104074,9.48714393271231,5.69,0.7336044527178616,8.972,-82.67505323221812,-0.21728355618522102,1283.5833333333333,1.0,25.0,1.2330996,2.0,150.0,100.0,1.1238503,2.1136642,2.2315989,1.6904011,2.3952298
2024-05-12 22:55:00,1.77,5.06,6.52,869.2,4.81,7.3,741,-38.631172,8.440787877917558,7.3,0.7703415190699318,8.648,-82.88637459915637,0.24937944744678334,1202.75,1.0,30.0,-3.0,3.0,150.0,100.0,1.275768,2.0416958,1.5041353,1.5245706,1.8843985
2024-05-12 23:00:00,1.27,7.12,4.17,859.3,4.62,6.85,763,-69.0094,8.348425001160399,6.85,1.774162454002674,7.843999999999999,-80.18125875775029,0.786951049937261,1148.8333333333333,1.0,35.0,-3.0,3.0,150.0,100.0,-3.0,1.9650877,2.1335173,-3.0,1.7608316
2024-05-12 23:05:00,0.27,7.33,1.38,846.7,5.22,7.48,763,2.7000732,7.463658620274644,7.48,2.575134229146726,6.881,-75.01686409978376,0.9542319736035552,1098.0833333333333,1.0,40.0,0.43137553,3.0,150.0,100.0,1.4384773,2.4718523,2.0665758,-3.0,2.3225715
2024-05-12 23:10:00,-0.97,7.41,0.79,843.0,4.76,6.77,756,52.99938,7.514858614771139,6.77,2.8317188187656908,6.667,-70.63893902171473,0.7023159846028136,1024.0833333333333,1.0,45.0,1.7242708,3.0,150.0,100.0,-3.0,2.2914643,1.9446182,1.900299,1.9753206
2024-05-12 23:15:00,-2.19,7.58,1.36,840.9,6.63,9.38,744,-6.69888,8.006378707006059,9.38,2.771798054985022,6.817,-67.99370425375562,0.3144003220396897,935.25,1.0,50.0,-3.0,3.0,150.0,100.0,-3.0,1.7211447,2.1951404,-3.0,2.1003582
2024-05-12 23:20:00,-2.76,6.96,3.18,828.7,7.01,9.63,807,25.585207,8.134592798659316,9.63,1.969846374319638,7.2410000000000005,-67.49493580131784,0.12627717798049787,884.25,1.0,55.0,1.4079889,3.0,150.0,100.0,-3.0,1.9951495,1.9575821,-3.0,2.3308122
2024-05-12 23:25:00,-3.06,7.02,2.91,824.5,8.02,10.9,728,52.630383,8.192197507384694,10.9,2.08397977025695,7.118,-66.73093247395065,0.19879817881561052,841.75,1.0,60.0,1.7212365,3.0,150.0,100.0,1.5976847,1.8823757,1.5634776,-3.0,2.192353
2024-05-12 23:30:00,-3.66,6.19,2.38,819.7,8.56,11.51,766,40.731617,7.574701314243355,11.51,1.9903575904526187,6.911000000000001,-65.50695401316173,0.29390576038878324,814.0,1.0,65.0,1.6099317,3.0,150.0,100.0,-3.0,2.018361,2.0152018,2.0195026,1.9557915
2024-05-12 23:35:00,-4.43,5.88,1.75,812.5,8.99,11.86,654,76.18365,7.5671527009833754,11.86,2.197241796271702,6.65,-63.79187487006281,0.30771003223544824,783.4166666666666,1.0,70.0,1.8818618,3.0,150.0,100.0,1.5455722,1.8666979,2.2231436,1.680232,-3.0
2024-05-12 23:40:00,-5.88,2.15,1.89,804.0,9.24,11.95,631,-38.2181,6.539801220220688,11.95,0.8932446884748703,6.607,-62.42985369080725,0.36675198759902516,752.75,1.0,75.0,-3.0,3.0,150.0,100.0,1.1394911,1.5241393,2.3110263,-3.0,1.6429809
2024-05-12 23:45:00,-6.68,1.04,0.81,793.8,9.8,12.35,649,-53.85211,6.808825155634414,12.35,1.041876748410995,6.181,-60.12435499407256,0.2110998230879943,732.5833333333334,1.0,80.0,-3.0,3.0,150.0,100.0,-3.0,2.0704527,2.2555106,1.3220524,1.984664
2024-05-12 23:50:00,-5.88,2.52,2.55,800.1,9.04,11.57,573,-12.778639,6.886748144080775,11.57,0.7954406136390344,6.766,-60.318855459927306,-0.010554522975984781,714.5833333333334,1.0,85.0,-3.0,2.0,150.0,100.0,1.2330996,1.9567828,2.0608435,1.6808983,2.2005756
2024-05-12 23:55:00,-5.66,3.59,2.27,801.4,8.84,11.35,549,-40.55223,7.076482176901176,11.35,1.3201288546081646,6.695,-60.22990022383241,-0.06454412565468388,698.5833333333334,1.0,90.0,-3.0,2.0,150.0,100.0,-3.0,-3.0,1.8991076,-3.0,1.9213859
2024-05-13 00:00:00,-5.52,4.55,2.9,807.2,8.53,11.11,456,10.302637,7.718996048709961,11.11,1.4409443640211184,6.942000000000001,-60.964296716474145,-0.21309724595941618,673.0,1.0,95.0,1.0129484,2.0,150.0,100.0,-3.0,1.9939246,2.0154798,1.3655632,1.7545046
2024-05-13 00:05:00,-6.29,4.9,3.29,822.0,6.49,8.77,411,69.27119,8.62543911925648,8.77,1.5689203566236558,7.207,-62.36087268342657,-0.2814439513342698,643.6666666666666,1.0,100.0,1.8405527,2.0,150.0,100.0,0.43137553,1.6787422,2.1674514,1.6865689,2.01218
2024-05-13 00:10:00,-5.79,5.04,3.65,823.8,6.3,8.55,379,-3.9078736,8.499894116987576,8.55,1.4475458700362713,7.332999999999999,-63.77873622981684,-0.21067288534806822,612.25,1.0,105.0,-3.0,2.0,150.0,100.0,1.7242708,1.5820376,1.6280729,1.725389,1.84043
2024-05-13 00:15:00,-4.86,6.22,3.48,819.2,7.05,9.46,321,-12.683035,8.626609994661866,9.46,1.8082070963835128,7.236000000000001,-64.46760153690725,-0.09418938031962795,577.0,1.0,110.0,-3.0,2.0,150.0,100.0,-3.0,1.8458165,2.2260056,1.8799003,1.8715401
2024-05-13 00:20:00,-5.63,4.93,3.53,810.5,7.63,10.01,320,25.725122,8.274218996376637,10.01,1.401024243061018,7.164000000000001,-64.72063003301312,0.18580720941354728,536.4166666666666,1.0,115.0,1.4103575,3.0,150.0,100.0,1.4079889,-3.0,2.0545516,-3.0,-3.0
2024-05-13 00:25:00,-5.92,5.26,1.35,804.9,8.73,11.31,283,14.620575,8.03346127145703,11.31,2.4293362983620694,6.454,-62.60952944277178,0.3904033787236685,499.3333333333333,1.0,120.0,1.1649644,3.0,150.0,100.0,1.7212365,-3.0,2.176549,1.8828256,1.7861665
2024-05-13 00:30:00,-4.47,6.45,-1.16,801.5,8.88,11.41,466,-54.80495,7.932780092754368,11.41,3.7417720426591203,6.3629999999999995,-60.81659624577644,0.12000791919839245,474.3333333333333,1.0,0.0,-3.0,3.0,150.0,100.0,1.6099317,-3.0,2.3316455,1.0471,1.9010962
2024-05-13 00:35:00,-7.74,3.59,2.68,814.6,6.61,8.77,567,76.170395,8.943047578985588,8.77,1.4635112100748018,6.95,-61.409450250787856,-0.11142733803596343,467.0833333333333,1.0,0.0,1.8817862,2.0,150.0,100.0,1.8818618,1.5172496,2.1727262,1.0334878,1.7384048
2024-05-13 00:40:00,-7.72,3.8,2.72,816.4,5.8,7.73,491,48.891655,9.024234039518257,7.73,1.5396080867627095,6.9799999999999995,-61.93086962613607,0.12333432215767175,455.4166666666667,1.0,5.0,1.6892347,3.0,150.0,100.0,-3.0,1.4051014,2.218962,1.6587578,1.5882016
2024-05-13 00:45:00,-6.96,5.05,0.62,812.7,6.27,8.29,529,47.2191,8.621397798501121,8.29,3.0764015942957226,6.313000000000001,-60.17610702921114,0.26710149903020974,445.4166666666667,1.0,10.0,1.6741177,3.0,150.0,100.0,-3.0,-3.0,2.2153397,-3.0,1.8099406
2024-05-13 00:50:00,-6.61,4.96,-1.05,810.6,6.55,8.6,563,86.23496,8.330438163746251,8.6,4.075576703199469,6.421,-59.259854635833975,0.07602181649815094,444.5833333333333,1.0,0.0,1.9356834,3.0,150.0,100.0,-3.0,1.1238503,2.0447032,-3.0,1.134104
2024-05-13 00:55:00,-6.71,3.0,-2.17,802.6,7.46,9.61,691,-36.847954,7.663745820419672,9.61,4.877933839445769,6.6770000000000005,-59.41588886422963,-0.04661518187210447,456.4166666666667,1.0,5.0,-3.0,2.0,150.0,100.0,-3.0,1.275768,2.1763914,1.7778809,1.6199512
2024-05-13 01:00:00,-6.81,3.05,-2.48,799.5,7.37,9.42,645,40.039345,7.86314186569211,9.42,5.126330015198251,6.739,-59.72600645455502,-0.11917435281824496,472.1666666666667,1.0,10.0,1.602487,2.0,150.0,100.0,1.0129484,-3.0,2.1939638,-3.0,1.6783419
2024-05-13 01:05:00,-6.44,2.64,-2.79,810.6,6.73,8.83,579,-32.075443,7.498486513957333,8.83,5.246653029238383,6.943,-60.60763239241208,-0.13129413999173706,486.1666666666667,1.0,15.0,-3.0,2.0,150.0,100.0,1.8405527,1.4384773,2.1564322,1.9233935,1.9576551
2024-05-13 01:10:00,-6.25,2.74,-2.92,800.6,7.15,9.17,648,76.093185,7.422701664488477,9.17,5.138060980125114,6.882000000000001,-61.03894785447239,-0.08921995008501682,508.5833333333333,1.0,20.0,1.8813457,2.0,150.0,100.0,-3.0,-3.0,2.1647737,2.1332793,-3.0
2024-05-13 01:15:00,-6.21,2.31,-2.71,811.6,6.63,8.73,590,4.7252455,7.158512415299704,8.73,5.11568162059494,6.929,-61.49983189326225,-0.024308682825330406,531.0,1.0,25.0,0.67442435,2.0,150.0,100.0,-3.0,-3.0,1.7018691,1.8170688,1.8610499
2024-05-13 01:20:00,-6.21,2.3,-2.3,807.0,7.24,9.43,603,-10.961311,7.010285300898958,9.43,4.828807799600054,6.76,-61.282034682725694,0.08054412194889622,554.5833333333334,1.0,30.0,-3.0,3.0,150.0,100.0,1.4103575,-3.0,1.9867562,2.1415238,-3.0
2024-05-13 01:25:00,-6.27,2.45,-1.51,817.2,7.46,9.97,555,54.116432,6.8989491953485205,9.97,4.297933588958062,6.625000000000001,-60.694390673773285,0.11631357075889141,577.25,1.0,35.0,1.7333292,3.0,150.0,100.0,1.1649644,1.5976847,2.2618937,1.7811805,-3.0
2024-05-13 01:30:00,-6.19,2.28,-1.54,811.4,7.5,9.88,487,72.068214,6.773927959463402,9.88,4.286402249580888,6.576,-60.11889897513678,0.06393161908816296,579.0,1.0,40.0,1.8577437,3.0,150.0,100.0,-3.0,-3.0,2.1636581,1.9941019,1.6879032
2024-05-13 01:35:00,-5.91,2.13,-1.68,818.1,7.1,9.5,438,22.556446,6.502876286690375,9.5,4.30730237420715,6.6850000000000005,-60.055074482891655,-0.0292296451257954,568.25,1.0,45.0,1.3532706,2.0,150.0,100.0,1.8817862,1.5455722,2.1822116,1.9232022,-3.0
2024-05-13 01:40:00,-5.82,2.68,-2.22,814.4,7.83,10.38,414,33.136017,6.781091357591343,10.38,4.522725014902646,6.8100000000000005,-60.411195426394734,-0.09117700251618359,561.8333333333334,1.0,50.0,1.5203003,2.0,150.0,100.0,1.6892347,1.1394911,2.3600092,2.1942725,-0.35949403
2024-05-13 01:45:00,-5.9,3.04,-2.53,814.4,999.99,99.99,406,-5.49328,7.1029923271815525,99.99,4.74252943369749,6.9030000000000005,-60.96684450805349,-0.0278353073374916,551.5833333333334,1.0,55.0,-3.0,2.0,150.0,100.0,1.6741177,-3.0,2.0009634,2.0083914,-3.0
2024-05-13 01:50:00,-6.13,2.83,-2.42,796.8,5.4,6.86,407,20.012262,7.172321799807926,6.86,4.714529645285636,6.694,-60.68954849976965,0.035997650848580774,538.5833333333334,1.0,60.0,1.3012962,3.0,150.0,100.0,1.9356834,1.2330996,2.1136642,-3.0,-3.0
2024-05-13 01:55:00,-6.23,2.65,-2.54,796.8,999.99,99.99,445,99.64249,7.2309750379876165,99.99,4.874246029036296,6.73,-60.60686799956768,0.04646802811551822,518.0833333333334,1.0,65.0,1.9984446,3.0,150.0,100.0,-3.0,-3.0,2.0416958,1.4978378,-3.0
2024-05-13 02:00:00,-6.51,2.37,-2.35,792.4,5.24,6.58,381,-10.341551,7.315702290279451,6.58,4.939314197998547,6.629,-60.22486821861447,0.011956765260936208,496.0833333333333,1.0,70.0,-3.0,3.0,150.0,100.0,1.602487,-3.0,1.9650877,-3.0,-3.0
2024-05-13 02:05:00,-6.47,2.81,-2.75,797.1,4.4,5.59,358,-27.321375,7.570964271478237,5.59,5.1278896726679175,6.796,-60.48730034695832,-0.04144205939047083,477.6666666666667,1.0,75.0,-3.0,2.0,150.0,100.0,-3.0,0.43137553,2.4718523,1.7128116,1.4321278
2024-05-13 02:10:00,-6.22,2.68,-2.48,804.1,5.2,6.73,407,-40.517143,7.212572356656119,6.73,4.869338583208408,6.785,-60.639288812519176,0.13671885539586198,457.5833333333333,1.0,80.0,-3.0,3.0,150.0,100.0,1.8813457,1.7242708,2.2914643,-3.0,-3.0
2024-05-13 02:15:00,-6.36,2.21,-0.62,808.4,6.43,8.4,418,-101.814835,6.761516102177086,8.4,3.4712295443581636,6.27,-59.1201117929997,0.2746544833501254,443.25,1.0,85.0,-3.0,3.0,150.0,100.0,0.67442435,-3.0,1.7211447,1.5953157,2.1630082
2024-05-13 02:20:00,-7.3,1.29,-0.42,809.8,7.04,9.24,355,-88.80422,7.424991582486811,9.24,3.9371121119322225,6.224,-57.89274397901792,0.12207222645448397,422.5833333333333,1.0,90.0,-3.0,3.0,150.0,100.0,-3.0,1.4079889,1.9951495,2.1614683,1.4412814
2024-05-13 02:25:00,-7.23,1.74,-1.35,810.2,7.26,9.53,345,22.374079,7.557975919517077,9.53,4.938571370351963,6.507000000000001,-57.89938952845486,-0.008088078439173075,405.0833333333333,1.0,95.0,1.3497452,2.0,150.0,100.0,1.7333292,1.7212365,1.8823757,1.9861995,-3.0
2024-05-13 02:30:00,-7.06,2.11,-1.49,808.2,7.69,10.05,353,21.103786,7.517699116085985,10.05,4.79027108753116,6.529000000000001,-57.97362476340965,-0.07707425846397697,393.9166666666667,1.0,100.0,1.3243604,2.0,150.0,100.0,1.8577437,1.6099317,2.018361,0.77874774,-3.0
2024-05-13 02:35:00,-6.78,2.23,-2.36,802.3,7.41,9.54,374,-67.54509,7.517373211434963,9.54,5.207455755224553,6.731,-58.67013211309463,-0.11298651349733362,388.5833333333333,1.0,105.0,-3.0,2.0,150.0,100.0,1.3532706,1.8818618,1.8666979,1.9588873,-3.0
2024-05-13 02:40:00,-6.46,2.04,-2.4,799.1,7.71,9.84,407,-1.2644227,7.18701607066521,9.84,5.05953608812313,6.710999999999999,-59.10348989838299,-0.08777188856710012,388.0,1.0,110.0,-3.0,2.0,150.0,100.0,1.5203003,-3.0,1.5241393,2.124967,-3.0
2024-05-13 02:45:00,-6.03,2.95,-2.49,800.6,7.71,9.88,626,15.855318,7.159853350453486,9.88,4.714753542513129,6.753,-59.54785099876563,-0.06365580952960528,406.3333333333333,1.0,115.0,1.2001749,2.0,150.0,100.0,-3.0,-3.0,2.0704527,1.9858689,1.3231431
2024-05-13 02:50:00,-6.06,2.73,-2.28,803.0,6.98,9.0,766,50.22737,7.026727545593325,9.0,4.629678728136342,6.714,-59.74004799367904,0.020569433261550075,436.25,1.0,120.0,1.7009405,3.0,150.0,100.0,1.3012962,-3.0,1.9567828,1.8462116,-3.0
2024-05-13 02:55:00,-6.53,1.67,-1.85,799.1,6.34,8.1,1110,-61.012684,6.989442037816753,8.1,4.86559013550684,6.545999999999999,-59.34215666615013,0.10790070404197535,491.6666666666667,1.0,125.0,-3.0,3.0,150.0,100.0,1.9984446,-3.0,-3.0,1.7375971,-3.0
2024-05-13 03:00:00,-7.19,1.03,-1.58,794.6,5.43,6.85,1319,37.246025,7.433263078890724,6.85,5.4272081586972165,6.42,-58.66104095325929,0.05485540975493208,569.8333333333334,1.0,130.0,1.57108,3.0,150.0,100.0,-3.0,1.0129484,1.9939246,1.608823,-3.0
2024-05-13 03:05:00,-4.77,2.52,-2.08,799.2,7.78,9.94,1168,66.61867,5.781842266959554,9.94,3.7811594159276773,6.6160000000000005,-58.79360256860081,-0.060763053424162196,637.3333333333334,1.0,135.0,1.823596,2.0,150.0,100.0,-3.0,1.8405527,1.6787422,0.9297535,-3.0
2024-05-13 03:10:00,-3.09,3.11,-2.34,803.3,8.15,10.5,1049,159.5653,4.969486895042586,10.5,3.1960512902623077,6.734999999999999,-59.26867148750091,-0.12435298861567148,690.8333333333334,1.0,140.0,2.2029386,2.0,150.0,100.0,-3.0,-3.0,1.5820376,1.798364,0.4124683
2024-05-13 03:15:00,-0.16,3.44,-2.88,800.4,9.61,12.27,975,66.79692,4.489276110911423,12.27,2.949917024390576,6.867999999999999,-60.037132454757526,-0.11458538663145887,737.25,1.0,145.0,1.8247564,2.0,150.0,100.0,-3.0,-3.0,1.8458165,1.8065928,-3.0
2024-05-13 03:20:00,-0.46,2.05,-2.96,792.7,11.34,14.25,1002,117.31612,3.629834706980471,14.25,2.621416683932384,6.815,-60.4145253538155,-0.04729000559625831,791.1666666666666,1.0,150.0,2.0693576,2.0,150.0,100.0,-3.0,1.4103575,-3.0,1.7782389,0.9660692
2024-05-13 03:25:00,-0.33,1.96,-2.78,792.7,999.99,99.99,1068,101.078804,3.4174405627603823,99.99,2.4615288930581967,6.761,-60.51003251072011,-0.029581936076895233,851.4166666666666,1.0,155.0,2.0046601,2.0,150.0,100.0,1.3497452,1.1649644,-3.0,1.5405321,-3.0
2024-05-13 03:30:00,-0.44,1.73,-2.68,799.8,12.74,16.3,1119,70.17045,3.2200776388155616,16.3,2.3695886432334574,6.802,-60.71034471458445,0.002289939256397133,915.25,1.0,160.0,1.8461542,3.0,150.0,100.0,1.3243604,-3.0,-3.0,1.8268698,-3.0
2024-05-13 03:35:00,0.11,2.6,-2.3,799.8,999.99,99.99,1035,137.64627,3.4730534116249925,99.99,2.3091057366761687,6.687999999999999,-60.48713311815614,0.0016356708974264223,970.3333333333334,1.0,165.0,2.1387644,3.0,150.0,100.0,-3.0,1.8817862,1.5172496,2.180801,-3.0
2024-05-13 03:40:00,-0.05,2.83,-2.87,794.1,13.22,16.66,897,158.20107,4.03091800958541,16.66,2.7400971714177498,6.8020000000000005,-60.69398800561019,-0.023860306429804013,1011.1666666666666,1.0,170.0,2.1992095,2.0,150.0,100.0,-3.0,1.6892347,1.4051014,1.6422771,0.929321
2024-05-13 03:45:00,0.3,2.96,-2.84,791.4,11.11,13.92,730,244.77112,4.113052394511891,13.92,2.7543241055312158,6.766,-60.72573618245418,0.04542333773805325,1019.8333333333334,1.0,175.0,2.38876,3.0,150.0,100.0,1.2001749,1.6741177,-3.0,2.0749016,0.57730806
2024-05-13 03:50:00,0.06,2.85,-2.45,787.2,11.66,14.48,722,196.54732,3.7588030009565547,14.48,2.4439077401440032,6.607,-60.239754628229655,0.033088812273066995,1016.1666666666666,1.0,180.0,2.293467,3.0,150.0,100.0,1.7009405,1.9356834,1.1238503,2.0544071,-3.0
2024-05-13 03:55:00,-0.97,3.38,-3.01,786.1,10.52,13.0,853,151.725,4.628757932750426,13.0,3.0292795659084595,6.764,-60.39484805972351,-0.04981583155579159,994.75,1.0,185.0,2.1810572,2.0,150.0,100.0,-3.0,-3.0,1.275768,1.6452397,1.3973528
2024-05-13 04:00:00,-0.01,3.35,-3.16,788.8,11.41,14.2,774,-2.0086105,4.605236150296747,14.2,3.0626120759471576,6.836,-60.73791294378757,-0.20507289396605372,949.3333333333334,1.0,190.0,-3.0,2.0,150.0,100.0,1.57108,1.602487,-3.0,1.9123563,1.4537501
2024-05-13 04:05:00,1.61,3.24,-4.51,792.8,10.43,13.11,818,140.54848,5.781850914715806,13.11,4.153310177425156,7.280999999999999,-62.445576999384045,-0.26113203368868626,920.1666666666666,1.0,195.0,2.1478262,2.0,150.0,100.0,1.823596,-3.0,1.4384773,2.229654,1.3728945
2024-05-13 04:10:00,1.35,3.52,-4.27,790.5,9.53,11.91,762,61.58034,5.696121487468469,11.91,3.988604745651215,7.186,-63.34923328067443,-0.19587916108296496,896.25,1.0,200.0,1.7894421,2.0,150.0,100.0,2.2029386,1.8813457,-3.0,2.1675692,-3.0
2024-05-13 04:15:00,1.17,3.41,-4.68,790.5,9.53,11.91,698,152.26599,5.907571413025829,11.91,4.222118799155331,7.309,-64.4043686102137,-0.1561920654014905,873.1666666666666,1.0,205.0,2.182603,2.0,150.0,100.0,1.8247564,0.67442435,-3.0,1.7265888,1.4609246
2024-05-13 04:20:00,2.34,3.23,-4.52,787.9,8.26,10.25,610,95.72534,6.028175511711648,10.25,4.306964907498193,7.234999999999999,-64.91115393468934,-0.009968352109272872,840.5,1.0,210.0,1.9810269,2.0,150.0,100.0,2.0693576,-3.0,-3.0,1.8950794,-0.08762476
2024-05-13 04:25:00,1.28,3.72,-3.97,781.1,8.09,9.88,544,60.103374,5.589069690028923,9.88,3.775628428955373,7.002,-64.50405213130642,0.0763316747818223,796.8333333333334,1.0,215.0,1.7788988,3.0,150.0,100.0,2.0046601,1.7333292,1.5976847,1.58769,1.2604352
2024-05-13 04:30:00,0.42,5.19,-3.81,783.9,8.94,11.01,501,-63.07068,6.452022938582907,11.01,4.025373952332485,6.982,-64.14783718687112,-0.09007427505539312,745.3333333333334,1.0,220.0,-3.0,2.0,150.0,100.0,1.8461542,1.8577437,-3.0,2.0087802,1.9862276
2024-05-13 04:35:00,1.54,3.4,-5.33,783.8,8.21,10.1,543,-74.15245,6.506957814524388,10.1,4.699982242281701,7.436999999999999,-65.40479488186035,-0.20233753958487596,704.3333333333334,1.0,225.0,-3.0,2.0,150.0,100.0,2.1387644,1.3532706,1.5455722,2.0074418,-3.0
2024-05-13 04:40:00,2.46,2.78,-4.9,792.8,9.05,11.37,507,8.610765,6.1473571557214735,11.37,4.556274487276256,7.397999999999999,-66.17121258271987,0.0404841539055667,671.8333333333334,1.0,230.0,0.9350418,3.0,150.0,100.0,2.1992095,1.5203003,1.1394911,1.7423278,1.1151533
2024-05-13 04:45:00,3.67,3.41,-3.33,787.9,9.26,11.5,426,-77.00452,6.01547171882638,11.5,4.02548703898014,6.877999999999999,-64.99995334280469,0.17377587987752746,646.5,1.0,235.0,-3.0,3.0,150.0,100.0,2.38876,-3.0,-3.0,1.8387488,1.7092712
2024-05-13 04:50:00,2.81,3.1,-3.45,792.6,7.84,9.85,330,-77.496414,5.422969666151564,9.85,3.7477048139261417,6.961,-64.4334537839446,0.07420790297588269,613.8333333333334,1.0,240.0,-3.0,3.0,150.0,100.0,2.293467,1.3012962,1.2330996,2.2315989,-3.0
2024-05-13 04:55:00,2.41,3.66,-3.75,790.6,9.04,11.31,284,19.951843,5.767685844426688,11.31,3.911606568986914,7.031000000000001,-64.25787431304586,0.07612182307591694,566.4166666666666,1.0,245.0,1.299983,3.0,150.0,100.0,2.1810572,1.9984446,-3.0,1.5041353,-3.0
2024-05-13 05:00:00,2.02,4.33,-3.68,778.6,8.7,10.55,308,-23.36317,6.030895455900392,10.55,3.868274502235899,6.890000000000001,-63.67223555318543,0.11789703024997777,527.5833333333334,1.0,250.0,-3.0,3.0,150.0,100.0,-3.0,-3.0,-3.0,2.1335173,-3.0
2024-05-13 05:05:00,2.39,3.31,-3.67,773.5,7.48,8.98,345,17.037426,5.4897267691570955,8.98,3.6997819876538975,6.835999999999999,-63.07890401054608,-0.09420517362016625,488.1666666666667,1.0,255.0,1.231404,2.0,150.0,100.0,2.1478262,-3.0,0.43137553,2.0665758,1.7423302
2024-05-13 05:10:00,-0.47,4.41,-5.82,768.3,8.52,10.05,312,27.10532,7.317198917618682,10.05,5.051281396592167,7.429,-64.6142872893871,-0.2242455371819787,450.6666666666667,1.0,260.0,1.4330546,2.0,150.0,100.0,1.7894421,-3.0,1.7242708,1.9446182,-3.0
2024-05-13 05:15:00,1.02,2.78,-5.25,773.8,8.47,10.15,373,-47.78116,6.027545105596473,10.15,4.393005680290695,7.313,-65.32135938236587,-0.06433751462164423,423.5833333333333,1.0,265.0,-3.0,2.0,150.0,100.0,2.182603,-3.0,-3.0,2.1951404,-3.0
2024-05-13 05:20:00,-1.45,3.31,-4.6,776.2,8.61,10.38,375,-33.565777,5.849666657169449,10.38,4.11302587923196,7.142,-65.25766243560354,-0.20121589029765802,404.0,1.0,270.0,-3.0,2.0,150.0,100.0,1.9810269,-3.0,1.4079889,1.9575821,1.5992715
2024-05-13 05:25:00,-0.68,2.95,-7.0,767.0,8.13,9.56,312,-25.810207,7.626591637160075,9.56,5.620032574138245,7.77,-67.33351828534245,0.07974962944825137,384.6666666666667,1.0,275.0,-3.0,3.0,150.0,100.0,1.7788988,1.3497452,1.7212365,1.5634776,-3.0
2024-05-13 05:30:00,-4.37,4.55,-2.87,758.8,8.36,9.63,276,-50.267056,6.930822462017044,9.63,4.032429882782482,6.448999999999999,-64.46016614112102,0.25685024027333014,365.9166666666667,1.0,280.0,-3.0,3.0,150.0,100.0,-3.0,1.3243604,1.6099317,2.0152018,-3.0
2024-05-13 05:35:00,-4.73,4.27,-5.14,763.7,8.35,9.74,302,-87.26826,8.186904176793568,9.74,5.5308241129751465,7.179,-64.76501588260915,-0.09387549471039307,345.8333333333333,1.0,285.0,-3.0,2.0,150.0,100.0,-3.0,-3.0,1.8818618,2.2231436,-3.0
2024-05-13 05:40:00,-5.04,4.33,-5.47,766.3,7.2,8.46,308,-71.64064,8.606474307171316,8.46,5.883112958857181,7.304,-65.39892108822495,-0.1682081066967811,329.25,1.0,290.0,-3.0,2.0,150.0,100.0,0.9350418,-3.0,-3.0,2.3110263,-3.0
2024-05-13 05:45:00,-4.25,4.65,-6.05,766.6,5.91,6.94,310,47.93573,8.734271578099687,6.94,6.002244878551016,7.481,-66.44709694957696,-0.281523968427436,319.5833333333333,1.0,295.0,1.6806593,2.0,150.0,100.0,-3.0,1.2001749,-3.0,2.2555106,-3.0
2024-05-13 05:50:00,-3.2,4.79,-6.86,772.1,4.33,5.17,265,39.076813,8.957884794972527,5.17,6.293580409702722,7.779,-68.21416077249931,-0.27882545476851417,314.1666666666667,1.0,300.0,1.5919192,2.0,150.0,100.0,-3.0,1.7009405,-3.0,2.0608435,-3.0
2024-05-13 05:55:00,-2.41,4.65,-6.88,764.5,4.44,5.18,253,-2.5609314,8.646675661778925,5.18,6.043587675570043,7.709,-69.2353514972621,-0.1609963515447049,311.5833333333333,1.0,305.0,-3.0,2.0,150.0,100.0,1.299983,-3.0,-3.0,1.8991076,1.7949417
2024-05-13 06:00:00,-1.01,3.36,-7.2,750.8,5.54,6.25,249,-89.13815,8.009350785176037,6.25,5.731340451650506,7.667999999999999,-69.82412428794636,-0.07019010237212057,306.6666666666667,1.0,310.0,-3.0,2.0,150.0,100.0,-3.0,1.57108,1.0129484,2.0154798,1.3198346
2024-05-13 06:05:00,-2.8,3.28,-6.9,750.8,999.99,99.99,251,-23.613398,8.136854429077616,99.99,5.813316672265957,7.577999999999999,-69.93725252098331,0.14245355783818922,298.8333333333333,1.0,315.0,-3.0,3.0,150.0,100.0,1.231404,1.823596,1.8405527,2.1674514,1.6030489
2024-05-13 06:10:00,-4.41,3.48,-5.64,740.3,4.82,5.28,277,0.42684746,7.960408280986598,5.28,5.454161140097831,7.095,-68.39958870956447,0.2747904535232394,295.9166666666667,1.0,320.0,-0.3697273,3.0,150.0,100.0,1.4330546,2.2029386,-3.0,1.6280729,-3.0
2024-05-13 06:15:00,-4.43,3.11,-5.69,735.4,5.65,6.11,334,-5.5991087,7.853222268597776,6.11,5.421475039829758,7.060999999999999,-67.18934798575091,0.16785270514331216,292.6666666666667,1.0,325.0,-3.0,3.0,150.0,100.0,-3.0,1.8247564,-3.0,2.2260056,1.2037685
2024-05-13 06:20:00,-3.61,3.01,-6.09,735.4,5.65,6.11,315,-43.52395,7.692873325357697,6.11,5.364511113216635,7.180999999999999,-66.72106165813135,0.07098572564494958,287.6666666666667,1.0,330.0,-3.0,3.0,150.0,100.0,-3.0,2.0693576,1.4103575,2.0545516,-3.0
2024-05-13 06:25:00,-3.33,3.05,-6.12,737.3,5.41,5.88,344,16.097164,7.605642642144055,5.88,5.313271168478956,7.209,-66.47949072930142,0.09492144016853388,290.3333333333333,1.0,335.0,1.2067493,3.0,150.0,100.0,-3.0,2.0046601,1.1649644,2.176549,-3.0
2024-05-13 06:30:00,-3.78,3.07,-5.58,737.3,999.99,99.99,403,40.26838,7.406058330853194,99.99,5.122345064285806,7.046999999999999,-65.77184725644601,0.18685052758455356,300.9166666666667,1.0,340.0,1.6049641,3.0,150.0,100.0,-3.0,1.8461542,-3.0,2.3316455,-3.0
2024-05-13 06:35:00,-5.18,0.93,-5.2,728.6,4.01,4.26,422,45.04432,7.398466057231053,4.26,5.348424387106921,6.846,-64.61098545345588,0.2978927828234731,310.9166666666667,1.0,345.0,1.65364,3.0,150.0,100.0,-3.0,2.1387644,1.8817862,2.1727262,-3.0
2024-05-13 06:40:00,-5.27,2.6,-4.17,728.6,999.99,99.99,387,70.14907,7.205678316439057,99.99,4.852547623663613,6.537000000000001,-62.79291942821128,0.37070632798489667,317.5,1.0,350.0,1.8460219,3.0,150.0,100.0,-3.0,2.1992095,1.6892347,2.218962,-3.0
2024-05-13 06:45:00,-5.91,2.49,-3.52,729.3,4.72,5.02,367,-2.2787857,7.31564077849644,5.02,4.845487146464978,6.348999999999999,-60.903922173606915,0.34031551551651446,322.25,1.0,355.0,-3.0,3.0,150.0,100.0,1.6806593,2.38876,1.6741177,2.2153397,-3.0
2024-05-13 06:50:00,-5.67,2.43,-3.58,722.2,3.87,4.04,437,43.549694,7.132334821080682,4.04,4.706440895770792,6.296,-59.38976427304613,0.2957210777968896,336.5833333333333,1.0,360.0,1.6389852,3.0,150.0,100.0,1.5919192,2.293467,1.9356834,2.0447032,-3.0
2024-05-13 06:55:00,-5.99,1.7,-3.19,722.2,3.87,4.04,462,29.959324,6.996156087452595,4.04,4.755797569476048,6.179,-57.94671139563802,0.35317939452396063,354.0,1.0,365.0,1.476532,3.0,150.0,100.0,-3.0,2.1810572,-3.0,2.1763914,-3.0
2024-05-13 07:00:00,-6.52,1.57,-2.33,713.1,4.65,4.73,540,76.454544,7.099591537546368,4.73,4.630621464601498,5.83,-55.85797032780653,0.2562668212126539,378.25,1.0,370.0,1.8834033,3.0,150.0,100.0,-3.0,-3.0,1.602487,2.1939638,-3.0
2024-05-13 07:05:00,-5.74,2.27,-3.45,713.1,4.65,4.73,482,155.06322,7.071279940717947,4.73,4.627498827341152,6.166,-55.38404318351148,-0.03506028641251717,397.5,1.0,375.0,2.1905088,2.0,150.0,100.0,-3.0,2.1478262,-3.0,2.1564322,-3.0
2024-05-13 07:10:00,-5.58,1.35,-4.58,716.5,4.28,4.39,364,51.73935,7.344065631515012,4.39,5.154674042465133,6.539,-56.2085731919317,-0.17214891934624746,404.75,1.0,380.0,1.7138209,2.0,150.0,100.0,-0.3697273,1.7894421,1.8813457,2.1647737,0.06736996
2024-05-13 07:15:00,-5.95,1.17,-4.81,719.3,4.8,4.97,349,64.66361,7.739993540048983,4.97,5.488508781095979,6.635999999999999,-57.105532376973954,-0.24035849148674088,406.0,1.0,385.0,1.81066,2.0,150.0,100.0,-3.0,2.182603,0.67442435,1.7018691,-3.0
2024-05-13 07:20:00,-6.67,0.44,-5.5,725.5,5.46,5.76,318,84.024,8.65635604628183,5.76,6.270185989505659,6.904999999999999,-58.61215810679911,-0.2713014350727107,406.25,1.0,390.0,1.9244033,2.0,150.0,100.0,-3.0,1.9810269,-3.0,1.9867562,1.6568846
2024-05-13 07:25:00,-6.54,0.2,-5.69,723.8,6.3,6.61,340,146.02017,8.671084130603278,6.61,6.274193980799583,6.944999999999999,-59.81854672770106,-0.11548706164721594,405.9166666666667,1.0,395.0,2.1644127,2.0,150.0,100.0,1.2067493,1.7788988,1.7333292,2.2618937,1.6455094
2024-05-13 07:30:00,-7.38,0.15,-4.77,723.1,6.36,6.65,335,142.7531,8.788617638741602,6.65,6.353479475690639,6.662,-59.76702872327127,0.09135415102726227,400.25,1.0,400.0,2.1545856,3.0,150.0,100.0,1.6049641,-3.0,1.8577437,2.1636581,-3.0
2024-05-13 07:35:00,-7.96,0.06,-4.03,719.2,6.47,6.7,268,120.88953,8.9222250588068,6.7,6.416508726707295,6.401,-58.90500521742844,0.25216324855138195,387.4166666666667,1.0,405.0,2.0823886,3.0,150.0,100.0,1.65364,-3.0,1.3532706,2.1822116,-3.0
2024-05-13 07:40:00,-8.35,0.25,-2.98,716.9,6.8,6.99,273,102.97528,8.869351723773276,6.99,6.34730933376833,6.063000000000001,-57.24539623775745,0.3978416344777784,377.9166666666667,1.0,410.0,2.012733,3.0,150.0,100.0,1.8460219,0.9350418,1.5203003,2.3600092,-3.0
2024-05-13 07:45:00,-8.62,0.27,-1.88,712.1,7.52,7.63,246,123.85091,8.82676044763876,7.63,6.253617900540337,5.6850000000000005,-54.926588872650655,0.39455870150466976,367.8333333333333,1.0,415.0,2.092899,3.0,150.0,100.0,-3.0,-3.0,-3.0,2.0009634,-0.9031377
2024-05-13 07:50:00,-8.9,0.49,-1.77,716.4,7.75,7.95,222,149.67339,9.087518913322823,7.95,6.39230447879728,5.694999999999999,-53.29980922271075,0.2620056273050729,349.9166666666667,1.0,420.0,2.1751447,3.0,150.0,100.0,1.6389852,-3.0,1.3012962,2.1136642,-3.0
2024-05-13 07:55:00,-8.86,0.36,-2.0,715.2,7.91,8.09,264,83.11615,9.090060505849232,8.09,6.449797497535377,5.752000000000001,-52.306532599599926,0.21507765488300876,333.4166666666667,1.0,425.0,1.9196854,3.0,150.0,100.0,1.476532,1.299983,1.9984446,2.0416958,-3.0
2024-05-13 08:00:00,-8.97,0.6,-1.51,714.7,7.55,7.72,247,166.05037,9.115974988995967,7.72,6.2849508863409085,5.6000000000000005,-51.14903267388066,0.19315446585742818,309.0,1.0,430.0,2.2202399,3.0,150.0,100.0,1.8834033,-3.0,-3.0,1.9650877,1.6402647
2024-05-13 08:05:00,-8.97,0.66,-1.62,713.2,7.98,8.11,206,132.2908,9.138976966816362,8.11,6.277056389661711,5.618,-50.374987941025644,0.14118636385412842,286.0,1.0,435.0,2.1215296,3.0,150.0,100.0,2.1905088,1.231404,-3.0,2.4718523,-3.0
2024-05-13 08:10:00,-9.02,0.78,-1.55,712.4,7.92,8.04,279,92.71135,9.18538513073894,8.04,6.194470778376083,5.5889999999999995,-49.73716903533938,0.21800773941766777,278.9166666666667,1.0,440.0,1.9671329,1.0,150.0,100.0,1.7138209,1.4330546,-3.0,2.2914643,-3.0
2024-05-13 08:15:00,-9.12,0.93,-0.33,711.2,7.67,7.76,256,128.3692,9.173232799836708,7.76,4.352847028147734,5.211,-48.194910546848966,0.20189217053600786,271.1666666666667,1.0,445.0,2.108461,1.0,150.0,100.0,1.81066,-3.0,-3.0,1.7211447,1.7575737
2024-05-13 08:20:00,-8.85,1.37,1.07,710.9,7.89,7.97,223,-32.80951,9.019107494647129,7.97,1.2325422812797506,5.43,-47.7182473299793,-0.13658296233283237,263.25,1.0,0.0,-3.0,1.0,150.0,100.0,1.9244033,-3.0,-3.0,1.9951495,-3.0
2024-05-13 08:25:00,-7.78,1.46,3.43,713.4,8.07,8.21,189,80.86899,8.626986727705104,8.21,0.24583041668606415,6.163,-49.56074017017729,-0.4280236306056679,250.66666666666666,1.0,5.0,1.907782,2.0,150.0,100.0,2.1644127,-3.0,1.3497452,1.8823757,-3.0
2024-05-13 08:30:00,-7.11,1.63,4.54,716.1,9.02,9.25,270,-1.2580268,8.591891526317124,9.25,0.18095641196795603,6.523000000000001,-51.99848363603598,-0.4160034503592819,245.25,1.0,10.0,-3.0,2.0,150.0,100.0,2.1545856,-3.0,1.3243604,2.018361,-3.0
2024-05-13 08:35:00,-6.78,1.61,4.6,713.7,9.4,9.58,253,-0.6912964,8.34988023866211,9.58,0.1672827158659966,6.517,-53.72077467377011,-0.2647284465523299,244.0,1.0,15.0,-3.0,2.0,150.0,100.0,2.0823886,-3.0,-3.0,1.8666979,1.4376765
2024-05-13 08:40:00,-7.21,1.59,4.34,711.8,9.2,9.33,203,57.400978,8.56433301547762,9.33,0.18602372223020425,6.419999999999999,-54.64576810155928,-0.14448876593575194,238.16666666666666,1.0,20.0,1.7589192,2.0,150.0,100.0,2.012733,-3.0,-3.0,1.5241393,1.2975926
2024-05-13 08:45:00,-7.29,1.36,4.15,713.0,9.37,9.53,250,53.697693,8.498011532117381,9.53,0.15064701287381982,6.375,-55.16566233312763,-0.06142083818254278,238.5,1.0,25.0,1.7299557,2.0,150.0,100.0,2.092899,1.6806593,1.2001749,2.0704527,-3.0
2024-05-13 08:50:00,-7.21,1.42,3.89,711.9,9.82,9.95,198,63.544044,8.314601614028179,9.95,0.17944046863642887,6.286,-55.259976483384705,-0.02051313694319461,236.5,1.0,30.0,1.8030748,2.0,150.0,100.0,2.1751447,1.5919192,1.7009405,1.9567828,2.0327086
2024-05-13 08:55:00,-7.04,1.44,3.96,711.2,10.57,10.69,231,-12.890538,8.204681590409223,10.69,0.1756577908976802,6.3,-55.370793702559574,0.016857859339055637,233.75,1.0,35.0,-3.0,3.0,150.0,100.0,1.9196854,-3.0,-3.0,-3.0,0.97279894
2024-05-13 09:00:00,-7.2,1.27,3.65,708.9,10.61,10.66,212,15.305417,8.171621626091115,10.66,0.16086233896749288,6.184,-55.09139788999415,0.009556303606169792,230.83333333333334,1.0,40.0,1.1848452,3.0,150.0,100.0,2.2202399,-3.0,1.57108,1.9939246,-3.0
2024-05-13 09:05:00,-7.26,1.28,4.15,706.3,10.13,10.11,213,30.532516,8.459816782886023,10.11,0.13270955306460833,6.308,-55.275230666497876,-0.017246856461786565,231.41666666666666,1.0,45.0,1.4847625,2.0,150.0,100.0,2.1215296,-3.0,1.823596,1.6787422,1.0312008
2024-05-13 09:10:00,-7.82,1.33,4.12,702.6,8.54,8.44,199,39.210022,8.938439461114005,8.44,0.15184365063339075,6.262,-55.263866454612014,0.007825926200555954,224.75,1.0,50.0,1.5933971,3.0,150.0,100.0,1.9671329,-0.3697273,2.2029386,1.5820376,-3.0
2024-05-13 09:15:00,-8.2,1.24,4.17,699.2,7.64,7.47,208,65.707504,9.282591233055562,7.47,0.13461263858484698,6.243,-55.19697140449232,0.008993958540665403,220.75,1.0,55.0,1.8176149,3.0,150.0,100.0,2.108461,-3.0,1.8247564,1.8458165,1.8545337
2024-05-13 09:20:00,-8.07,1.04,4.18,699.7,8.36,8.19,219,-6.248342,9.147617176073778,8.19,0.09468066042114358,6.2509999999999994,-55.17392686920536,-0.0037902230832010273,220.41666666666666,1.0,60.0,-3.0,2.0,150.0,100.0,-3.0,-3.0,2.0693576,-3.0,1.4383686
2024-05-13 09:25:00,-7.99,0.86,4.29,698.9,7.99,7.81,242,54.518543,9.109544445250815,7.81,0.062098267910543285,6.276,-55.23487363532433,-0.007349877465398435,224.83333333333334,1.0,65.0,1.7365443,2.0,150.0,100.0,1.907782,1.2067493,2.0046601,-3.0,-3.0
2024-05-13 09:30:00,-7.59,1.14,4.44,693.4,7.82,7.52,240,18.31491,8.866865285995948,7.52,0.09658011429776565,6.265999999999999,-55.247425643859344,-0.011764040593083535,222.33333333333334,1.0,70.0,1.2628049,2.0,150.0,100.0,-3.0,1.6049641,1.8461542,-3.0,-3.0
2024-05-13 09:35:00,-7.33,1.21,4.64,690.5,7.26,6.92,164,30.712122,8.759143793773452,6.92,0.09786146422604615,6.297000000000001,-55.35251404125516,0.008900971734622943,214.91666666666666,1.0,75.0,1.4873098,3.0,150.0,100.0,-3.0,1.65364,2.1387644,1.5172496,-3.0
2024-05-13 09:40:00,-7.52,0.81,4.37,689.9,6.96,6.63,223,23.10911,8.73518173823533,6.63,0.05046463476236401,6.21,-55.158415926513115,-0.0502365018580484,216.58333333333334,1.0,80.0,1.3637832,2.0,150.0,100.0,1.7589192,1.8460219,2.1992095,1.4051014,-3.0
2024-05-13 09:45:00,-6.16,1.78,5.29,689.1,7.04,6.69,180,12.702088,8.31252669168647,6.69,0.14955181480654864,6.478,-55.854879059835646,-0.11876395702761258,210.75,1.0,85.0,1.1038752,2.0,150.0,100.0,1.7299557,-3.0,2.38876,-3.0,-3.0
2024-05-13 09:50:00,-6.19,1.95,5.35,687.1,7.6,7.18,164,40.660748,8.410772853905877,7.18,0.1747097224504479,6.476,-56.34605549678924,-0.02048337869673702,207.91666666666666,1.0,90.0,1.6091753,2.0,150.0,100.0,1.8030748,1.6389852,2.293467,1.1238503,1.7224196
2024-05-13 09:55:00,-7.0,1.16,4.67,687.1,7.6,7.18,233,12.122388,8.494380495362801,7.18,0.0860644909349576,6.272,-56.059712846803016,-0.02345594766147414,208.08333333333334,1.0,95.0,1.0835881,2.0,150.0,100.0,-3.0,1.476532,2.1810572,1.275768,1.8682836
2024-05-13 10:00:00,-5.5,2.38,5.66,680.6,6.26,5.8,278,36.589993,8.243178998420452,5.8,0.21930913022199816,6.504000000000001,-56.58061497340398,-0.1753652093618996,213.58333333333334,1.0,100.0,1.5633624,2.0,150.0,100.0,1.1848452,1.8834033,-3.0,-3.0,1.935155
2024-05-13 10:05:00,-5.24,2.02,6.56,680.6,999.99,99.99,390,204.8696,8.635484931374728,99.99,0.13013546112034197,6.774000000000001,-57.81336494042201,-0.2446202695489447,228.33333333333334,1.0,105.0,2.3114774,2.0,150.0,100.0,1.4847625,2.1905088,2.1478262,1.4384773,-3.0
2024-05-13 10:10:00,-4.48,1.03,7.0,677.7,6.97,6.4,330,238.6228,8.374443265077387,6.4,0.03022933905174931,6.877000000000001,-59.02681766889343,-0.16026287788987545,239.25,1.0,110.0,2.377712,2.0,150.0,100.0,1.5933971,1.7138209,1.7894421,-3.0,-3.0
2024-05-13 10:15:00,-5.76,1.65,6.29,684.2,6.37,5.96,393,39.69412,8.687013295719076,5.96,0.09725769063940778,6.729000000000001,-59.41599371932077,-0.004590497189168019,254.66666666666666,1.0,115.0,1.5987262,2.0,150.0,100.0,1.8176149,1.81066,2.182603,-3.0,1.866687
2024-05-13 10:20:00,-6.29,1.98,5.9,676.4,8.34,7.63,285,143.1245,8.84841793768807,7.63,0.1554963040203215,6.533999999999999,-59.07272264078511,0.09568087318695931,260.1666666666667,1.0,120.0,2.155714,3.0,150.0,100.0,-3.0,1.9244033,1.9810269,-3.0,1.4680051
2024-05-13 10:25:00,-6.15,2.66,5.51,676.4,8.34,7.63,222,158.48018,8.675148413716045,7.63,0.29177505400781517,6.416999999999999,-58.459184987451174,0.0904211578526322,258.5,1.0,125.0,2.199975,3.0,150.0,100.0,1.7365443,2.1644127,1.7788988,1.5976847,0.49818522
2024-05-13 10:30:00,-5.62,3.12,5.52,680.8,7.26,6.73,215,226.28316,8.472850759927264,6.73,0.3733172758065243,6.4639999999999995,-58.16851106225879,0.02458849006068107,256.4166666666667,1.0,130.0,2.3546522,3.0,150.0,100.0,1.2628049,2.1545856,-3.0,-3.0,1.3688878
2024-05-13 10:35:00,-4.69,3.19,5.65,684.9,7.47,7.0,208,152.84367,8.005916562143275,7.0,0.35423898102401224,6.5440000000000005,-58.21330008684436,-0.014012668431328024,260.0833333333333,1.0,135.0,2.1842475,2.0,150.0,100.0,1.4873098,2.0823886,-3.0,1.5455722,1.4992157
2024-05-13 10:40:00,-3.37,3.43,5.9,679.4,8.31,7.66,221,99.75951,7.611294239483848,7.66,0.35028606179615523,6.564,-58.30863774657207,0.023088302284674712,259.9166666666667,1.0,140.0,1.9989543,3.0,150.0,100.0,1.3637832,2.012733,0.9350418,1.1394911,1.7231687
2024-05-13 10:45:00,-4.65,3.3,5.32,684.3,7.03,6.58,263,237.22356,7.798390859658165,6.58,0.4007980094256116,6.439,-57.982417063997616,0.16459964440026836,266.8333333333333,1.0,145.0,2.3751578,3.0,150.0,100.0,1.1038752,2.092899,-3.0,-3.0,1.3810335
2024-05-13 10:50:00,-6.04,2.97,4.37,677.7,6.32,5.81,286,202.7522,8.024923675649507,5.81,0.4702464945307805,6.088000000000001,-56.662641302569384,0.2244152621327437,277.0,1.0,150.0,2.3069656,3.0,150.0,100.0,1.6091753,2.1751447,-3.0,1.2330996,1.6904011
2024-05-13 10:55:00,-5.44,3.02,4.36,678.6,6.63,6.11,201,257.98663,7.597604885751825,6.11,0.45871495360306297,6.094,-55.73826444267018,0.21333136415402548,274.3333333333333,1.0,155.0,2.4115973,3.0,150.0,100.0,1.0835881,1.9196854,1.299983,-3.0,1.5245706
2024-05-13 11:00:00,-5.42,3.42,3.77,678.2,6.45,5.93,154,279.8148,7.435435427733872,5.93,0.6539116406903193,5.913,-54.52932766102913,0.2443542837259976,264.0,1.0,160.0,2.4468706,3.0,150.0,100.0,1.5633624,2.2202399,-3.0,-3.0,-3.0
2024-05-13 11:05:00,-5.49,3.46,3.21,682.6,6.11,5.7,183,250.95181,7.239875689540533,5.7,0.7903990188054046,5.789000000000001,-53.2947216054102,0.056849753984108985,246.75,1.0,165.0,2.3995903,3.0,150.0,100.0,2.3114774,2.1215296,1.231404,0.43137553,-3.0
2024-05-13 11:10:00,-1.94,4.37,4.66,690.0,6.9,6.57,138,113.452675,6.676533531706405,6.57,0.6232100008832527,6.298,-53.96083012118804,0.023897225634750184,230.75,1.0,170.0,2.0548148,3.0,150.0,100.0,2.377712,1.9671329,1.4330546,1.7242708,1.900299
2024-05-13 11:15:00,3.6,4.19,3.37,683.4,6.35,5.94,119,316.09283,6.470935017445315,5.94,0.8253351419864013,5.845,-53.0557493490627,0.3378555078315756,207.91666666666666,1.0,175.0,2.4998147,3.0,150.0,100.0,1.5987262,2.108461,-3.0,-3.0,-3.0
2024-05-13 11:20:00,5.19,2.46,1.96,662.9,5.87,5.15,103,293.65582,6.068714855716983,5.15,0.7580387637204947,5.217,-50.58227504287228,0.3755961455966322,192.75,1.0,180.0,2.4678385,3.0,150.0,100.0,2.155714,-3.0,-3.0,1.4079889,-3.0
2024-05-13 11:25:00,4.37,2.05,2.2,672.7,6.56,5.93,101,237.4542,5.304658330184895,5.93,0.47887093632704175,5.3870000000000005,-49.29978789309638,0.24872054080372125,182.66666666666666,1.0,185.0,2.3755798,1.0,150.0,100.0,2.199975,1.907782,-3.0,1.7212365,-3.0
2024-05-13 11:30:00,3.15,1.57,2.09,665.9,7.64,6.77,99,337.8428,4.093348262730646,6.77,0.273202032540382,5.286,-48.09506963483507,0.2561661518994264,173.0,1.0,190.0,2.5287147,1.0,150.0,100.0,2.3546522,-3.0,-3.0,1.6099317,2.0195026
2024-05-13 11:35:00,5.02,0.05,-1.31,671.7,6.88,6.21,99,396.3554,5.188352339616113,6.21,3.483748416024672,5.11,-46.738126374102116,0.29402589150828506,163.91666666666666,1.0,0.0,2.5980847,1.0,150.0,100.0,2.1842475,-3.0,-3.0,1.8818618,1.680232
2024-05-13 11:40:00,5.21,-0.26,0.54,672.6,6.65,6.02,85,265.79004,5.244358874066495,6.02,0.1746011661283032,4.888000000000001,-45.15481071975222,0.2738861388313126,152.58333333333334,1.0,0.0,2.4245386,1.0,150.0,100.0,1.9989543,1.7589192,-3.0,-3.0,-3.0
2024-05-13 11:45:00,5.38,-0.51,-0.67,667.8,6.27,5.59,90,405.7164,5.445493549716132,5.59,3.265039809181693,4.878999999999999,-43.99926498578899,-0.07048697270079814,138.16666666666666,1.0,0.0,2.6082225,1.0,150.0,100.0,2.3751578,1.7299557,1.6806593,-3.0,1.3220524
2024-05-13 11:50:00,1.88,1.95,3.82,667.2,7.05,6.28,86,327.66077,4.682873049742006,6.28,0.1708030062864231,5.8180000000000005,-45.8596804467602,-0.36125867484928165,121.5,1.0,0.0,2.5154245,1.0,150.0,100.0,2.3069656,1.8030748,1.5919192,-3.0,1.6808983
2024-05-13 11:55:00,-2.23,1.45,4.8,651.9,6.63,5.65,88,316.73486,5.487749994305498,5.65,0.07642243263929824,5.959,-47.61185173428181,-0.24255909836175818,112.08333333333333,1.0,5.0,2.500696,1.0,150.0,100.0,2.4115973,-3.0,-3.0,-3.0,-3.0
2024-05-13 12:00:00,-2.6,2.43,4.5,641.6,5.57,4.57,78,267.89188,5.7371508608367625,4.57,0.22103147306909415,5.766,-48.28527143037778,-0.0894005497984864,105.75,1.0,10.0,2.4279594,1.0,150.0,100.0,2.4468706,1.1848452,-3.0,1.0129484,1.3655632
2024-05-13 12:05:00,-2.5,1.81,4.59,630.1,5.84,4.62,75,324.54138,5.531202400925137,4.62,0.12148978539049966,5.678,-48.50585723226667,-0.04726164892738893,96.75,1.0,15.0,2.51127,1.0,150.0,100.0,2.3995903,1.4847625,-3.0,1.8405527,1.6865689
2024-05-13 12:10:00,-2.58,2.05,4.43,638.1,4.74,3.85,73,403.69492,5.5212136347002545,3.85,0.16287367406838776,5.71,-48.75788791965167,0.000555203946096583,91.33333333333333,1.0,20.0,2.6060534,1.0,150.0,100.0,2.0548148,1.5933971,-0.3697273,-3.0,1.725389
2024-05-13 12:15:00,-1.28,1.91,4.26,628.3,5.3,4.16,66,441.8526,4.840878019533233,4.16,0.13309441028068883,5.560999999999999,-48.500305192805705,0.061034269072595036,86.91666666666667,1.0,25.0,2.6452775,1.0,150.0,100.0,2.4998147,1.8176149,-3.0,-3.0,1.8799003
2024-05-13 12:20:00,1.41,2.11,3.82,635.7,4.66,3.76,109,457.0905,4.586131267201147,3.76,0.18171181866275146,5.503000000000001,-48.14754522892572,0.08850037897746006,87.41666666666667,1.0,30.0,2.6600022,1.0,150.0,100.0,2.4678385,-3.0,-3.0,1.4103575,-3.0
2024-05-13 12:25:00,-0.21,1.93,3.4,638.6,4.92,4.0,150,566.4285,3.915226685646694,4.0,0.16294689309614127,5.406000000000001,-47.615301403031104,0.04108160105881638,91.5,1.0,35.0,2.7531452,1.0,150.0,100.0,2.3755798,1.7365443,1.2067493,1.1649644,1.8828256
2024-05-13 12:30:00,-0.01,1.28,3.6,649.9,4.89,4.13,146,332.8622,3.8207983458957897,4.13,0.07174441583373417,5.579,-47.73672921833756,-0.0605036692880951,95.41666666666667,1.0,40.0,2.5222645,1.0,150.0,100.0,2.5287147,1.2628049,1.6049641,-3.0,1.0471
2024-05-13 12:35:00,-0.26,1.52,4.3,642.4,5.75,4.74,193,459.81064,4.568150610476848,4.74,0.08388745478114752,5.7139999999999995,-48.220338095912055,-0.07669965386763096,103.25,1.0,45.0,2.662579,1.0,150.0,100.0,2.5980847,1.4873098,1.65364,1.8817862,1.0334878
2024-05-13 12:40:00,-0.02,1.26,4.23,642.4,999.99,99.99,180,640.11884,4.413717254197419,99.99,0.05899603303226641,5.693,-48.50372575701387,-0.03120967212637211,111.16666666666667,1.0,50.0,2.8062606,1.0,150.0,100.0,2.4245386,1.3637832,1.8460219,1.6892347,1.6587578
2024-05-13 12:45:00,0.33,1.47,4.03,642.5,5.77,4.76,154,444.07715,4.3024063034539175,4.76,0.08368540859932991,5.634,-48.532434817175776,-0.0005196247100755613,116.5,1.0,55.0,2.6474583,1.0,150.0,100.0,2.6082225,1.1038752,-3.0,1.6741177,-3.0
2024-05-13 12:50:00,0.33,1.46,3.98,642.5,999.99,99.99,190,544.15265,4.25216415487455,99.99,0.08356487001000196,5.619000000000001,-48.50892200411462,0.042223854601555644,125.16666666666667,1.0,60.0,2.7357206,1.0,150.0,100.0,2.5154245,1.6091753,1.6389852,1.9356834,-3.0
2024-05-13 12:55:00,0.0,1.89,3.95,630.3,5.19,4.12,262,445.1236,4.378881135632708,4.12,0.1351618898946481,5.4879999999999995,-48.11019627116022,0.10637924146468762,139.66666666666666,1.0,65.0,2.6484807,1.0,150.0,100.0,2.500696,1.0835881,1.476532,-3.0,1.7778809
2024-05-13 13:00:00,-0.03,2.0,3.51,630.3,999.99,99.99,170,499.5394,4.039925741891799,99.99,0.16697559697433237,5.355999999999999,-47.44512958946775,0.08495712621073963,147.33333333333334,1.0,70.0,2.6985698,1.0,150.0,100.0,2.4279594,1.5633624,1.8834033,1.602487,-3.0
2024-05-13 13:05:00,-0.31,1.96,3.78,632.3,5.75,4.6,158,356.21857,4.269203672817683,4.6,0.15149869005912706,5.456999999999999,-47.26062500905282,0.002304918691091018,154.25,1.0,75.0,2.5517166,1.0,150.0,100.0,2.51127,2.3114774,2.1905088,-3.0,1.9233935
2024-05-13 13:10:00,0.21,1.26,4.17,630.7,4.78,3.81,149,466.0904,4.361261285454014,3.81,0.05878714005758221,5.558,-47.42208040255684,-0.025928519432495988,160.58333333333334,1.0,80.0,2.6684701,1.0,150.0,100.0,2.6060534,2.377712,1.7138209,1.8813457,2.1332793
2024-05-13 13:15:00,0.2,1.22,4.1,632.2,4.93,3.94,83,329.3169,4.282335811213315,3.94,0.05622059498534263,5.5520000000000005,-47.51991020337778,-0.01356577330309534,162.0,1.0,85.0,2.5176141,1.0,150.0,100.0,2.6452775,1.5987262,1.81066,0.67442435,1.8170688
2024-05-13 13:20:00,0.03,1.4,4.23,627.2,3.94,3.1,112,395.2903,4.455760316713636,3.1,0.07076836763179686,5.541,-47.55773813558779,-0.01260627625592008,162.25,1.0,90.0,2.5969162,1.0,150.0,100.0,2.6600022,2.155714,1.9244033,-3.0,2.1415238
2024-05-13 13:25:00,0.09,1.3,4.22,629.6,3.72,2.95,95,340.20795,4.416616351914665,2.95,0.06161892350074782,5.562,-47.645972965936984,0.007842211010303402,157.66666666666666,1.0,95.0,2.5317445,1.0,150.0,100.0,2.7531452,2.199975,2.1644127,1.7333292,1.7811805
2024-05-13 13:30:00,1.0,1.76,3.81,634.0,3.93,3.16,73,463.7851,4.314359743924932,3.16,0.1260703600027966,5.483,-47.479316025484756,0.007060126398253175,151.58333333333334,1.0,100.0,2.6663167,1.0,150.0,100.0,2.5222645,2.3546522,2.1545856,1.8577437,1.9941019
2024-05-13 13:35:00,0.43,1.09,4.15,631.2,3.02,2.41,87,400.52716,4.312249992753204,2.41,0.044645585782003276,5.557000000000001,-47.57537170195445,-0.012386246512646438,142.75,1.0,105.0,2.602632,1.0,150.0,100.0,2.662579,2.1842475,2.0823886,1.3532706,1.9232022
2024-05-13 13:40:00,0.34,1.1,4.19,628.6,3.21,2.54,84,481.22208,4.345307814183019,2.54,0.04476334004968517,5.543000000000001,-47.60317849061122,0.008313913102619353,134.75,1.0,110.0,2.6823456,1.0,150.0,100.0,2.8062606,1.9989543,2.012733,1.5203003,2.1942725
2024-05-13 13:45:00,-0.17,1.58,4.04,628.6,999.99,99.99,82,438.2032,4.341301648123522,99.99,0.09372444724543848,5.498,-47.49223257092826,0.015536304090900899,128.75,1.0,115.0,2.6416755,1.0,150.0,100.0,2.6474583,2.3751578,2.092899,-3.0,2.0083914
2024-05-13 13:50:00,-0.91,1.43,4.08,628.6,999.99,99.99,55,537.06415,4.418076504543578,99.99,0.07815878717462552,5.510000000000001,-47.44781544970221,-0.020385875873115113,117.5,1.0,120.0,2.7300262,1.0,150.0,100.0,2.7357206,2.3069656,2.1751447,1.3012962,-3.0
2024-05-13 13:55:00,0.7,1.8,4.17,635.5,2.92,2.36,60,354.37997,4.5955304372836006,2.36,0.11956802499739198,5.606,-47.69609132965941,-0.035538865437321474,100.66666666666667,1.0,125.0,2.5494692,1.0,150.0,100.0,2.6484807,2.4115973,1.9196854,1.9984446,1.4978378
2024-05-13 14:00:00,-1.08,1.39,4.09,635.5,2.92,2.36,55,435.54462,4.4527070417892975,2.36,0.07524857655306627,5.582000000000001,-47.80320410407543,0.014789193653724908,91.08333333333333,1.0,130.0,2.6390326,1.0,150.0,100.0,2.6985698,2.4468706,2.2202399,-3.0,-3.0
2024-05-13 14:05:00,1.11,1.88,4.02,626.2,4.02,3.15,68,467.96088,4.574592878060297,3.15,0.13486951227787408,5.468,-47.54819939312216,0.048918186380733884,83.58333333333333,1.0,135.0,2.6702096,1.0,150.0,100.0,2.5517166,2.3995903,2.1215296,-3.0,1.7128116
2024-05-13 14:10:00,1.93,2.86,3.8,631.0,3.41,2.72,64,418.58966,5.132689353545565,2.72,0.32550887361845976,5.45,-47.31402224026809,0.04418557023430765,76.5,1.0,140.0,2.6217885,1.0,150.0,100.0,2.6684701,2.0548148,1.9671329,-3.0,-3.0
2024-05-13 14:15:00,1.7,2.76,3.88,627.2,3.39,2.67,49,389.4475,5.055887656979731,2.67,0.2935330189425945,5.436,-47.106343690779084,0.00487763884709409,73.66666666666667,1.0,145.0,2.5904489,1.0,150.0,100.0,2.5176141,2.4998147,2.108461,-3.0,1.5953157
2024-05-13 14:20:00,1.38,2.04,4.4,622.2,3.42,2.64,44,555.0763,5.042420053902689,2.64,0.14552196845904827,5.542000000000001,-47.26524585179715,-0.02607558091738511,68.0,1.0,150.0,2.7443526,1.0,150.0,100.0,2.5969162,2.4678385,-3.0,-3.0,2.1614683
2024-05-13 14:25:00,1.12,2.01,4.46,620.0,2.8,2.15,52,483.8117,5.018575495098186,2.15,0.13738610980568033,5.538,-47.367099499952936,0.009790525047552734,64.41666666666667,1.0,155.0,2.6846764,1.0,150.0,100.0,2.5317445,2.3755798,1.907782,1.3497452,1.9861995
2024-05-13 14:30:00,1.29,2.42,4.12,620.8,3.31,2.55,65,601.41394,4.949232263695047,2.55,0.21160677620083934,5.444,-47.16734060132162,0.028176610079776055,63.75,1.0,160.0,2.7791734,1.0,150.0,100.0,2.6663167,2.5287147,-3.0,1.3243604,0.77874774
2024-05-13 14:35:00,1.04,1.96,4.2,620.5,4.17,3.21,69,633.43933,4.750073683639023,3.21,0.1382588785643897,5.465,-47.085333399155175,-0.03754577504371426,62.25,1.0,165.0,2.8017051,1.0,150.0,100.0,2.602632,2.5980847,-3.0,-3.0,1.9588873
2024-05-13 14:40:00,1.38,2.13,4.51,628.9,2.92,2.31,83,496.14545,5.175074878685331,2.31,0.15585139244465004,5.6419999999999995,-47.54279835175876,-0.07548520723741561,62.166666666666664,1.0,170.0,2.695609,1.0,150.0,100.0,2.6823456,2.4245386,1.7589192,-3.0,2.124967
2024-05-13 14:45:00,1.89,2.16,4.31,633.9,3.23,2.6,71,447.88174,5.178204321963357,2.6,0.17395096207808503,5.632000000000001,-47.84018547152933,-0.03750241984970515,61.25,1.0,175.0,2.6511633,1.0,150.0,100.0,2.6416755,2.6082225,1.7299557,1.2001749,1.9858689
2024-05-13 14:50:00,1.94,2.11,4.35,628.1,2.94,2.32,62,607.8197,5.209433750418562,2.32,0.16402717647896586,5.586,-47.91782255025581,-0.007758267612518211,61.833333333333336,1.0,180.0,2.7837749,1.0,150.0,100.0,2.7300262,2.5154245,1.8030748,1.7009405,1.8462116
2024-05-13 14:55:00,1.96,2.19,4.31,627.4,2.93,2.31,65,490.85773,5.216684771001598,2.31,0.17753685243975995,5.567,-47.91776814765451,-0.0008665101721334167,62.25,1.0,185.0,2.6909556,1.0,150.0,100.0,2.5494692,2.500696,-3.0,-3.0,1.7375971
2024-05-13 15:00:00,1.87,1.81,4.43,624.1,2.88,2.24,74,618.4716,5.13788867142915,2.24,0.11910224561334891,5.569999999999999,-47.92648765197715,-0.02023537373521691,63.833333333333336,1.0,190.0,2.7913198,1.0,150.0,100.0,2.6390326,2.4279594,1.1848452,1.57108,1.608823
2024-05-13 15:05:00,1.5,1.12,4.56,626.6,5.24,4.12,81,581.1843,4.929300153165761,4.12,0.04457545870966185,5.634,-48.12012188500668,-0.05824923324363098,64.91666666666667,1.0,195.0,2.764314,1.0,150.0,100.0,2.6702096,2.51127,1.4847625,1.823596,0.9297535
2024-05-13 15:10:00,1.6,1.02,4.82,627.3,4.47,3.51,91,630.23566,5.180038609894718,3.51,0.035201337345548075,5.718999999999999,-48.50897998441346,-0.06370403867485167,67.16666666666667,1.0,200.0,2.799503,1.0,150.0,100.0,2.6217885,2.6060534,1.5933971,2.2029386,1.798364
2024-05-13 15:15:00,1.57,0.94,4.83,626.0,4.3,3.37,65,646.78723,5.165016940920911,3.37,0.029772804937486932,5.709,-48.7571622717552,-0.029858460373453254,68.5,1.0,205.0,2.8107615,1.0,150.0,100.0,2.5904489,2.6452775,1.8176149,1.8247564,1.8065928
2024-05-13 15:20:00,1.68,1.16,4.68,626.2,4.6,3.61,52,751.14343,5.105918134870554,3.61,0.04695507400474751,5.666,-48.80756458814799,-0.005991037886155936,69.16666666666667,1.0,210.0,2.875723,1.0,150.0,100.0,2.7443526,2.6600022,-3.0,2.0693576,1.7782389
2024-05-13 15:25:00,1.62,1.2,4.68,625.3,4.94,3.86,49,620.1471,5.0957629458207725,3.86,0.049924424188426686,5.657,-48.81707265061676,-0.01135455718207794,68.91666666666667,1.0,215.0,2.7924948,1.0,150.0,100.0,2.6846764,2.7531452,1.7365443,2.0046601,1.5405321
2024-05-13 15:30:00,1.67,1.14,4.75,626.5,4.54,3.56,51,654.9538,5.162460653603086,3.56,0.0446536205582373,5.69,-48.92111015996877,-0.01931089201783607,67.75,1.0,220.0,2.8162107,1.0,150.0,100.0,2.7791734,2.5222645,1.2628049,1.8461542,1.8268698
2024-05-13 15:35:00,1.59,1.2,4.77,626.4,4.8,3.77,54,632.779,5.169235920327104,3.77,0.04892201753687993,5.694999999999999,-49.01018157079512,-0.012023281602601799,66.5,1.0,225.0,2.8012521,1.0,150.0,100.0,2.8017051,2.662579,1.4873098,2.1387644,2.180801
2024-05-13 15:40:00,1.63,1.31,4.74,626.2,4.36,3.42,68,601.12976,5.1807914453295645,3.42,0.05861206464583353,5.684,-49.04134297599479,0.007317204966251723,65.25,1.0,230.0,2.7789683,1.0,150.0,100.0,2.695609,2.8062606,1.3637832,2.1992095,1.6422771
2024-05-13 15:45:00,1.47,1.27,4.71,622.8,4.56,3.54,54,742.6791,5.094889596448582,3.54,0.05470939007035857,5.641,-48.9370095211326,0.034884561304596676,63.833333333333336,1.0,235.0,2.8708012,1.0,150.0,100.0,2.6511633,2.6474583,1.1038752,2.38876,2.0749016
2024-05-13 15:50:00,1.32,1.47,4.59,620.6,4.71,3.63,66,579.5908,4.997139181571792,3.63,0.0738838110680121,5.583,-48.69249736294882,0.03489302831744823,64.16666666666667,1.0,240.0,2.7631216,1.0,150.0,100.0,2.7837749,2.7357206,1.6091753,2.293467,2.0544071
2024-05-13 15:55:00,2.06,-0.55,4.69,620.0,3.33,2.55,50,635.8114,5.151912266333735,2.55,0.010869970982192775,5.607,-48.58807923795812,0.03076485855628732,62.916666666666664,1.0,245.0,2.8033283,1.0,150.0,100.0,2.6909556,2.6484807,1.0835881,2.1810572,1.6452397
2024-05-13 16:00:00,2.11,1.06,4.56,619.5,4.12,3.16,58,599.4036,5.135104672740371,3.16,0.04130794021324568,5.563000000000001,-48.38484877738595,0.04125278352216455,61.583333333333336,1.0,250.0,2.7777193,1.0,150.0,100.0,2.7913198,2.6985698,1.5633624,-3.0,1.9123563
2024-05-13 16:05:00,1.95,0.74,4.5,619.1,4.35,3.33,64,638.1286,4.959848788017634,3.33,0.020347303030689025,5.541,-48.175551402736474,0.04082655303004827,60.166666666666664,1.0,255.0,2.8049083,1.0,150.0,100.0,2.764314,2.5517166,2.3114774,2.1478262,2.229654
2024-05-13 16:10:00,1.62,-1.85,4.54,616.2,3.66,2.78,73,565.0951,5.1631870002935205,2.78,0.11761263769129358,5.524000000000001,-47.976583247085465,0.030908692490601197,58.666666666666664,1.0,260.0,2.7521214,1.0,150.0,100.0,2.799503,2.6684701,2.377712,1.7894421,2.1675692
2024-05-13 16:15:00,1.75,-1.25,4.57,616.4,4.77,3.62,69,665.2106,5.05073262012552,3.62,0.05515358747728516,5.535,-47.86646447783046,0.02178684775238864,59.0,1.0,265.0,2.8229592,1.0,150.0,100.0,2.8107615,2.5176141,1.5987262,2.182603,1.7265888
2024-05-13 16:20:00,2.25,-0.97,4.44,619.3,4.79,3.68,80,437.37152,5.07119315348962,3.68,0.03618367783317378,5.5249999999999995,-47.75871476956158,0.014397559984939079,61.333333333333336,1.0,270.0,2.6408505,1.0,150.0,100.0,2.875723,2.5969162,2.155714,1.9810269,1.8950794
2024-05-13 16:25:00,2.17,0.31,4.51,618.6,4.59,3.51,77,666.1206,5.014489006867998,3.51,0.00365099564480772,5.539,-47.72248887798107,0.0032971280037315865,63.666666666666664,1.0,275.0,2.8235528,1.0,150.0,100.0,2.7924948,2.5317445,2.199975,1.7788988,1.58769
2024-05-13 16:30:00,2.03,0.34,4.62,616.3,4.41,3.35,81,564.2948,5.057756419599505,3.35,0.004203434152685635,5.549,-47.72574348952426,-0.009604988156213069,66.16666666666667,1.0,280.0,2.751506,1.0,150.0,100.0,2.8162107,2.6663167,2.3546522,-3.0,2.0087802
2024-05-13 16:35:00,1.97,0.02,4.73,616.1,4.0,3.04,88,574.65924,5.123885244616628,3.04,1.4109853303378018e-05,5.58,-47.8185387595432,-0.009484673481141214,69.0,1.0,285.0,2.7594104,1.0,150.0,100.0,2.8012521,2.602632,2.1842475,-3.0,2.0074418
2024-05-13 16:40:00,1.92,-0.28,4.67,615.7,4.29,3.24,86,581.8251,5.057044591458533,3.24,0.002790739182788481,5.558,-47.820590224335675,-0.002977772673978052,70.5,1.0,290.0,2.7647924,1.0,150.0,100.0,2.7789683,2.6823456,1.9989543,0.9350418,1.7423278
2024-05-13 16:45:00,1.86,-0.17,4.7,615.7,999.99,99.99,88,575.9619,5.05751915468444,99.99,0.001017473121320683,5.567,-47.84831648628298,-0.018794726647481497,73.33333333333333,1.0,295.0,2.7603939,1.0,150.0,100.0,2.8708012,2.6416755,2.3751578,-3.0,1.8387488
2024-05-13 16:50:00,1.66,0.08,4.85,616.0,4.12,3.12,125,560.385,5.126841132705401,3.12,0.0002147723981827651,5.615,-48.00853749081049,-0.024536144945022896,78.25,1.0,300.0,2.7484865,1.0,150.0,100.0,2.7631216,2.7300262,2.3069656,-3.0,2.2315989
2024-05-13 16:55:00,1.34,-0.04,4.87,614.4,3.95,2.98,104,555.175,5.051148384278569,2.98,5.233851899070636e-05,5.605,-48.09367793573321,0.013692583954546223,82.75,1.0,305.0,2.7444298,1.0,150.0,100.0,2.8033283,2.5494692,2.4115973,1.299983,1.5041353
2024-05-13 17:00:00,0.94,0.33,4.84,605.6,4.27,3.14,75,572.97864,4.941467393396419,3.14,0.003465835806021014,5.508,-47.87161165126503,0.2041563542495446,84.16666666666667,1.0,310.0,2.7581384,1.0,150.0,100.0,2.7777193,2.6390326,2.4468706,-3.0,2.1335173
2024-05-13 17:05:00,2.67,-2.47,2.49,617.3,3.35,2.56,63,468.75082,4.407936024944101,2.56,0.39461271059077513,4.92,-46.052114393237765,0.1761674985971716,84.08333333333333,1.0,315.0,2.670942,1.0,150.0,100.0,2.8049083,2.6702096,2.3995903,1.231404,2.0665758
2024-05-13 17:10:00,2.75,-0.7,4.17,615.2,2.81,2.12,62,503.86288,5.0439468672855785,2.12,0.02140862692841468,5.4030000000000005,-46.10993666529331,-0.014516983055167998,83.16666666666667,1.0,320.0,2.7023125,1.0,150.0,100.0,2.7521214,2.6217885,2.0548148,1.4330546,1.9446182
2024-05-13 17:15:00,2.52,-0.36,4.48,607.5,2.43,1.79,75,551.4601,5.152708025883089,1.79,0.005028908460060352,5.4190000000000005,-46.197284223789445,-0.017566941172314186,83.66666666666667,1.0,325.0,2.741514,1.0,150.0,100.0,2.8229592,2.5904489,2.4998147,-3.0,2.1951404
2024-05-13 17:20:00,2.7,-0.43,4.29,614.1,2.63,1.98,67,492.83878,5.087140650699566,1.98,0.007787852896752485,5.428,-46.28560607701645,-0.013123867840939597,82.58333333333333,1.0,330.0,2.692705,1.0,150.0,100.0,2.6408505,2.7443526,2.4678385,-3.0,1.9575821
2024-05-13 17:25:00,2.68,-0.57,4.31,612.8,2.8,2.1,85,514.9214,5.107191008764015,2.1,0.013507789232067208,5.421,-46.32852290219884,0.0018469073357543664,83.25,1.0,335.0,2.711741,1.0,150.0,100.0,2.8235528,2.6846764,2.3755798,-3.0,1.5634776
2024-05-13 17:30:00,2.72,-1.04,4.19,613.2,2.85,2.14,70,451.86346,5.102558181931883,2.14,0.04607305847689758,5.389000000000001,-46.26713700365891,0.10800463914958058,82.33333333333333,1.0,340.0,2.6550071,1.0,150.0,100.0,2.751506,2.7791734,2.5287147,-3.0,2.0152018
2024-05-13 17:35:00,2.91,-1.91,3.0,614.4,3.12,2.35,107,498.555,4.595236664199136,2.35,0.220859779227383,5.0440000000000005,-45.248476510703036,0.3878506006650085,83.91666666666667,1.0,345.0,2.6977131,1.0,150.0,100.0,2.7594104,2.8017051,2.5980847,-3.0,2.2231436
2024-05-13 17:40:00,3.74,-2.88,-0.36,613.6,3.03,2.28,79,464.97418,4.734089141535043,2.28,1.6325688978138428,4.244,-42.388630997008825,0.4635909257610685,83.33333333333333,1.0,0.0,2.6674287,1.0,150.0,100.0,2.7647924,2.695609,2.4245386,-3.0,2.3110263
2024-05-13 17:45:00,3.77,-3.0,-0.84,609.6,2.77,2.06,76,527.46844,4.890654352947057,2.06,1.8926010779478337,4.348,-40.61256725309235,0.26911055480239765,82.33333333333333,1.0,5.0,2.7221966,1.0,150.0,100.0,2.7603939,2.6511633,2.6082225,1.6806593,2.2555106
2024-05-13 17:50:00,3.79,-2.78,-1.25,610.9,3.02,2.26,87,368.8269,4.863640611722869,2.26,2.094831051752024,4.484,-39.69752544898485,0.21557427210764857,79.16666666666667,1.0,10.0,2.5668225,1.0,150.0,100.0,2.7484865,2.7837749,2.5154245,1.5919192,2.0608435
2024-05-13 17:55:00,3.9,-3.03,-0.29,617.0,3.2,2.44,174,443.57925,4.947221442385614,2.44,1.6716269880546275,4.257,-38.456824532015865,0.1119599584058804,85.0,1.0,15.0,2.6469712,1.0,150.0,100.0,2.7444298,2.6909556,2.500696,-3.0,1.8991076
2024-05-13 18:00:00,3.73,-2.34,1.69,613.6,3.93,2.96,137,582.1174,4.716418132439065,2.96,0.5997939594765498,4.643,-38.577925864926044,0.046276261358905654,90.16666666666667,1.0,0.0,2.7650106,1.0,150.0,100.0,2.7581384,2.7913198,2.4279594,-3.0,2.0154798
2024-05-13 18:05:00,4.29,-2.39,0.84,613.6,999.99,99.99,293,473.24872,4.982148131077598,99.99,1.021693912620541,4.388,-37.99406191842681,0.100090962257012,109.33333333333333,1.0,5.0,2.6750894,1.0,150.0,100.0,2.670942,2.764314,2.51127,-3.0,2.1674514
2024-05-13 18:10:00,4.29,-2.39,0.84,613.6,999.99,99.99,171,618.93884,4.982148131077598,99.99,1.021693912620541,4.388,-37.577016242355924,-0.11780816469969295,118.41666666666667,1.0,10.0,2.7916477,1.0,150.0,100.0,2.7023125,2.799503,2.6060534,-0.3697273,1.6280729
2024-05-13 18:15:00,3.41,-2.37,3.26,611.3,3.74,2.8,236,599.80194,5.279450729005812,2.8,0.308462606677584,5.090999999999999,-39.17214356542374,-0.301501807337916,131.83333333333334,1.0,15.0,2.778008,1.0,150.0,100.0,2.741514,2.8107615,2.6452775,-3.0,2.2260056
2024-05-13 18:20:00,3.35,-2.18,3.62,610.5,3.87,2.88,213,505.32684,5.392522600787131,2.88,0.23595295412827225,5.191000000000001,-40.592034315735084,-0.23356083115774523,144.0,1.0,20.0,2.7035723,1.0,150.0,100.0,2.692705,2.875723,2.6600022,-3.0,2.0545516
2024-05-13 18:25:00,3.51,-2.3,3.51,610.3,3.62,2.7,187,432.07388,5.470850025361689,2.7,0.2730795644328901,5.156,-41.50775187700119,-0.15698015335990406,152.5,1.0,25.0,2.6355581,1.0,150.0,100.0,2.711741,2.7924948,2.7531452,1.2067493,2.176549
2024-05-13 18:30:00,3.59,-2.26,3.47,611.5,4.21,3.15,198,415.33896,5.480565664235764,3.15,0.2715499167359477,5.156000000000001,-42.161835849334125,-0.10707646246226332,163.16666666666666,1.0,30.0,2.6184027,1.0,150.0,100.0,2.6550071,2.8162107,2.5222645,1.6049641,2.3316455
2024-05-13 18:35:00,3.66,-2.33,3.35,613.3,3.63,2.72,153,440.41504,5.481514389290609,2.72,0.3009576363249587,5.137999999999999,-42.578516501623824,-0.06330988847383097,167.0,1.0,35.0,2.6438622,1.0,150.0,100.0,2.6977131,2.8012521,2.662579,1.65364,2.1727262
2024-05-13 18:40:00,3.74,-2.16,3.32,611.3,4.67,3.49,98,368.0722,5.447531551078892,3.49,0.26938182319073445,5.108999999999999,-42.794934734072434,-0.08219129348189398,168.58333333333334,1.0,40.0,2.565933,1.0,150.0,100.0,2.6674287,2.7789683,2.8062606,1.8460219,2.218962
2024-05-13 18:45:00,3.23,-2.02,3.85,611.4,5.07,3.79,89,407.57944,5.416253317561874,3.79,0.18955639495347248,5.269,-43.400429436442764,-0.10635605553797589,169.66666666666666,1.0,45.0,2.6102123,1.0,150.0,100.0,2.7221966,2.8708012,2.6474583,-3.0,2.2153397
2024-05-13 18:50:00,3.17,-1.66,3.96,609.0,4.42,3.27,74,536.4945,5.337237112963972,3.27,0.1263617393300991,5.278,-43.85849528945219,-0.066894875867618,168.58333333333334,1.0,50.0,2.7295654,1.0,150.0,100.0,2.5668225,2.7631216,2.7357206,1.6389852,2.0447032
2024-05-13 18:55:00,2.92,-1.57,4.11,600.4,4.37,3.15,74,518.66315,5.280473463620473,3.15,0.1043642294312045,5.237,-44.069378195118944,-0.025976493305087445,160.25,1.0,55.0,2.7148855,1.0,150.0,100.0,2.6469712,2.8033283,2.6484807,1.476532,2.1763914
2024-05-13 19:00:00,2.81,-1.57,4.13,596.2,4.43,3.15,75,425.4738,5.236210461774813,3.15,0.1018676402870674,5.2010000000000005,-44.11826022250307,-0.02677653705700749,155.08333333333334,1.0,60.0,2.6288729,1.0,150.0,100.0,2.7650106,2.7777193,2.6985698,1.8834033,2.1939638
2024-05-13 19:05:00,2.41,-2.01,4.2,600.6,4.15,3.0,93,528.8562,5.242919034278519,3.0,0.15425635330779935,5.266,-44.33714356568902,-0.038942720661504636,138.41666666666666,1.0,65.0,2.7233377,1.0,150.0,100.0,2.6750894,2.8049083,2.5517166,2.1905088,2.1564322
2024-05-13 19:10:00,2.5,-1.77,4.25,599.6,4.1,2.94,106,445.24713,5.2388357485227575,2.94,0.12071470033986909,5.271000000000001,-44.507687429118114,-0.03264650690719506,133.0,1.0,70.0,2.648601,1.0,150.0,100.0,2.7916477,2.7521214,2.6684701,1.7138209,2.1647737
2024-05-13 19:15:00,2.49,-1.62,4.29,599.6,4.31,3.09,120,494.32843,5.2181031036191685,3.09,0.10087146364471117,5.283,-44.66360863476097,-0.018210585618762563,123.33333333333333,1.0,75.0,2.6940155,1.0,150.0,100.0,2.778008,2.8229592,2.5176141,1.81066,1.7018691
2024-05-13 19:20:00,2.6,-1.8,4.23,598.4,4.41,3.16,74,370.64175,5.281372927563439,3.16,0.12617058921817303,5.253,-44.68979328530574,-0.007893391786087278,111.75,1.0,80.0,2.5689542,1.0,150.0,100.0,2.7035723,2.6408505,2.5969162,1.9244033,1.9867562
2024-05-13 19:25:00,2.72,-1.85,4.13,602.6,4.19,3.04,86,448.08478,5.2799431815124676,3.04,0.13900333550698785,5.265,-44.74254255262184,-0.0076236784412408555,103.33333333333333,1.0,85.0,2.6513603,1.0,150.0,100.0,2.6355581,2.8235528,2.5317445,2.1644127,2.2618937
2024-05-13 19:30:00,2.73,-1.94,4.08,603.6,4.02,2.93,90,489.20117,5.278531992893479,2.93,0.1543582698210998,5.260000000000001,-44.76603006971815,0.008997177860741345,94.33333333333333,1.0,90.0,2.6894875,1.0,150.0,100.0,2.6184027,2.751506,2.6663167,2.1545856,2.1636581
2024-05-13 19:35:00,2.75,-2.06,4.0,601.4,3.99,2.89,90,448.11548,5.2731489643286205,2.89,0.17595898459029846,5.2139999999999995,-44.65257077401443,0.06430157620693962,89.08333333333333,1.0,95.0,2.6513898,1.0,150.0,100.0,2.6438622,2.7594104,2.602632,2.0823886,2.1822116
2024-05-13 19:40:00,3.1,-2.43,3.47,601.3,4.16,3.01,102,419.97617,5.249361865979521,3.01,0.28546696336315425,5.054,-44.12301430764875,0.07432355000571889,89.41666666666667,1.0,100.0,2.6232247,1.0,150.0,100.0,2.565933,2.7647924,2.6823456,2.012733,2.3600092
2024-05-13 19:45:00,3.01,-2.09,3.7,600.3,4.46,3.22,104,575.7062,5.207513802190062,3.22,0.20210938236716147,5.113,-43.90933527395724,0.03774947361953025,90.66666666666667,1.0,105.0,2.760201,1.0,150.0,100.0,2.6102123,2.7603939,2.6416755,2.092899,2.0009634
2024-05-13 19:50:00,2.96,-2.22,3.69,600.2,4.57,3.29,105,518.6002,5.2255238971800715,3.29,0.2244416079225454,5.109000000000001,-43.74551957145345,0.049811209714341234,93.25,1.0,110.0,2.7148328,1.0,150.0,100.0,2.7295654,2.7484865,2.7300262,2.1751447,2.1136642
2024-05-13 19:55:00,2.97,-2.52,3.49,598.4,4.72,3.38,102,523.5163,5.229856594592246,3.38,0.2961482036338134,5.031,-43.41122317681383,0.04423513705453743,95.58333333333333,1.0,115.0,2.7189302,1.0,150.0,100.0,2.7148855,2.7444298,2.5494692,1.9196854,2.0416958
2024-05-13 20:00:00,2.98,-2.33,3.6,599.8,4.67,3.36,104,504.11945,5.22200153197986,3.36,0.2513436793435977,5.077999999999999,-43.303168200908075,0.03658701880221571,98.0,1.0,120.0,2.7025335,1.0,150.0,100.0,2.6288729,2.7581384,2.6390326,2.2202399,1.9650877
2024-05-13 20:05:00,2.99,-2.58,3.45,597.8,4.68,3.35,96,405.74954,5.243948893725033,3.35,0.31217466365336544,5.013,-43.04535298879167,0.062418656937311565,98.25,1.0,125.0,2.608258,1.0,150.0,100.0,2.7233377,2.670942,2.6702096,2.1215296,2.4718523
2024-05-13 20:10:00,3.21,-2.59,3.23,597.8,4.25,3.04,92,421.95963,5.2388071161286325,3.04,0.34424078498157695,4.947,-42.67898163153496,0.043753627435504684,97.08333333333333,1.0,130.0,2.6252708,1.0,150.0,100.0,2.648601,2.7023125,2.6217885,1.9671329,2.2914643
2024-05-13 20:15:00,3.05,-2.39,3.49,596.9,4.32,3.08,91,349.4052,5.2148537851027035,3.08,0.2722481916054645,5.016,-42.60781671443662,0.00693012293143056,94.66666666666667,1.0,135.0,2.5433295,1.0,150.0,100.0,2.6940155,2.741514,2.5904489,2.108461,1.7211447
2024-05-13 20:20:00,2.92,-2.3,3.57,596.4,4.56,3.24,94,396.3442,5.1537656136072,3.24,0.2449090245962175,5.034999999999999,-42.609680402220654,0.006888998545474578,96.33333333333333,1.0,140.0,2.5980725,1.0,150.0,100.0,2.5689542,2.692705,2.7443526,-3.0,1.9951495
2024-05-13 20:25:00,2.9,-2.34,3.54,594.7,4.64,3.28,90,492.691,5.139766531662698,3.28,0.2533644232683722,5.009,-42.53892672898188,0.008250026271370104,96.66666666666667,1.0,145.0,2.6925747,1.0,150.0,100.0,2.6513603,2.711741,2.6846764,1.907782,1.8823757
2024-05-13 20:30:00,2.88,-2.3,3.6,594.3,4.45,3.14,86,424.56122,5.152125774862256,3.14,0.2408248176264662,5.023,-42.52718013950695,0.0028454084772157272,96.33333333333333,1.0,150.0,2.6279404,1.0,150.0,100.0,2.6894875,2.6550071,2.7791734,-3.0,2.018361
2024-05-13 20:35:00,2.89,-2.3,3.59,594.3,999.99,99.99,83,465.50885,5.15074751856466,99.99,0.24180197622564154,5.02,-42.51047264420972,0.005080813517967897,95.75,1.0,155.0,2.667928,1.0,150.0,100.0,2.6513898,2.6977131,2.8017051,-3.0,1.8666979
2024-05-13 20:40:00,2.93,-2.3,3.55,594.7,4.55,3.22,74,458.4208,5.145619496231722,3.22,0.24595112450755108,5.0120000000000005,-42.476372004327274,0.005845823979847608,93.41666666666667,1.0,160.0,2.6612644,1.0,150.0,100.0,2.6232247,2.6674287,2.695609,1.7589192,1.5241393
2024-05-13 20:45:00,2.9,-2.34,3.57,594.1,4.44,3.13,76,450.2479,5.160474784358509,3.13,0.25086217169093916,5.0120000000000005,-42.452014404411244,0.012472345321006629,91.08333333333333,1.0,165.0,2.6534517,1.0,150.0,100.0,2.760201,2.7221966,2.6511633,1.7299557,2.0704527
2024-05-13 20:50:00,3.18,-2.1,3.56,591.4,4.32,3.02,73,472.9816,5.214978427568037,3.02,0.21386708495877768,4.981999999999999,-42.35164855111721,0.04276667324279728,88.41666666666667,1.0,170.0,2.6748443,1.0,150.0,100.0,2.7148328,2.5668225,2.7837749,1.8030748,1.9567828
2024-05-13 20:55:00,3.31,-2.31,3.23,592.0,4.38,3.07,74,380.85663,5.169632482101605,3.07,0.28554808067719994,4.889,-42.02434767198327,0.011983959517974796,86.08333333333333,1.0,175.0,2.5807614,1.0,150.0,100.0,2.7189302,2.6469712,2.6909556,-3.0,-3.0
2024-05-13 21:00:00,3.26,-1.59,3.72,593.3,5.27,3.71,72,528.552,5.195584663923783,3.71,0.1240288524774629,5.0489999999999995,-42.23180895593746,-0.022806242516129772,83.41666666666667,1.0,180.0,2.7230878,1.0,150.0,100.0,2.7025335,2.7650106,2.7913198,1.1848452,1.9939246
2024-05-13 21:05:00,3.34,-1.84,3.66,590.5,4.8,3.35,67,420.67148,5.285527409823924,3.35,0.16627897750448828,5.003,-42.25241009714457,0.004481750021407294,81.0,1.0,185.0,2.623943,1.0,150.0,100.0,2.608258,2.6750894,2.764314,1.4847625,1.6787422
2024-05-13 21:10:00,3.38,-1.65,3.64,588.2,5.24,3.63,65,364.80826,5.234166600329035,3.63,0.13732021162253047,4.974,-42.18699145572339,0.024975968556370985,78.75,1.0,190.0,2.5620646,1.0,150.0,100.0,2.6252708,2.7916477,2.799503,1.5933971,1.5820376
2024-05-13 21:15:00,3.49,-1.85,3.41,590.1,5.09,3.54,66,455.45355,5.218304322287079,3.54,0.18633447714469287,4.924,-42.00265041158086,0.015355561399729822,76.66666666666667,1.0,195.0,2.6584442,1.0,150.0,100.0,2.5433295,2.778008,2.8107615,1.8176149,1.8458165
2024-05-13 21:20:00,3.36,-1.59,3.71,587.0,4.82,3.32,66,478.36035,5.251837773579835,3.32,0.1246310139538849,4.9830000000000005,-42.03343584172609,0.015357186215273799,74.33333333333333,1.0,200.0,2.6797552,1.0,150.0,100.0,2.5980725,2.7035723,2.875723,-3.0,-3.0
2024-05-13 21:25:00,3.35,-1.72,3.51,585.5,5.1,3.49,64,389.4498,5.1479121981634455,3.49,0.15374908302997772,4.9079999999999995,-41.84907854942812,0.03242623583159485,72.16666666666667,1.0,205.0,2.5904515,1.0,150.0,100.0,2.6925747,2.6355581,2.7924948,1.7365443,-3.0
2024-05-13 21:30:00,3.35,-1.72,3.51,585.2,5.26,3.6,68,412.028,5.1479121981634455,3.6,0.15367030467829712,4.905,-41.70917348341014,0.014101613677793523,70.66666666666667,1.0,210.0,2.6149268,1.0,150.0,100.0,2.6279404,2.6184027,2.8162107,1.2628049,-3.0
2024-05-13 21:35:00,3.29,-1.71,3.63,585.2,999.99,99.99,65,371.343,5.1889401615358794,99.99,0.1447695945338159,4.941000000000001,-41.708062412650186,0.005136041746605003,69.16666666666667,1.0,215.0,2.5697753,1.0,150.0,100.0,2.667928,2.6438622,2.8012521,1.4873098,1.5172496
2024-05-13 21:40:00,3.33,-1.49,3.58,584.9,5.4,3.69,73,332.6344,5.111301204194485,3.69,0.11475662803235896,4.923,-41.65781306594409,-0.0007350331352199646,69.08333333333333,1.0,220.0,2.5219672,1.0,150.0,100.0,2.6612644,2.565933,2.7789683,1.3637832,1.4051014
2024-05-13 21:45:00,3.37,-1.33,3.67,585.6,5.22,3.58,86,385.32333,5.157004944732941,3.58,0.09034633826183007,4.957000000000001,-41.715412744002386,-0.04898750588735297,69.91666666666667,1.0,225.0,2.5858252,1.0,150.0,100.0,2.6534517,2.6102123,2.8708012,1.1038752,-3.0
2024-05-13 21:50:00,3.05,-1.11,4.13,585.9,5.38,3.7,87,403.1684,5.252761178656422,3.7,0.05273678008683872,5.098,-42.14768812481762,-0.11971498772841756,71.08333333333333,1.0,230.0,2.6054864,1.0,150.0,100.0,2.6748443,2.7295654,2.7631216,1.6091753,1.1238503
2024-05-13 21:55:00,2.68,-0.56,4.68,585.6,5.37,3.68,86,411.50336,5.422029140460239,3.68,0.011244856264783514,5.26,-42.91256262128656,-0.16938406543073156,72.08333333333333,1.0,235.0,2.6143734,1.0,150.0,100.0,2.5807614,2.7148855,2.8033283,1.0835881,1.275768
2024-05-13 22:00:00,2.41,-0.14,5.08,587.0,4.89,3.37,82,498.80753,5.624419970094694,3.37,0.0006265232597632559,5.394,-43.841528779124936,-0.15236298524590097,72.91666666666667,1.0,240.0,2.697933,1.0,150.0,100.0,2.7230878,2.6288729,2.7777193,1.5633624,-3.0
2024-05-13 22:05:00,2.46,-0.26,5.02,586.4,4.97,3.42,82,412.47226,5.59639169465469,3.42,0.00219638597828289,5.369999999999999,-44.43619247374557,-0.10682001360237905,74.16666666666667,1.0,245.0,2.6153948,1.0,150.0,100.0,2.623943,2.7233377,2.8049083,2.3114774,1.4384773
2024-05-13 22:10:00,1.9,0.36,5.12,585.1,4.87,3.34,76,329.84686,5.473024757846432,3.34,0.003943264620167027,5.3870000000000005,-44.909728915148726,-0.0748668697127087,75.08333333333333,1.0,250.0,2.5183125,1.0,150.0,100.0,2.5620646,2.648601,2.7521214,2.377712,-3.0
2024-05-13 22:15:00,1.96,-0.19,5.07,584.4,4.64,3.17,74,390.46136,5.43898887662036,3.17,0.0011148142749622858,5.365,-45.18486117087266,-0.04258396977717212,75.75,1.0,255.0,2.591578,1.0,150.0,100.0,2.6584442,2.6940155,2.8229592,1.5987262,-3.0
2024-05-13 22:20:00,1.94,-0.22,5.07,582.8,4.35,2.96,67,355.75766,5.4329457939500925,2.96,0.0014883723468580607,5.348999999999999,-45.33556861292045,-0.015837284880045387,75.83333333333333,1.0,260.0,2.5511544,1.0,150.0,100.0,2.6797552,2.5689542,2.6408505,2.155714,-3.0
2024-05-13 22:25:00,2.2,-0.22,4.93,583.5,4.57,3.11,75,353.08194,5.403082453562965,3.11,0.001567205504753106,5.314,-45.34323401967311,0.008082770411945717,76.75,1.0,265.0,2.5478754,1.0,150.0,100.0,2.5904515,2.6513603,2.8235528,2.199975,1.5976847
2024-05-13 22:30:00,2.14,-0.25,4.88,581.7,4.48,3.03,63,268.07516,5.334463421938517,3.03,0.0020319656954623155,5.281000000000001,-45.25474090880099,0.027087454103048005,76.33333333333333,1.0,270.0,2.4282565,1.0,150.0,100.0,2.6149268,2.6894875,2.751506,2.3546522,-3.0
2024-05-13 22:35:00,2.09,0.15,4.73,582.0,4.89,3.31,63,277.65634,5.173345146034624,3.31,0.0007564274201532766,5.239000000000001,-45.07235947864263,0.04313492086717261,76.16666666666667,1.0,275.0,2.4435077,1.0,150.0,100.0,2.5697753,2.6513898,2.7594104,2.1842475,1.5455722
2024-05-13 22:40:00,2.06,0.16,4.68,579.3,5.06,3.39,64,270.3061,5.11581860507192,3.39,0.000865219756395131,5.196999999999999,-44.823391700129264,0.055625227062187574,75.41666666666667,1.0,280.0,2.431856,1.0,150.0,100.0,2.5219672,2.6232247,2.7647924,1.9989543,1.1394911
2024-05-13 22:45:00,2.34,-0.11,4.55,578.6,4.98,3.33,64,351.83795,5.117636173078348,3.33,0.00043247409564813966,5.151000000000001,-44.516107208020756,0.05267734150431593,73.58333333333333,1.0,285.0,2.5463426,1.0,150.0,100.0,2.5858252,2.760201,2.7603939,2.3751578,-3.0
2024-05-13 22:50:00,2.27,0.27,4.52,579.5,5.01,3.37,65,264.87363,5.065194961696933,3.37,0.0026114392616995376,5.151,-44.296618285086105,0.034255256228369294,71.75,1.0,290.0,2.4230387,1.0,150.0,100.0,2.6054864,2.7148328,2.7484865,2.3069656,1.2330996
2024-05-13 22:55:00,2.24,0.46,4.6,578.3,5.11,3.42,76,351.20938,5.137041950383508,3.42,0.007371636966316736,5.162999999999999,-44.17355464573706,0.02531028115769516,70.91666666666667,1.0,295.0,2.545566,1.0,150.0,100.0,2.6143734,2.7189302,2.7444298,2.4115973,-3.0
2024-05-13 23:00:00,2.3,0.47,4.59,577.1,5.03,3.35,67,459.76642,5.155482518639744,3.35,0.007738055702271278,5.148000000000001,-44.04351547350915,0.023695619208255893,69.66666666666667,1.0,300.0,2.6625373,1.0,150.0,100.0,2.697933,2.7025335,2.7581384,2.4468706,-3.0
2024-05-13 23:05:00,2.28,0.56,4.6,576.3,4.89,3.25,72,216.55539,5.164494166905409,3.25,0.010906413921128105,5.143,-43.936598453654504,0.015521571017904278,68.83333333333333,1.0,305.0,2.335569,1.0,150.0,100.0,2.6153948,2.608258,2.670942,2.3995903,0.43137553
2024-05-13 23:10:00,2.2,0.46,4.67,575.2,4.82,3.19,74,311.60562,5.182711645461283,3.19,0.007178794282059106,5.1530000000000005,-43.88829976333011,-0.009467263877169785,68.66666666666667,1.0,310.0,2.4936054,1.0,150.0,100.0,2.5183125,2.6252708,2.7023125,2.0548148,1.7242708
2024-05-13 23:15:00,1.32,0.98,5.03,570.7,3.76,2.45,80,267.8952,5.2918522277176265,2.45,0.027868766370863173,5.216000000000001,-44.0312710924262,-0.02224980605330771,69.16666666666667,1.0,315.0,2.427965,1.0,150.0,100.0,2.591578,2.5433295,2.741514,2.4998147,-3.0
2024-05-13 23:20:00,1.1,1.35,5.08,568.4,3.48,2.25,79,217.30038,5.37018621651056,2.25,0.05119566782424221,5.208,-44.11079782386319,-0.009401147096274088,70.16666666666667,1.0,320.0,2.3370605,1.0,150.0,100.0,2.5511544,2.5980725,2.692705,2.4678385,1.4079889
2024-05-13 23:25:00,1.0,1.86,5.01,569.0,3.14,2.04,73,259.9875,5.436883298361296,2.04,0.09670921011125784,5.193,-44.12528256338894,-0.003329011245205038,70.0,1.0,325.0,2.4149525,1.0,150.0,100.0,2.5478754,2.6925747,2.711741,2.3755798,1.7212365
2024-05-13 23:30:00,0.83,1.45,5.0,569.6,3.77,2.44,63,221.15742,5.2717549260184695,2.44,0.059411524955939626,5.196,-44.14408793631524,-0.0026598090470031366,70.0,1.0,330.0,2.3447015,1.0,150.0,100.0,2.4282565,2.6279404,2.6550071,2.5287147,1.6099317
2024-05-13 23:35:00,0.85,1.26,4.96,570.6,4.28,2.79,143,333.15594,5.187648793046808,2.79,0.04556148255531153,5.194000000000001,-44.151880653858974,-0.0010539505642128688,76.66666666666667,1.0,335.0,2.5226476,1.0,150.0,100.0,2.4435077,2.667928,2.6977131,2.5980847,1.8818618
2024-05-13 23:40:00,1.38,1.14,4.81,575.0,4.4,2.91,110,272.53363,5.1322607104472,2.91,0.03977357285126263,5.193,-44.154627441957366,0.003473484807297922,80.5,1.0,340.0,2.43542,1.0,150.0,100.0,2.431856,2.6612644,2.6674287,2.4245386,-3.0
2024-05-13 23:45:00,1.76,0.8,4.75,575.4,4.16,2.75,71,249.72754,5.128362311693666,2.75,0.020490852698623423,5.178999999999999,-44.117145805785995,0.005017333574411964,81.08333333333333,1.0,345.0,2.3974664,1.0,150.0,100.0,2.5463426,2.6534517,2.7221966,2.6082225,-3.0
2024-05-13 23:50:00,1.65,1.02,4.73,576.5,3.97,2.64,63,250.62349,5.112318456434419,2.64,0.033113263182419805,5.184,-44.10445410621325,0.002175719926756159,80.91666666666667,1.0,350.0,2.3990219,1.0,150.0,100.0,2.4230387,2.6748443,2.5668225,2.5154245,-3.0
2024-05-13 23:55:00,1.68,0.98,4.73,576.5,999.99,99.99,65,215.79053,5.114264365478187,99.99,0.030657587457773288,5.184,-44.09538860651843,-0.00013651860203580667,80.0,1.0,355.0,2.3340323,1.0,150.0,100.0,2.545566,2.5807614,2.6469712,2.500696,-3.0
2024-05-14 00:00:00,1.63,1.03,4.75,576.5,999.99,99.99,71,264.93454,5.1264315073938125,99.99,0.03356191001186524,5.19,-44.105819292233605,-0.0020861371430342503,80.33333333333333,1.0,360.0,2.4231386,1.0,150.0,100.0,2.6625373,2.7230878,2.7650106,2.4279594,1.0129484
