datetime,BX_GSM,BY_GSM,BZ_GSM,Vsw,Np,AE,flux,BT,Pdyn,Ec,KP,DST,dDst_dt,AE_1h,ULF_power,Bz_neg_dur,log_flux,regime,F10.7_index,goes_Hp,flux_lag_1h,flux_lag_3h,flux_lag_6h,flux_lag_12h,flux_lag_24h
2024-10-09 00:00:00,2.74,7.6,-2.66,453.4,7.59,559,1.0,8.505480586069195,3.12,2.5651716433009377,3.332,-27.557669351786604,-0.43359008111614655,559.0,-0.06400000000000095,0.0,0.0,1.0,150.0,100.0,0.0,0.0,0.0,0.0,0.0
2024-10-09 00:05:00,2.61,7.08,-4.19,453.0,7.92,703,1.0,8.631025431546359,3.25,2.950576644780345,3.7870000000000004,-29.725619757367337,-0.3604415802021741,631.0,0.0690000000000004,5.0,0.0,1.0,150.0,100.0,0.0,0.0,0.0,0.0,0.0
2024-10-09 00:10:00,1.39,6.58,-5.13,444.1,7.07,712,5.633136749267578,8.458451394906753,2.79,3.033015391045583,3.9800000000000004,-31.162085153808345,0.057488623266232254,658.0,-0.2819999999999986,10.0,0.7507502942375597,1.0,150.0,100.0,0.0,0.0,0.0,0.0,0.0
2024-10-09 00:15:00,-2.63,7.49,-3.16,417.8,7.4,585,10.266273498535156,8.544155897454118,2.58,2.4786847806838646,3.126,-29.150733524705014,0.32961208533560155,639.75,-1.7939999999999994,15.0,1.0114128298957599,1.0,150.0,100.0,0.0,0.0,0.0,0.0,0.0
2024-10-09 00:20:00,-1.11,7.93,-2.45,433.0,7.36,663,5.633136749267578,8.373738710994031,2.76,2.348061921876182,3.065,-27.86596430045233,0.19723337816299705,644.4,-1.1049999999999998,20.0,0.7507502942375597,1.0,150.0,100.0,0.0,0.0,0.0,0.0,0.0
2024-10-09 00:25:00,-0.91,7.4,-2.5,435.3,7.44,505,10.266273498535156,7.863720493506874,2.81,2.25934407369623,3.103,-27.178399743075044,-0.08030898931071988,621.1666666666666,-0.9849999999999994,25.0,1.0114128298957599,1.0,150.0,100.0,0.0,0.0,0.0,0.0,0.0
2024-10-09 00:30:00,-0.24,5.59,-5.36,425.3,7.22,559,13.74333381652832,7.748244962570556,2.61,2.788015469287246,3.861,-28.66905419355953,-0.2258103800716995,612.2857142857143,-1.1989999999999994,30.0,1.1380920953508384,1.0,150.0,100.0,0.0,0.0,0.0,0.0,0.0
2024-10-09 00:35:00,0.79,6.05,-4.76,434.7,7.03,627,5.633136749267578,7.738488224453145,2.66,2.721980037884095,3.775,-29.43650354379204,-0.29804085127386876,614.125,-0.7890000000000006,35.0,0.7507502942375597,1.0,150.0,100.0,0.0,0.0,0.0,0.0,0.0
2024-10-09 00:40:00,-3.28,3.74,-7.35,421.3,7.25,590,11.727877616882324,8.875161970352991,2.57,3.535796043697578,4.417999999999999,-31.649462706298216,-0.30284933770510314,611.4444444444445,-1.1999999999999993,40.0,1.0692194253572505,1.0,150.0,100.0,0.0,0.0,0.0,0.0,0.0
2024-10-09 00:45:00,-1.77,6.44,-6.32,425.4,6.63,565,15.204937934875488,9.195047580083532,2.4,3.325670226194255,4.1499999999999995,-32.46499692084307,-0.08884820135781482,606.8,-1.098000000000001,45.0,1.1819846517345998,1.0,150.0,100.0,0.0,0.0,0.0,0.0,0.0
2024-10-09 00:50:00,-1.63,7.22,-5.53,429.7,7.34,569,15.204937934875488,9.239383096289492,2.71,3.1921343241009903,3.9559999999999995,-32.537944719876364,0.06465613032213965,603.3636363636364,-0.9620000000000005,50.0,1.1819846517345998,1.0,150.0,100.0,0.0,0.0,0.0,0.0,0.0
2024-10-09 00:55:00,-1.13,7.99,-4.42,431.6,7.44,565,17.632271766662598,9.200728232047723,2.77,2.9466293355767474,3.6420000000000003,-31.818435617621674,0.1694104477132889,600.1666666666666,-0.9779999999999989,55.0,1.2463082710154043,1.0,150.0,100.0,0.0,0.0,0.0,0.0,0.0
2024-10-09 01:00:00,-0.56,7.72,-3.63,435.5,7.47,571,17.632271766662598,8.549204641368693,2.84,2.6537230277461843,3.444,-30.843840242743475,0.3551059090341312,601.1666666666666,-0.8619999999999999,60.0,1.2463082710154043,1.0,150.0,100.0,0.0,0.0,0.0,0.0,0.0
2024-10-09 01:05:00,1.29,7.28,-0.69,436.5,7.46,631,11.727877616882324,7.425537017616976,2.84,1.773541184748127,2.572,-28.267376527280362,0.3657597288628175,595.1666666666666,-1.1059999999999999,65.0,1.0692194253572505,0.0,150.0,100.0,0.0,0.0,0.0,0.0,0.0
2024-10-09 01:10:00,1.16,3.34,-1.17,458.3,7.92,700,7.094740867614746,3.724258315423354,3.33,1.1355542210323148,2.934,-27.1862429541153,0.04320766713945758,594.1666666666666,0.03200000000000092,70.0,0.8509365376623854,0.0,150.0,100.0,0.7507502942375597,0.0,0.0,0.0,0.0
2024-10-09 01:15:00,3.81,4.95,3.03,465.8,8.0,512,1.0,6.942585973540407,3.47,0.7727670045458623,3.567,-27.835299855885786,-0.14020234877016763,588.0833333333334,0.5930000000000009,0.0,0.0,1.0,150.0,100.0,1.0114128298957599,0.0,0.0,0.0,0.0
2024-10-09 01:20:00,2.45,3.87,3.52,463.4,8.26,462,1.0,5.776659934598885,3.55,0.43785712512520086,3.69,-28.588266441816977,-0.2247757485924545,571.3333333333334,0.5219999999999991,5.0,0.0,1.0,150.0,100.0,0.7507502942375597,0.0,0.0,0.0,0.0
2024-10-09 01:25:00,1.33,3.03,5.33,448.3,8.7,585,1.0,6.2736512494718735,3.5,0.18373203201048097,4.082,-30.08305734181033,-0.11707427951978495,578.0,-0.05199999999999905,10.0,0.0,1.0,150.0,100.0,1.0114128298957599,0.0,0.0,0.0,0.0
2024-10-09 01:30:00,2.64,5.56,3.18,455.2,7.96,523,1.0,6.927885680350102,3.3,0.7939512976669907,3.5060000000000002,-29.759009237014826,0.05668375321876873,575.0,0.07799999999999985,15.0,0.0,1.0,150.0,100.0,1.1380920953508384,0.0,0.0,0.0,0.0
2024-10-09 01:35:00,2.76,5.61,3.08,457.7,7.72,402,1.0,6.969655658639097,3.23,0.8273951500699271,3.501,-29.516219809622644,0.0005592662341989297,556.25,0.19299999999999984,20.0,0.0,1.0,150.0,100.0,0.7507502942375597,0.0,0.0,0.0,0.0
2024-10-09 01:40:00,2.15,3.74,3.74,455.4,7.91,382,1.0,5.709439552180232,3.28,0.38077272035901255,3.676,-29.753416574672837,0.014682405906434326,538.9166666666666,0.14399999999999918,25.0,0.0,1.0,150.0,100.0,1.0692194253572505,0.0,0.0,0.0,0.0
2024-10-09 01:45:00,2.48,5.98,2.89,457.2,7.82,291,1.0,7.089633276834564,3.27,0.9154825341936843,3.439,-29.3693957505583,0.17035138012966478,516.0833333333334,0.14899999999999947,30.0,0.0,1.0,150.0,100.0,1.1819846517345998,0.0,0.0,0.0,0.0
2024-10-09 01:50:00,2.97,5.1,1.35,456.2,8.27,292,1.0,6.054205150141511,3.44,1.0275857312482841,2.9669999999999996,-28.04990277337619,-0.06156847259795377,493.0,-0.05500000000000038,35.0,0.0,0.0,150.0,100.0,1.1819846517345998,0.0,0.0,0.0,0.0
2024-10-09 01:55:00,2.75,1.69,5.24,462.5,7.9,303,1.0,6.154364305109018,3.38,0.06870377718546822,4.197,-29.98508047653784,-0.038471952847844194,471.1666666666667,0.649,40.0,0.0,1.0,150.0,100.0,1.2463082710154043,0.0,0.0,0.0,0.0
2024-10-09 02:00:00,0.99,5.55,-1.51,448.8,7.6,312,1.0,5.8363258990567,3.06,1.6534981674151397,2.941,-28.43462230185463,0.3680035723453184,449.5833333333333,-0.40899999999999914,0.0,0.0,0.0,150.0,100.0,1.2463082710154043,0.0,0.0,0.0,0.0
2024-10-09 02:05:00,-0.39,5.6,-0.38,432.3,7.83,247,1.0,5.626410934156872,2.93,1.298483759171981,2.437,-26.305044753084655,0.3742795912047711,417.5833333333333,-1.3469999999999993,5.0,0.0,0.0,150.0,100.0,1.0692194253572505,0.0,0.0,0.0,0.0
2024-10-09 02:10:00,-1.15,5.39,0.25,431.4,7.8,183,1.0,5.516982871099021,2.91,1.134877063145341,2.389,-24.69182638980692,0.22468563002957181,374.5,-1.4050000000000011,0.0,0.0,0.0,150.0,100.0,0.8509365376623854,0.0,0.0,0.0,0.0
2024-10-09 02:15:00,-0.84,4.4,-0.86,439.5,7.42,193,1.0,4.561271752483073,2.87,1.194613031018184,2.653,-24.058188452788936,-0.050694476965572124,347.9166666666667,-0.939,0.0,0.0,0.0,150.0,100.0,0.0,0.0,0.0,0.0,0.0
2024-10-09 02:20:00,-1.3,4.01,-3.81,425.1,7.06,196,1.0,5.682094684181178,2.55,2.039609460003446,3.394,-25.19877115946264,-0.2912629496491057,325.75,-1.3639999999999988,5.0,0.0,1.0,150.0,100.0,0.0,0.0,0.0,0.0,0.0
2024-10-09 02:25:00,-3.94,2.09,-5.42,417.6,6.28,201,1.0,7.0191238769521656,2.19,2.8330422269354485,3.802,-26.970817949279994,-0.11832500150450898,293.75,-1.5779999999999987,10.0,0.0,1.0,150.0,100.0,0.0,0.0,0.0,0.0,0.0
2024-10-09 02:30:00,3.59,3.37,-1.56,452.0,7.74,205,1.0,5.165133105738903,3.16,1.6576908226676947,2.988,-26.38202117450773,-0.004124074622998108,267.25,-0.24399999999999988,15.0,0.0,0.0,150.0,100.0,0.0,0.0,0.0,0.0,0.0
2024-10-09 02:35:00,-2.78,-0.45,-3.69,435.4,6.66,220,1.0,4.641874621314108,2.53,2.0136406038639363,3.4609999999999994,-27.012058695509975,-0.14996963364966512,252.08333333333334,-0.8610000000000011,20.0,0.0,1.0,150.0,100.0,0.0,0.0,0.0,0.0,0.0
2024-10-09 02:40:00,-3.09,1.88,-4.45,430.6,6.62,216,1.0,5.734544445725398,2.45,2.371964027634281,3.641,-27.881717511004382,-0.12354524963173893,238.25,-1.0249999999999988,25.0,0.0,1.0,150.0,100.0,0.0,0.0,0.0,0.0,0.0
2024-10-09 02:45:00,-4.32,-0.65,-4.21,426.9,6.68,218,1.0,6.06704211292455,2.43,2.574855891095944,3.5319999999999996,-28.247511191827364,-0.06946397939638338,232.16666666666666,-1.234000000000001,30.0,0.0,1.0,150.0,100.0,0.0,0.0,0.0,0.0,0.0
2024-10-09 02:50:00,-4.88,-1.95,-4.32,426.5,6.22,258,1.0,6.802889092143132,2.26,2.7729671851990774,3.561,-28.576357304968216,-0.05287521769514214,229.33333333333334,-1.2429999999999999,35.0,0.0,1.0,150.0,100.0,0.0,0.0,0.0,0.0,0.0
2024-10-09 02:55:00,-5.5,-0.22,-4.4,422.6,6.52,265,1.0,7.046871646340666,2.33,2.9761501853683923,3.5460000000000003,-28.776263368778785,-0.06388326356040537,226.16666666666666,-1.4299999999999988,40.0,0.0,1.0,150.0,100.0,0.0,0.0,0.0,0.0,0.0
2024-10-09 03:00:00,-2.83,2.23,-4.46,433.4,6.77,253,1.0,5.733532942261691,2.54,2.3537435450583084,3.6719999999999997,-29.21518994057227,-0.050063184181088974,221.25,-0.884000000000001,45.0,0.0,1.0,150.0,100.0,0.0,0.0,0.0,0.0,0.0
2024-10-09 03:05:00,-5.83,1.17,-4.4,424.5,6.21,217,1.0,7.397148099098733,2.24,3.087362513286139,3.5650000000000004,-29.276895210589675,-0.07216500541766209,218.75,-1.335,50.0,0.0,1.0,150.0,100.0,0.0,0.0,0.0,0.0,0.0
2024-10-09 03:10:00,-4.87,1.84,-5.33,422.5,6.53,273,1.0,7.4505972914928105,2.33,3.061719708147599,3.824,-29.93683999474889,-0.20503289714733236,226.25,-1.342,55.0,0.0,1.0,150.0,100.0,0.0,0.7507502942375597,0.0,0.0,0.0
2024-10-09 03:15:00,-3.68,2.79,-6.33,429.6,6.56,277,1.0,7.835521680143575,2.42,3.223178560406523,4.195,-31.327224182063,-0.3479301949524423,233.25,-0.8869999999999987,60.0,0.0,1.0,150.0,100.0,0.0,1.0114128298957599,0.0,0.0,0.0
2024-10-09 03:20:00,-1.73,2.88,-7.19,446.0,6.34,305,1.0,7.936208162592512,2.52,3.4126533631932463,4.617,-33.41614194427331,-0.22133158628197053,242.33333333333334,0.01900000000000035,65.0,0.0,1.0,150.0,100.0,0.0,0.7507502942375597,0.0,0.0,0.0
2024-10-09 03:25:00,-2.92,1.57,-5.66,438.9,6.82,329,1.0,6.55948930938987,2.62,2.8265849710415636,4.087,-33.540540044882704,-0.06249752105963609,253.0,-0.489000000000001,70.0,0.0,1.0,150.0,100.0,0.0,1.0114128298957599,0.0,0.0,0.0
2024-10-09 03:30:00,-3.24,0.53,-6.12,441.4,6.06,322,1.0,6.944991000714112,2.36,3.0598034722976526,4.25,-34.041117154869674,-0.15418176777328158,262.75,-0.31800000000000095,75.0,0.0,1.0,150.0,100.0,0.0,1.1380920953508384,0.0,0.0,0.0
2024-10-09 03:35:00,-2.1,1.88,-6.84,446.2,6.51,311,1.0,7.397972695272672,2.59,3.241956328593659,4.513999999999999,-35.08235772261552,-0.1586058335155549,270.3333333333333,-0.006000000000000338,80.0,0.0,1.0,150.0,100.0,0.0,0.7507502942375597,0.0,0.0,0.0
2024-10-09 03:40:00,-0.71,2.65,-6.44,450.6,6.78,284,1.0,7.0000142856997085,2.75,3.0355566887041165,4.438000000000001,-35.62717549002522,0.12534810693468684,276.0,0.17400000000000126,85.0,0.0,1.0,150.0,100.0,0.0,1.0692194253572505,0.0,0.0,0.0
2024-10-09 03:45:00,-3.27,-1.74,-3.84,440.1,6.31,293,3.902590274810791,5.335363155400015,2.45,2.243430875739157,3.553,-33.82887665326865,0.3544838519984964,282.25,-0.6109999999999988,90.0,0.5913529579609055,1.0,150.0,100.0,0.0,1.1819846517345998,0.0,0.0,0.0
2024-10-09 03:50:00,-4.64,-3.15,-3.11,441.9,6.58,372,1.0,6.412815294392939,2.58,2.412397008319424,3.3519999999999994,-32.08233697004026,0.23373444607372845,291.75,-0.5940000000000012,95.0,0.0,1.0,150.0,100.0,0.0,1.1819846517345998,0.0,0.0,0.0
2024-10-09 03:55:00,-4.47,-0.04,-3.96,444.8,6.36,336,1.0,5.971942732478268,2.51,2.6562523762361567,3.636,-31.491532192531366,0.04349480241523267,297.6666666666667,-0.3639999999999993,100.0,0.0,1.0,150.0,100.0,0.0,1.2463082710154043,0.0,0.0,0.0
2024-10-09 04:00:00,0.75,5.51,-4.27,459.6,6.0,369,1.0,7.011098344767388,2.53,2.5980593834269845,3.877,-31.647388945887933,-0.020880913814583478,307.3333333333333,0.4070000000000013,105.0,0.0,1.0,150.0,100.0,0.0,1.2463082710154043,0.0,0.0,0.0
2024-10-09 04:05:00,4.15,5.89,-4.02,464.7,5.92,406,1.0,8.250757540977675,2.54,2.997766623160395,3.8529999999999998,-31.7003413306772,0.08802141379450319,323.0833333333333,0.6369999999999993,110.0,0.0,1.0,150.0,100.0,0.0,1.0692194253572505,0.0,0.0,0.0
2024-10-09 04:10:00,3.27,7.46,-2.58,466.8,5.3,436,1.0,8.544056413671436,2.31,2.64598037033241,3.442,-30.7671748079429,0.1711782124211158,336.6666666666667,0.5980000000000008,115.0,0.0,1.0,150.0,100.0,0.0,0.8509365376623854,0.0,0.0,0.0
2024-10-09 04:15:00,4.8,6.69,-2.27,471.2,5.7,485,1.0,8.541018674607848,2.53,2.6588426802641103,3.393,-29.988559206466043,0.12936951073814845,354.0,0.7869999999999996,120.0,0.0,1.0,150.0,100.0,0.0,0.0,0.0,0.0,0.0
2024-10-09 04:20:00,3.32,7.25,-2.5,466.1,5.49,474,6.425787925720215,8.356727828522358,2.39,2.582413822934181,3.4110000000000005,-29.473479700561416,0.20540676536394392,368.0833333333333,0.5550000000000015,125.0,0.8079263881608294,1.0,150.0,100.0,0.0,0.0,0.0,0.0,0.0
2024-10-09 04:25:00,1.07,8.43,-0.82,463.1,6.13,524,6.425787925720215,8.537107238403415,2.62,2.168147318015312,2.8770000000000002,-27.934491552826604,0.2302195986190494,384.3333333333333,0.23700000000000115,130.0,0.8079263881608294,0.0,150.0,100.0,0.0,0.0,0.0,0.0,0.0
2024-10-09 04:30:00,1.59,7.94,-1.25,466.0,5.19,451,6.425787925720215,8.193546240792202,2.26,2.2059900413202227,3.035,-27.171283714370922,0.0863589529455755,395.0833333333333,0.42500000000000027,135.0,0.8079263881608294,1.0,150.0,100.0,0.0,0.0,0.0,0.0,0.0
2024-10-09 04:35:00,3.86,6.41,-1.62,475.2,6.43,502,14.633563995361328,7.655853969349207,2.9,2.264740791322379,3.2379999999999995,-27.07090202337085,0.008275904657606858,411.0,0.9219999999999998,140.0,1.1653501111572948,1.0,150.0,100.0,0.0,0.0,0.0,0.0,0.0
2024-10-09 04:40:00,2.73,6.84,-2.01,467.5,7.12,465,14.633563995361328,7.6340421796057685,3.11,2.2875645771056656,3.2779999999999996,-27.088524667794854,0.029971947203670267,426.0833333333333,0.576,145.0,1.1653501111572948,1.0,150.0,100.0,0.0,0.0,0.0,0.0,0.0
2024-10-09 04:45:00,2.18,7.14,-1.8,458.9,6.24,554,9.207776069641113,7.679322886817562,2.63,2.192750854418017,3.1289999999999996,-26.771182551334146,0.04054514295482044,447.8333333333333,0.12499999999999897,150.0,0.9641547488383132,1.0,150.0,100.0,0.5913529579609055,0.0,0.0,0.0,0.0
2024-10-09 04:50:00,1.83,7.0,-2.01,458.9,6.24,630,19.758496284484863,7.509260948988255,2.63,2.1985312694613577,3.1919999999999993,-26.68307323824665,0.04419392258003185,469.3333333333333,0.14599999999999894,155.0,1.2957538896341876,1.0,150.0,100.0,0.0,0.0,0.0,0.0,0.0
2024-10-09 04:55:00,0.44,7.49,-1.76,453.1,6.13,647,19.758496284484863,7.706575114796456,2.52,2.1453040595459147,3.059,-26.329243325533827,0.03664175853372775,495.25,-0.16899999999999885,160.0,1.2957538896341876,1.0,150.0,100.0,0.0,0.0,0.0,0.0,0.0
2024-10-09 05:00:00,0.89,7.16,-2.13,453.0,5.4,616,19.758496284484863,7.522938255761508,2.22,2.1898025315690557,3.169,-26.316655652909372,-0.016241103879225706,515.8333333333334,-0.13699999999999965,165.0,1.2957538896341876,1.0,150.0,100.0,0.0,0.0,0.0,0.0,0.0
2024-10-09 05:05:00,0.77,7.11,-2.35,454.7,5.42,586,26.45640754699707,7.527781877817662,2.24,2.2485308252234155,3.252,-26.491654364326084,-0.000632402608567162,530.8333333333334,-0.030000000000000554,170.0,1.4225308720344896,1.0,150.0,100.0,0.0,0.0,0.0,0.0,0.0
2024-10-09 05:10:00,-1.02,6.52,-2.3,442.9,5.83,573,30.96194362640381,6.988619320008781,2.29,2.0624778784492857,3.1189999999999998,-26.322979678995043,0.032407083272133264,542.25,-0.6250000000000009,175.0,1.4908282155679367,1.0,150.0,100.0,0.0,0.0,0.0,0.0,0.0
2024-10-09 05:15:00,-0.6,6.58,-1.91,453.0,5.51,527,26.45640754699707,6.87782669162287,2.26,1.9920983598204027,3.103,-26.167583531604752,0.03943608541041641,545.75,-0.15899999999999964,180.0,1.4225308720344896,1.0,150.0,100.0,0.0,0.0,0.0,0.0,0.0
2024-10-09 05:20:00,0.36,4.17,-1.65,454.9,6.33,601,26.45640754699707,4.498999888864191,2.62,1.399797295287495,3.044,-25.92861882489088,0.03945355000956248,556.3333333333334,-0.09000000000000077,185.0,1.4225308720344896,1.0,150.0,100.0,0.8079263881608294,0.0,0.0,0.0,0.0
2024-10-09 05:25:00,1.69,4.56,-1.06,473.3,5.57,511,30.96194362640381,4.977278372765581,2.5,1.4445660208326712,3.051,-25.773048031509127,0.06561641717668856,555.25,0.7710000000000009,190.0,1.4908282155679367,1.0,150.0,100.0,0.8079263881608294,0.0,0.0,0.0,0.0
2024-10-09 05:30:00,0.6,4.04,0.46,473.0,5.26,547,31.8517427444458,4.110133817772847,2.36,0.8620786093217018,2.868,-25.272454653123994,0.10452394657987085,563.25,0.6960000000000004,0.0,1.503133199421453,0.0,150.0,100.0,0.8079263881608294,0.0,0.0,0.0,0.0
2024-10-09 05:35:00,-1.22,5.12,-0.34,467.6,5.15,516,31.8517427444458,5.274315121416239,2.25,1.3148427790332888,2.778,-24.72780856571042,-0.03977144224231566,564.4166666666666,0.41400000000000126,0.0,1.503133199421453,0.0,150.0,100.0,1.1653501111572948,0.0,0.0,0.0,0.0
2024-10-09 05:40:00,-4.12,3.62,-2.68,458.7,5.35,522,30.96194362640381,6.104195278658769,2.25,2.2330167167959747,3.391,-25.67016907554715,-0.09931098848981428,569.1666666666666,0.20299999999999963,5.0,1.4908282155679367,1.0,150.0,100.0,1.1653501111572948,0.0,0.0,0.0,0.0
2024-10-09 05:45:00,-5.25,3.09,-1.75,458.7,999.99,561,31.8517427444458,6.338225303663479,99.99,2.1700406548151787,3.1119999999999997,-25.72091845060856,-0.3155870958639113,569.75,0.10999999999999963,10.0,1.503133199421453,1.0,150.0,100.0,0.9641547488383132,0.0,0.0,0.0,0.0
2024-10-09 05:50:00,-1.24,1.24,-5.9,462.4,5.34,608,31.701173782348633,6.155095450112858,2.28,2.815691329228398,4.394,-28.826040034186263,-0.5667947143762259,567.9166666666666,0.7099999999999993,15.0,1.5010753429041683,1.0,150.0,100.0,1.2957538896341876,0.0,0.0,0.0,0.0
2024-10-09 05:55:00,-2.57,-1.15,-6.63,453.7,5.77,690,34.13033103942871,7.203075731935629,2.37,3.243995802806186,4.526,-31.38886559437082,-0.3793242771957509,571.5,0.34799999999999964,20.0,1.5331405006401961,1.0,150.0,100.0,1.2957538896341876,0.0,0.0,0.0,0.0
2024-10-09 06:00:00,-3.63,-1.62,-5.86,453.7,999.99,471,34.13033103942871,7.081023937256532,99.99,3.154587027490017,4.295,-32.61928280614377,-0.25913129283304814,559.4166666666666,0.2709999999999997,25.0,1.5331405006401961,1.0,150.0,100.0,1.2957538896341876,0.0,0.0,0.0,0.0
2024-10-09 06:05:00,-1.72,1.0,-6.48,453.7,999.99,437,34.13033103942871,6.778554418163212,99.99,3.0574405091682864,4.481,-33.9801785227013,-0.07376254470806316,547.0,0.33299999999999974,30.0,1.5331405006401961,1.0,150.0,100.0,1.4225308720344896,0.0,0.0,0.0,0.0
2024-10-09 06:10:00,-2.59,0.68,-4.43,452.0,4.9,468,31.12433433532715,5.176427339391522,2.0,2.326201810803685,3.849,-33.356908253224404,0.10393141630593447,538.25,0.043000000000000094,35.0,1.4931000718279481,1.0,150.0,100.0,1.4908282155679367,0.0,0.7507502942375597,0.0,0.0
2024-10-09 06:15:00,-0.77,1.11,-4.23,459.2,5.36,459,38.47104072570801,4.440484207831394,2.26,2.005682630952591,3.8609999999999998,-32.94086435964196,0.0701059237996425,532.5833333333334,0.38299999999999956,40.0,1.585133935080368,1.0,150.0,100.0,1.4225308720344896,0.0,1.0114128298957599,0.0,0.0
2024-10-09 06:20:00,-1.1,3.97,-3.99,466.9,5.24,488,31.12433433532715,5.735067567169545,2.29,2.2879381899223636,3.8659999999999997,-32.65584901522798,0.05832278993025852,523.1666666666666,0.7439999999999989,45.0,1.4931000718279481,1.0,150.0,100.0,1.4225308720344896,0.0,0.7507502942375597,0.0,0.0
2024-10-09 06:25:00,-4.12,2.36,-4.33,452.8,5.6,489,21.444787979125977,6.425955181916537,2.3,2.7322559822849777,3.827,-32.35763646033937,0.16153346162439702,521.3333333333334,0.07300000000000062,50.0,1.3313217568026126,1.0,150.0,100.0,1.4908282155679367,0.0,1.0114128298957599,0.0,0.0
2024-10-09 06:30:00,-2.12,3.97,-2.57,458.5,5.79,480,12.28314208984375,5.182682703002374,2.44,1.8337914791447565,3.356,-31.04051439898401,0.3347821720405257,515.75,0.18200000000000027,55.0,1.089309475740906,1.0,150.0,100.0,1.503133199421453,0.0,1.1380920953508384,0.0,0.0
2024-10-09 06:35:00,-2.13,5.6,0.64,466.4,6.3,408,14.109020709991455,6.025487532142108,2.74,1.2455944161216672,2.856,-29.009814739934114,0.3591495913428119,506.75,0.38399999999999895,0.0,1.1494968709473783,0.0,150.0,100.0,1.503133199421453,0.0,0.7507502942375597,0.0,0.0
2024-10-09 06:40:00,0.32,5.52,0.35,469.8,5.78,443,21.444787979125977,5.540333924954343,2.55,1.2190719596393398,2.8030000000000004,-27.44901848555589,0.05015748015326586,500.1666666666667,0.5250000000000007,5.0,1.3313217568026126,0.0,150.0,100.0,1.4908282155679367,0.0,1.0692194253572505,0.0,0.0
2024-10-09 06:45:00,-3.3,3.17,-3.79,463.6,5.66,433,14.109020709991455,5.941632772226839,2.43,2.433717861437873,3.773,-28.508239938401456,-0.31974481341759964,489.5,0.5590000000000015,0.0,1.1494968709473783,1.0,150.0,100.0,1.503133199421453,0.5913529579609055,1.1819846517345998,0.0,0.0
2024-10-09 06:50:00,-2.86,1.33,-5.77,459.7,5.65,423,21.444787979125977,6.575819340584107,2.39,2.9842836648633795,4.327999999999999,-30.646466619731886,-0.14351736380482336,474.0833333333333,0.5619999999999994,5.0,1.3313217568026126,1.0,150.0,100.0,1.5010753429041683,0.0,1.1819846517345998,0.0,0.0
2024-10-09 06:55:00,-4.08,-0.35,-2.9,454.1,5.28,396,14.109020709991455,5.017858108795027,2.18,2.270401375363597,3.4110000000000005,-29.94341357644969,-0.002222004295291313,449.5833333333333,-0.004999999999998617,10.0,1.1494968709473783,1.0,150.0,100.0,1.5331405006401961,0.0,1.2463082710154043,0.0,0.0
2024-10-09 07:00:00,-3.64,-1.84,-4.54,456.7,4.92,386,11.613993167877197,6.103015648021886,2.05,2.6852028956792404,3.9290000000000003,-30.6686866626848,-0.03064155804059183,442.5,0.28899999999999954,15.0,1.0649815662164972,1.0,150.0,100.0,1.5331405006401961,0.0,1.2463082710154043,0.0,0.0
2024-10-09 07:05:00,-3.74,-2.49,-3.52,448.1,5.28,608,11.613993167877197,5.707722838400618,2.12,2.3228260086014942,3.5370000000000004,-30.249829156855608,0.022942415363122137,456.75,-0.24299999999999883,20.0,1.0649815662164972,1.0,150.0,100.0,1.5331405006401961,0.0,1.0692194253572505,0.0,0.0
2024-10-09 07:10:00,-3.05,-2.34,-4.07,452.3,4.83,635,9.788114547729492,5.598481937096877,1.98,2.363713024361578,3.744,-30.439262509053577,-0.21967740041568967,470.6666666666667,0.022000000000000686,25.0,0.9906990431435584,1.0,150.0,100.0,1.4931000718279481,0.0,0.8509365376623854,0.0,0.0
2024-10-09 07:15:00,2.37,-1.24,-5.4,487.0,5.02,406,9.788114547729492,6.026151342274769,2.38,2.8975144204725836,4.49,-32.446603161012504,-0.3268771443693829,466.25,1.0,30.0,0.9906990431435584,1.0,150.0,100.0,1.585133935080368,0.0,0.0,0.0,0.0
2024-10-09 07:20:00,1.07,-1.65,-5.46,478.6,4.93,470,8.488267421722412,5.803361095089638,2.26,2.7181132781014714,4.424,-33.70803395274741,-0.18061647696480493,464.75,1.0,35.0,0.9288190534980064,1.0,150.0,100.0,1.4931000718279481,0.8079263881608294,0.0,0.0,0.0
2024-10-09 07:25:00,0.51,-0.18,-5.0,478.6,999.99,357,11.613993167877197,5.029164940623841,99.99,2.406179243281065,4.2860000000000005,-34.25276793066055,-0.04501147576556619,453.75,1.0,40.0,1.0649815662164972,1.0,150.0,100.0,1.3313217568026126,0.8079263881608294,0.0,0.0,0.0
2024-10-09 07:30:00,-1.56,-0.93,-5.19,453.8,4.14,361,11.613993167877197,5.498599821772812,1.71,2.4757040986300365,4.095000000000001,-34.15814871040307,-0.009220888054287713,443.8333333333333,0.20900000000000085,45.0,1.0649815662164972,1.0,150.0,100.0,1.089309475740906,0.8079263881608294,0.0,0.0,0.0
2024-10-09 07:35:00,-0.43,0.24,-4.79,475.9,4.82,362,17.066740036010742,4.815246618814035,2.18,2.2901403469145856,4.196,-34.34497681120343,0.0029051083506828946,440.0,1.0,50.0,1.2321505732776203,1.0,150.0,100.0,1.1494968709473783,1.1653501111572948,0.0,0.0,0.0
2024-10-09 07:40:00,-0.64,0.2,-4.73,463.8,5.29,385,9.227967500686646,4.777290026782968,2.3,2.21471808730666,4.057,-34.12909762689624,0.01722612059296651,435.1666666666667,0.6630000000000009,55.0,0.9651060563413284,1.0,150.0,100.0,1.3313217568026126,1.1653501111572948,0.0,0.0,0.0
2024-10-09 07:45:00,-1.49,-0.98,-4.79,469.9,5.35,401,6.422138690948486,5.1112229456363965,2.36,2.3773927320111405,4.136,-34.172715605273766,-0.046327098288981,432.5,0.9739999999999993,60.0,0.8076796802499835,1.0,150.0,100.0,1.1494968709473783,0.9641547488383132,0.0,0.0,0.0
2024-10-09 07:50:00,-0.68,-0.57,-5.4,466.9,4.66,436,3.3544418811798096,5.472412630641078,2.03,2.5480112543257496,4.289,-34.59236860978605,0.007760988303937922,433.5833333333333,0.8849999999999989,65.0,0.5256202717219309,1.0,150.0,100.0,1.3313217568026126,1.2957538896341876,0.0,0.0,0.0
2024-10-09 07:55:00,-0.74,2.1,-4.25,469.7,4.6,433,6.422138690948486,4.79792663553748,2.03,2.1369931605760804,3.972,-34.095105722234386,0.13681371753055488,436.6666666666667,0.9099999999999995,70.0,0.8076796802499835,1.0,150.0,100.0,1.1494968709473783,1.2957538896341876,0.0,0.0,0.0
2024-10-09 08:00:00,-3.24,2.02,-4.04,454.8,4.97,404,7.744043588638306,5.558740864620333,2.06,2.394665225993289,3.76,-33.2242314344805,0.16053262934308563,438.1666666666667,0.14400000000000068,75.0,0.888967788805995,1.0,150.0,100.0,1.0649815662164972,1.2957538896341876,0.0,0.0,0.0
2024-10-09 08:05:00,-3.48,-0.7,-4.2,445.3,4.88,396,7.744043588638306,5.499127203475112,1.94,2.4321023270277746,3.713,-32.48977942880353,0.13873240691739852,420.5,-0.3149999999999994,80.0,0.888967788805995,1.0,150.0,100.0,1.0649815662164972,1.4225308720344896,0.0,0.0,0.0
2024-10-09 08:10:00,-3.95,-0.75,-4.01,445.6,4.91,411,7.744043588638306,5.678476908467621,1.95,2.508765005218013,3.6590000000000003,-31.836907365306516,0.13378929801621914,401.8333333333333,-0.31899999999999884,85.0,0.888967788805995,1.0,150.0,100.0,0.9906990431435584,1.4908282155679367,0.0,0.0,0.0
2024-10-09 08:15:00,-3.63,1.98,-3.58,449.2,5.06,357,7.744043588638306,5.469341825119362,2.04,2.3033725108793845,3.566,-31.15188644864134,0.11275306927384499,397.75,-0.18200000000000044,90.0,0.888967788805995,1.0,150.0,100.0,0.9906990431435584,1.4225308720344896,0.0,0.0,0.0
2024-10-09 08:20:00,-4.14,0.83,-3.65,449.1,4.95,325,8.943488121032715,5.58130809040318,1.99,2.4753670026632997,3.5860000000000003,-30.709376672568066,0.15715740439914788,385.6666666666667,-0.1799999999999986,95.0,0.951506934485483,1.0,150.0,100.0,0.9288190534980064,1.4225308720344896,0.0,0.0,0.0
2024-10-09 08:25:00,-4.56,1.68,-2.53,447.1,5.08,470,8.943488121032715,5.478768109712255,2.03,2.245095198464478,3.23,-29.58031240464986,0.1454212748305565,395.0833333333333,-0.3919999999999987,100.0,0.951506934485483,1.0,150.0,100.0,1.0649815662164972,1.4908282155679367,0.0,0.0,0.0
2024-10-09 08:30:00,-3.68,0.95,-3.11,451.0,4.87,574,8.943488121032715,4.9109062300149855,1.98,2.1665084638609424,3.4429999999999996,-29.2551639242625,0.0442200386764096,412.8333333333333,-0.13899999999999973,105.0,0.951506934485483,1.0,150.0,100.0,1.0649815662164972,1.503133199421453,0.0,0.0,0.0
2024-10-09 08:35:00,-3.69,0.1,-3.38,447.9,5.3,696,8.943488121032715,5.005047452322505,2.13,2.2412705114899785,3.4929999999999994,-29.138112017885764,0.10549607060473284,440.6666666666667,-0.26700000000000085,110.0,0.951506934485483,1.0,150.0,100.0,1.2321505732776203,1.503133199421453,0.0,0.0,0.0
2024-10-09 08:40:00,-4.06,2.69,-1.7,460.3,4.41,628,12.39787244796753,5.158459072242407,1.87,1.8214668843146984,3.1130000000000004,-28.200203218215172,0.0815852895546488,460.9166666666667,0.18500000000000058,115.0,1.0933471639216028,1.0,150.0,100.0,0.9651060563413284,1.4908282155679367,0.0,0.0,0.0
2024-10-09 08:45:00,-4.0,0.84,-3.07,454.5,5.09,702,12.39787244796753,5.111800074337806,2.1,2.282127737858329,3.4659999999999997,-28.322259122339275,0.03427516249239311,486.0,0.032000000000000084,120.0,1.0933471639216028,1.0,150.0,100.0,0.8076796802499835,1.503133199421453,0.0,0.0,0.0
2024-10-09 08:50:00,-4.79,-1.32,-2.58,444.8,4.81,706,18.592459201812744,5.598473006097287,1.9,2.353548737312405,3.222,-27.85745159329124,0.08323004063595504,508.5,-0.5019999999999993,125.0,1.2693368371705724,1.0,150.0,100.0,0.5256202717219309,1.5010753429041683,0.0,0.0,0.0
2024-10-09 08:55:00,-4.91,-1.45,-2.44,447.4,4.65,701,29.85090923309326,5.671349045862016,1.86,2.3593166165210024,3.2059999999999995,-27.489958715979725,0.006782594753638094,530.8333333333334,-0.38600000000000123,130.0,1.4749575639042933,1.0,150.0,100.0,0.8076796802499835,1.5331405006401961,0.0,0.0,0.0
2024-10-09 09:00:00,-5.21,-0.09,-3.28,447.1,4.6,679,46.24099922180176,6.157158435512278,1.84,2.7523476707685126,3.455,-27.78962564575486,-0.10798575383857986,553.75,-0.31699999999999867,135.0,1.6650272101837957,1.0,150.0,100.0,0.888967788805995,1.5331405006401961,0.0,0.0,0.0
2024-10-09 09:05:00,-3.58,3.1,-3.85,454.2,4.61,719,38.3135461807251,6.1031876916903025,1.91,2.4656034985706388,3.697,-28.569816254365524,-0.12236588030930093,580.6666666666666,0.09499999999999953,140.0,1.5833523507678797,1.0,150.0,100.0,0.888967788805995,1.5331405006401961,0.0,0.0,0.0
2024-10-09 09:10:00,-3.04,3.53,-3.57,457.8,4.25,726,56.490190505981445,5.869190744898312,1.78,2.298762627386285,3.649,-29.01328444884787,-0.05628605750841267,606.9166666666666,0.24700000000000055,145.0,1.751973039341691,1.0,150.0,100.0,0.888967788805995,1.4931000718279481,0.0,0.0,0.0
2024-10-09 09:15:00,-2.64,3.87,-3.41,454.2,4.44,739,62.350961685180664,5.794359326103275,1.83,2.1858510316891335,3.5649999999999995,-29.13267682944965,0.0716182783384749,638.75,0.050999999999999546,150.0,1.7948431563124985,1.0,150.0,100.0,0.888967788805995,1.585133935080368,0.0,0.0,0.0
2024-10-09 09:20:00,-2.43,3.59,-2.45,442.4,4.43,704,62.350961685180664,4.979508007825673,1.74,1.722357315526775,3.159,-28.29710166546312,0.20195542998902347,670.3333333333334,-0.6350000000000012,155.0,1.7948431563124985,1.0,150.0,100.0,0.951506934485483,1.4931000718279481,0.0,0.0,0.0
2024-10-09 09:25:00,-2.2,4.33,-1.99,428.9,4.77,606,60.56440734863281,5.248714128241316,1.75,1.5956248223614378,2.8859999999999997,-27.113122529559416,0.221528450964664,681.6666666666666,-1.356000000000001,160.0,1.7822174718015291,0.0,150.0,100.0,0.951506934485483,1.3313217568026126,0.0,0.0,0.0
2024-10-09 09:30:00,-1.42,5.79,0.84,454.5,4.51,651,70.16732406616211,6.020473403313065,1.86,1.1717205649926052,2.7969999999999997,-26.08181715581648,0.2146331455805278,688.0833333333334,-0.1909999999999999,0.0,1.8461349143874521,0.0,150.0,100.0,0.951506934485483,1.089309475740906,0.0,0.0,0.0
2024-10-09 09:35:00,-2.52,5.46,-0.28,452.7,4.74,639,64.30655288696289,6.0200000000000005,1.94,1.4324136038369293,2.611,-24.966791073754138,0.12419466243273795,683.3333333333334,-0.3370000000000002,0.0,1.8082552301193198,0.0,150.0,100.0,0.951506934485483,1.1494968709473783,0.0,0.0,0.0
2024-10-09 09:40:00,-4.02,2.56,-2.14,429.4,4.67,591,89.74139404296875,5.224327707944822,1.72,1.8410561852788836,2.9359999999999995,-24.8398705314891,0.024933557534062345,680.25,-1.3160000000000012,5.0,1.9529928115806803,0.0,150.0,100.0,1.0933471639216028,1.3313217568026126,0.0,0.0,0.0
2024-10-09 09:45:00,-4.82,1.85,-1.97,433.0,4.48,520,114.93420028686523,5.5259207377594555,1.68,2.068461735310411,2.9210000000000003,-24.717455498413514,0.014413264312914365,665.0833333333334,-1.1529999999999998,10.0,2.0604492783470056,0.0,150.0,100.0,1.0933471639216028,1.1494968709473783,0.5913529579609055,0.0,0.0
2024-10-09 09:50:00,-4.99,0.16,-2.22,428.6,4.27,504,114.93420028686523,5.463890555272863,1.57,2.3387942059805713,2.9520000000000004,-24.695737888359957,-0.05429631520539289,648.25,-1.3479999999999988,15.0,2.0604492783470056,0.0,150.0,100.0,1.2693368371705724,1.3313217568026126,0.0,0.0,0.0
2024-10-09 09:55:00,-3.85,1.11,-2.92,434.3,4.32,479,114.93420028686523,4.957922952204885,1.63,2.0829673124227335,3.219,-25.260418650467443,-0.11466984403711997,629.75,-0.9929999999999992,20.0,2.0604492783470056,1.0,150.0,100.0,1.4749575639042933,1.1494968709473783,0.0,0.0,0.0
2024-10-09 10:00:00,-2.22,3.32,-2.81,445.6,4.32,494,114.93420028686523,4.883328782705502,1.72,1.7909065893973268,3.2990000000000004,-25.842436328731157,-0.15770270982866136,614.3333333333334,-0.43899999999999884,25.0,2.0604492783470056,1.0,150.0,100.0,1.6650272101837957,1.0649815662164972,0.0,0.0,0.0
2024-10-09 10:05:00,-0.62,5.38,-3.3,456.2,4.29,455,114.93420028686523,6.341829389064325,1.78,2.202924467476742,3.5519999999999996,-26.837445748754057,-0.16684655876449844,592.3333333333334,0.13999999999999962,30.0,2.0604492783470056,1.0,150.0,100.0,1.5833523507678797,1.0649815662164972,0.0,0.0,0.0
2024-10-09 10:10:00,-1.1,5.15,-3.28,455.2,4.23,557,104.09615707397461,6.204103480761745,1.76,2.1705999832973126,3.536,-27.51090191637614,-0.10339681345602933,578.25,0.0879999999999998,35.0,2.0174346969228956,1.0,150.0,100.0,1.751973039341691,0.9906990431435584,0.0,0.0,0.0
2024-10-09 10:15:00,-1.54,4.48,-3.29,449.7,4.38,598,92.60404586791992,5.767677175432065,1.77,2.0644872806739256,3.484,-27.87141388331435,-0.07013680353852685,566.5,-0.18600000000000055,40.0,1.9666299614090164,1.0,150.0,100.0,1.7948431563124985,0.9906990431435584,0.0,0.0,0.0
2024-10-09 10:20:00,-2.31,3.42,-3.74,439.8,4.4,555,77.08850479125977,5.569569103620135,1.7,2.128578964562744,3.5200000000000005,-28.21226995176141,-0.20372894173147457,554.0833333333334,-0.6359999999999992,45.0,1.8869896221764484,1.0,150.0,100.0,1.7948431563124985,0.9288190534980064,0.8079263881608294,0.0,0.0
2024-10-09 10:25:00,-1.7,1.86,-5.55,445.6,4.07,489,77.08850479125977,6.095252250727611,1.61,2.645657471202698,4.121,-29.908703300629096,-0.31278215035054624,544.3333333333334,-0.16499999999999881,50.0,1.8869896221764484,1.0,150.0,100.0,1.7822174718015291,1.0649815662164972,0.8079263881608294,0.0,0.0
2024-10-09 10:30:00,-1.85,1.03,-5.8,446.8,4.11,481,77.08850479125977,6.1744149520420155,1.64,2.737479487849144,4.208,-31.340091455266872,-0.2814629890845321,530.1666666666666,-0.0799999999999993,55.0,1.8869896221764484,1.0,150.0,100.0,1.8461349143874521,1.0649815662164972,0.8079263881608294,0.0,0.0
2024-10-09 10:35:00,0.38,1.18,-5.98,455.5,4.28,494,77.08850479125977,6.10714335839597,1.78,2.7554910362048415,4.349,-32.72333319147442,-0.2617709518192406,518.0833333333334,0.37300000000000044,60.0,1.8869896221764484,1.0,150.0,100.0,1.8082552301193198,1.2321505732776203,1.1653501111572948,0.0,0.0
2024-10-09 10:40:00,-0.0,0.24,-6.08,462.0,4.11,533,70.54803466796875,6.084734998338054,1.76,2.8100537846160907,4.444,-33.95780097345928,-0.19525056421068712,513.25,0.7080000000000002,65.0,1.848484919653158,1.0,150.0,100.0,1.9529928115806803,0.9651060563413284,1.1653501111572948,0.0,0.0
2024-10-09 10:45:00,0.68,-1.69,-5.78,464.7,3.98,582,70.54803466796875,6.060272271111257,1.72,2.759622169870118,4.381,-34.67583883358129,-0.0607960288033297,518.4166666666666,0.8129999999999995,70.0,1.848484919653158,1.0,150.0,100.0,2.0604492783470056,0.8076796802499835,0.9641547488383132,0.0,0.0
2024-10-09 10:50:00,0.86,-3.35,-4.89,467.0,4.55,588,66.94212532043457,5.989507492273467,1.99,2.5523202847509596,4.137,-34.565761261492575,0.053305191684784606,525.4166666666666,0.8390000000000001,75.0,1.8256994964932944,1.0,150.0,100.0,2.0604492783470056,0.5256202717219309,1.2957538896341876,0.0,0.0
2024-10-09 10:55:00,-2.0,2.53,-5.13,446.0,4.16,628,66.94212532043457,6.059521433248668,1.66,2.5631780848861987,3.9989999999999997,-34.14278691673344,0.0975835813410832,537.8333333333334,-0.18699999999999972,80.0,1.8256994964932944,1.0,150.0,100.0,2.0604492783470056,0.8076796802499835,1.2957538896341876,0.0,0.0
2024-10-09 11:00:00,-0.75,3.97,-4.67,449.6,3.97,683,66.94212532043457,6.175135626040937,1.61,2.4458162822395058,3.8970000000000002,-33.58992544808174,0.11203731051265038,553.5833333333334,-0.05299999999999866,85.0,1.8256994964932944,1.0,150.0,100.0,2.0604492783470056,0.888967788805995,1.2957538896341876,0.0,0.0
2024-10-09 11:05:00,-1.73,1.89,-4.25,455.1,3.99,657,66.94212532043457,4.962610200287748,1.65,2.1610561471825096,3.826,-33.02241381160694,0.36615663550400585,570.4166666666666,0.18000000000000127,90.0,1.8256994964932944,1.0,150.0,100.0,2.0604492783470056,0.888967788805995,1.4225308720344896,0.0,0.0
2024-10-09 11:10:00,-4.44,-3.87,-1.05,429.8,4.4,660,72.93017959594727,5.982725131576746,1.63,1.6223463332223411,2.613,-29.928359093041685,0.40266281078243366,579.0,-1.4049999999999994,95.0,1.8629072830465143,0.0,150.0,100.0,2.0174346969228956,0.888967788805995,1.4908282155679367,0.0,0.0
2024-10-09 11:15:00,-3.07,-1.68,-2.87,435.7,4.55,636,77.28910827636719,4.525947414630444,1.73,1.836890617741107,3.218,-28.9957857037826,0.19731187214685447,582.1666666666666,-0.9280000000000005,100.0,1.8881182966511603,1.0,150.0,100.0,1.9666299614090164,0.888967788805995,1.4225308720344896,0.0,0.0
2024-10-09 11:20:00,-3.26,-1.79,-2.15,440.2,4.5,545,95.41882705688477,4.2958351923694655,1.74,1.67215373328385,3.047,-27.95524037157314,0.1418245152292606,581.3333333333334,-0.7750000000000007,105.0,1.9796340736581048,1.0,150.0,100.0,1.8869896221764484,0.951506934485483,1.4225308720344896,0.0,0.0
2024-10-09 11:25:00,-3.22,-3.59,-2.97,432.3,4.2,587,111.57920455932617,5.663691375772519,1.57,2.0045603498232416,3.214,-27.577540551489996,-0.00633762094696202,589.5,-1.0879999999999992,110.0,2.047583261029121,1.0,150.0,100.0,1.8869896221764484,0.951506934485483,1.4908282155679367,0.0,0.0
2024-10-09 11:30:00,-3.28,-3.12,-3.95,434.2,4.48,548,111.57920455932617,6.007936417772745,1.69,2.327864619392965,3.527,-28.01861658104276,-0.08213161819626613,595.0833333333334,-0.8950000000000005,115.0,2.047583261029121,1.0,150.0,100.0,1.8869896221764484,0.951506934485483,1.503133199421453,0.0,0.0
2024-10-09 11:35:00,-3.18,-3.15,-4.02,434.9,4.09,542,115.56693649291992,6.0162529867019385,1.55,2.33798851924145,3.5549999999999997,-28.398856733452657,-0.06448437425123679,599.0833333333334,-0.8530000000000011,120.0,2.062833600930816,1.0,150.0,100.0,1.8869896221764484,0.951506934485483,1.503133199421453,0.0,0.0
2024-10-09 11:40:00,-3.39,-3.16,-4.01,434.9,999.99,467,122.8968734741211,6.128441890072875,99.99,2.379322306061495,3.5519999999999996,-28.663460323555128,-0.028427102964189287,593.5833333333334,-0.854000000000001,125.0,2.089540834471414,1.0,150.0,100.0,1.848484919653158,1.0933471639216028,1.4908282155679367,0.0,0.0
2024-10-09 11:45:00,-3.58,-3.08,-3.99,428.2,4.57,541,122.8968734741211,6.182467145080514,1.68,2.3714675803579395,3.479,-28.68312776309455,-0.0026794314807162324,590.1666666666666,-1.1910000000000005,130.0,2.089540834471414,1.0,150.0,100.0,1.848484919653158,1.0933471639216028,1.503133199421453,0.0,0.0
2024-10-09 11:50:00,-3.55,-3.11,-3.98,428.2,999.99,496,128.18251419067383,6.173734688177004,99.99,2.3633251788519645,3.476,-28.69025463836229,-0.02211495948723403,582.5,-1.1920000000000006,135.0,2.1078287856473903,1.0,150.0,100.0,1.8256994964932944,1.2693368371705724,1.5010753429041683,0.0,0.0
2024-10-09 11:55:00,-3.5,-2.67,-4.2,430.6,4.53,637,128.18251419067383,6.084315902383768,1.68,2.4154353146689824,3.566,-28.90427735796689,-0.05595674570569287,583.25,-1.049999999999999,140.0,2.1078287856473903,1.0,150.0,100.0,1.8256994964932944,1.4749575639042933,1.5331405006401961,0.0,0.0
2024-10-09 12:00:00,-3.23,-2.67,-4.49,430.1,4.45,736,138.80899047851562,6.14181569244796,1.64,2.4560402666734378,3.648,-29.24982209541922,-0.0820694392917801,587.6666666666666,-1.0459999999999987,145.0,2.142417595720861,1.0,150.0,100.0,1.8256994964932944,1.6650272101837957,1.5331405006401961,0.0,0.0
2024-10-09 12:05:00,-3.72,-1.5,-4.71,433.1,4.57,703,154.8335189819336,6.186477188190384,1.72,2.6161919767141715,3.7440000000000007,-29.72497175088469,-0.07119019939065296,591.5,-0.8739999999999988,150.0,2.1898649843384006,1.0,150.0,100.0,1.8256994964932944,1.5833523507678797,1.5331405006401961,0.0,0.0
2024-10-09 12:10:00,-4.05,-0.78,-4.67,430.0,4.93,837,168.3016128540039,6.230553747460975,1.82,2.660835286560222,3.7009999999999996,-29.96172408932575,-0.07519056079495882,606.25,-1.033,155.0,2.2260882778904865,1.0,150.0,100.0,1.8629072830465143,1.751973039341691,1.4931000718279481,0.7507502942375597,0.0
2024-10-09 12:15:00,-2.77,-1.8,-5.0,434.5,4.8,796,177.14192962646484,5.992737271064033,1.81,2.526884355136717,3.845,-30.47687735883428,-0.01953660288389969,619.5833333333334,-0.7749999999999999,160.0,2.2483213711849626,1.0,150.0,100.0,1.8881182966511603,1.7948431563124985,1.585133935080368,1.0114128298957599,0.0
2024-10-09 12:20:00,-3.06,-1.44,-3.91,438.3,4.65,590,184.49673461914062,5.169651825800264,1.78,2.196051926266028,3.556,-30.157090118164746,0.22414700083531897,623.3333333333334,-0.6939999999999993,165.0,2.26598868404826,1.0,150.0,100.0,1.9796340736581048,1.7948431563124985,1.4931000718279481,0.7507502942375597,0.0
2024-10-09 12:25:00,-3.53,3.22,-1.63,429.8,4.83,546,196.38507080078125,5.048385880655321,1.79,1.5748830251474186,2.787,-28.23540735048109,0.34969597347989917,619.9166666666666,-1.3469999999999993,170.0,2.293108469625686,0.0,150.0,100.0,2.047583261029121,1.7822174718015291,1.3313217568026126,1.0114128298957599,0.0
2024-10-09 12:30:00,-1.43,4.1,-1.3,429.8,999.99,625,197.37808227539062,4.532648232545737,99.99,1.2684716054119551,2.688,-26.660130383365754,0.16117497864675948,626.3333333333334,-1.3799999999999994,175.0,2.295298925054308,0.0,150.0,100.0,2.047583261029121,1.8461349143874521,1.089309475740906,1.1380920953508384,0.0
2024-10-09 12:35:00,-1.92,2.01,-2.52,444.5,5.06,599,191.17816162109375,3.751919508731497,2.0,1.4857590354220378,3.2009999999999996,-26.623657564013495,-0.07166875951899492,631.0833333333334,-0.5229999999999999,180.0,2.2814382810931693,1.0,150.0,100.0,2.062833600930816,1.8082552301193198,1.1494968709473783,0.7507502942375597,0.0
2024-10-09 12:40:00,-1.54,2.61,-3.35,453.9,4.88,658,191.17816162109375,4.517322215649443,2.01,1.8339348853147543,3.5439999999999996,-27.376817978555703,-0.05030685609477779,647.0,0.029999999999998972,185.0,2.2814382810931693,1.0,150.0,100.0,2.089540834471414,1.9529928115806803,1.3313217568026126,1.0692194253572505,0.0
2024-10-09 12:45:00,-2.01,3.0,-2.6,441.7,4.61,685,197.5140151977539,4.4497303289075845,1.8,1.6263382094049887,3.197,-27.126726124961273,0.026409018342298297,659.0,-0.6550000000000005,190.0,2.2955979177199035,1.0,150.0,100.0,2.089540834471414,2.0604492783470056,1.1494968709473783,1.1819846517345998,0.0
2024-10-09 12:50:00,-1.91,3.98,-2.72,445.5,5.11,692,222.86212158203125,5.185257949224899,2.03,1.8067198284732067,3.271,-27.11272779513272,-0.08741637995730187,675.3333333333334,-0.45300000000000007,195.0,2.348036260558253,1.0,150.0,100.0,2.1078287856473903,2.0604492783470056,1.3313217568026126,1.1819846517345998,0.0
2024-10-09 12:55:00,-1.78,2.98,-4.12,442.5,4.14,773,247.1721420288086,5.3873184424164124,1.63,2.1577338652985945,3.6609999999999996,-28.00088992453429,-0.2594820682330692,686.6666666666666,-0.46299999999999997,200.0,2.3929995212511845,1.0,150.0,100.0,2.1078287856473903,2.0604492783470056,1.1494968709473783,1.2463082710154043,0.0
2024-10-09 13:00:00,-0.66,0.07,-5.34,449.9,4.68,793,252.4063949584961,5.381087250732885,1.89,2.4208471660065265,4.100999999999999,-29.707548477463412,-0.13911360362657135,691.4166666666666,0.02899999999999925,205.0,2.402100353979402,1.0,150.0,100.0,2.142417595720861,2.0604492783470056,1.0649815662164972,1.2463082710154043,0.0
2024-10-09 13:05:00,-2.27,0.64,-2.88,459.9,4.17,819,256.8914260864258,3.7224857286496076,1.76,1.691587653189227,3.4629999999999996,-29.392025960800005,0.160676399233375,701.0833333333334,0.2829999999999992,210.0,2.409749609655635,1.0,150.0,100.0,2.1898649843384006,2.0604492783470056,1.0649815662164972,1.0692194253572505,0.0
2024-10-09 13:10:00,-4.09,1.13,-1.28,459.9,999.99,855,263.50230407714844,4.432087544261733,99.99,1.7831879602968204,2.9829999999999997,-28.10078448512966,0.26212768366651173,702.5833333333334,0.12299999999999922,215.0,2.4207844170575465,0.0,150.0,100.0,2.2260882778904865,2.0174346969228956,0.9906990431435584,0.8509365376623854,0.0
2024-10-09 13:15:00,-3.73,2.89,-1.53,433.0,4.46,921,263.50230407714844,4.960433448802635,1.67,1.5764142987236223,2.789,-26.770749124134888,0.18616522364361182,713.0,-1.1969999999999998,220.0,2.4207844170575465,0.0,150.0,100.0,2.2483213711849626,1.9666299614090164,0.9906990431435584,0.0,0.0
2024-10-09 13:20:00,-3.66,1.72,-2.23,431.9,4.51,922,300.9601287841797,4.618105672242678,1.69,1.7869573927962252,2.988,-26.239132248693544,0.05646319549978287,740.6666666666666,-1.182000000000001,225.0,2.4785089640457727,0.0,150.0,100.0,2.26598868404826,1.8869896221764484,0.9288190534980064,0.0,0.0
2024-10-09 13:25:00,-3.62,-1.11,-2.67,434.7,4.97,826,340.3935546875,4.633076731503592,1.88,1.9368457840777407,3.1479999999999997,-26.20611716913706,0.053732558145031105,764.0,-0.9980000000000006,230.0,2.531981328174731,1.0,150.0,100.0,2.293108469625686,1.8869896221764484,1.0649815662164972,0.0,0.0
2024-10-09 13:30:00,-3.75,-1.77,-2.1,429.5,4.66,738,350.73072814941406,4.648160926646151,1.72,1.7614384023276681,2.925,-25.701806667243233,0.08306316041544229,773.4166666666666,-1.315,235.0,2.544973816868443,0.0,150.0,100.0,2.295298925054308,1.8869896221764484,1.0649815662164972,0.0,0.0
2024-10-09 13:35:00,-1.22,-1.18,-1.29,455.4,4.36,699,357.3647003173828,2.131877107152286,1.81,0.8436095511030223,2.941,-25.375485564982636,-0.01824276122643731,781.75,-0.10100000000000087,240.0,2.5531116516545085,0.0,150.0,100.0,2.2814382810931693,1.8869896221764484,1.2321505732776203,0.0,0.0
2024-10-09 13:40:00,-0.93,3.64,-2.57,451.0,4.39,636,359.3216552734375,4.551856764003015,1.78,1.6184669733500883,3.2809999999999997,-25.884234279507606,-0.11343772683146688,779.9166666666666,-0.19299999999999973,245.0,2.5554833916615194,1.0,150.0,100.0,2.2814382810931693,1.848484919653158,0.9651060563413284,0.0,0.0
2024-10-09 13:45:00,0.89,3.61,-2.45,466.2,3.97,535,359.3216552734375,4.45271827089925,1.72,1.6207852014721407,3.397,-26.509862833297305,-0.10360652624009851,767.4166666666666,0.5549999999999996,250.0,2.5554833916615194,1.0,150.0,100.0,2.2955979177199035,1.848484919653158,0.8076796802499835,0.0,0.0
2024-10-09 13:50:00,2.09,4.31,-1.95,479.6,3.92,583,360.2161865234375,5.171721183513279,1.81,1.751392384014681,3.3810000000000002,-26.92029954190859,-0.1443764440703159,758.3333333333334,1.0,255.0,2.556563224196634,1.0,150.0,100.0,2.348036260558253,1.8256994964932944,0.5256202717219309,0.0,0.0
2024-10-09 13:55:00,0.67,4.27,-3.43,467.0,3.57,590,359.3216552734375,5.517852843271556,1.56,2.0952939300368576,3.699,-27.953627274000464,-0.19940920162208045,743.0833333333334,0.6930000000000001,260.0,2.5554833916615194,1.0,150.0,100.0,2.3929995212511845,1.8256994964932944,0.8076796802499835,0.0,0.0
2024-10-09 14:00:00,0.32,4.44,-3.92,461.6,3.92,599,360.2161865234375,5.931475364527784,1.67,2.275040033178839,3.792,-28.914391558129395,-0.11528537886937436,726.9166666666666,0.4720000000000014,265.0,2.556563224196634,1.0,150.0,100.0,2.402100353979402,1.8256994964932944,0.888967788805995,0.0,0.0
2024-10-09 14:05:00,0.62,5.03,-3.12,464.8,3.76,634,359.58697509765625,5.95144520263776,1.63,2.1121707708687096,3.584,-29.106481062694208,0.020745897550187208,711.5,0.5520000000000007,270.0,2.5558039524002876,1.0,150.0,100.0,2.409749609655635,1.8256994964932944,0.888967788805995,0.0,0.0
2024-10-09 14:10:00,0.96,5.35,-2.24,467.9,3.7,613,359.58697509765625,5.878919968837813,1.62,1.9065512013153503,3.351,-28.706932582627523,0.015755100869714767,691.3333333333334,0.6189999999999991,275.0,2.5558039524002876,1.0,150.0,100.0,2.4207844170575465,1.8629072830465143,0.888967788805995,0.0,0.0
2024-10-09 14:15:00,-0.04,4.86,-3.27,459.9,3.73,574,359.58697509765625,5.8578238280098525,1.58,2.0989606205350206,3.5799999999999996,-28.94893005399706,-0.08726727618022352,662.4166666666666,0.32199999999999923,280.0,2.5558039524002876,1.0,150.0,100.0,2.4207844170575465,1.8881182966511603,0.888967788805995,0.0,0.0
2024-10-09 14:20:00,-0.48,4.37,-4.01,457.0,3.94,594,359.58697509765625,5.950411750458954,1.64,2.2789498991407284,3.773,-29.57960534442976,-0.07384310686550251,635.0833333333334,0.2510000000000001,285.0,2.5558039524002876,1.0,150.0,100.0,2.4785089640457727,1.9796340736581048,0.951506934485483,0.0,0.0
2024-10-09 14:25:00,-0.71,4.52,-3.55,456.4,3.84,612,358.2592315673828,5.791113882492727,1.6,2.1378001428606943,3.629,-29.687361122652085,0.19087020288662798,617.25,0.17499999999999893,290.0,2.5541973900452892,1.0,150.0,100.0,2.531981328174731,2.047583261029121,0.951506934485483,0.0,0.0
2024-10-09 14:30:00,-3.07,4.04,-0.9,440.5,4.17,590,375.3375244140625,5.153299913647564,1.61,1.3818141507080395,2.6750000000000003,-27.67090331556348,0.3948712721774939,604.9166666666666,-0.8850000000000001,295.0,2.5744219852265844,0.0,150.0,100.0,2.544973816868443,2.047583261029121,0.951506934485483,0.0,0.0
2024-10-09 14:35:00,-4.35,2.69,0.57,425.5,4.55,613,358.5542755126953,5.146212199278222,1.65,0.8679002133403322,2.4259999999999997,-25.738648400877146,0.36025669436095065,597.75,-1.668,0.0,2.554554905531085,0.0,150.0,100.0,2.5531116516545085,2.062833600930816,0.951506934485483,0.0,0.0
2024-10-09 14:40:00,-4.73,2.27,-0.05,425.8,4.61,662,365.4397277832031,5.246741846136515,1.67,1.1416295871939235,2.273,-24.068336371953972,0.30624246790608717,599.9166666666666,-1.7049999999999994,0.0,2.5628157587230125,0.0,150.0,100.0,2.5554833916615194,2.089540834471414,1.0933471639216028,0.0,0.0
2024-10-09 14:45:00,-5.11,0.92,0.04,415.3,4.48,631,387.9640655517578,5.192311623930135,1.54,1.0313502098302803,2.165,-22.676223721816275,0.23554717353275018,607.9166666666666,-2.2309999999999994,0.0,2.588791501740331,0.0,150.0,100.0,2.5554833916615194,2.089540834471414,1.0933471639216028,0.0,0.0
2024-10-09 14:50:00,-5.28,0.21,-0.07,416.1,4.4,528,387.9640655517578,5.284638114383993,1.52,1.4471515726276154,2.182,-21.71286463662647,0.1233696188545487,603.3333333333334,-2.187999999999999,0.0,2.588791501740331,0.0,150.0,100.0,2.556563224196634,2.1078287856473903,1.2693368371705724,0.0,0.0
2024-10-09 14:55:00,-4.28,1.24,0.63,421.6,4.32,589,401.93052673339844,4.500322210686697,1.54,0.5189629308901104,2.4050000000000002,-21.442527533270788,-0.04412451992309201,603.25,-1.8569999999999989,0.0,2.6041509922293424,0.0,150.0,100.0,2.5554833916615194,2.1078287856473903,1.4749575639042933,0.0,0.0
2024-10-09 15:00:00,-3.43,2.46,1.64,436.4,4.25,593,387.9640655517578,4.528366151273548,1.62,0.43999605788268514,2.856,-22.15410983585739,-0.05659675997244449,602.75,-1.0160000000000011,5.0,2.588791501740331,0.0,150.0,100.0,2.556563224196634,2.142417595720861,1.6650272101837957,0.0,0.0
2024-10-09 15:05:00,-4.25,1.3,0.84,428.2,4.43,478,401.93052673339844,4.52306312138135,1.62,0.4428288480547037,2.534,-22.008495132995233,0.009083544948119382,589.75,-1.5060000000000004,10.0,2.6041509922293424,0.0,150.0,100.0,2.5558039524002876,2.1898649843384006,1.5833523507678797,0.0,0.0
2024-10-09 15:10:00,-4.3,0.18,-1.42,418.8,4.24,398,401.93052673339844,4.531975286781692,1.49,1.8904575742536636,2.6140000000000003,-22.063274386376197,-0.06560978510466882,571.8333333333334,-1.9179999999999997,0.0,2.6041509922293424,0.0,150.0,100.0,2.5558039524002876,2.2260882778904865,1.751973039341691,0.0,0.0
2024-10-09 15:15:00,-4.46,-0.42,-2.24,421.6,4.33,393,387.9640655517578,5.008552685157659,1.54,2.093522217253767,2.8880000000000003,-22.66459298404192,-0.04287128391725723,556.75,-1.6959999999999988,5.0,2.588791501740331,0.0,150.0,100.0,2.5558039524002876,2.2483213711849626,1.7948431563124985,0.0,0.0
2024-10-09 15:20:00,-4.39,-1.58,-1.26,421.6,999.99,305,365.4397277832031,4.832814914726199,99.99,1.6539397724147265,2.5940000000000003,-22.49198722554877,0.02199006005016031,532.6666666666666,-1.7939999999999987,10.0,2.5628157587230125,0.0,150.0,100.0,2.5558039524002876,2.26598868404826,1.7948431563124985,0.0,0.0
2024-10-09 15:25:00,-4.88,-0.81,-1.29,424.5,4.29,215,365.4397277832031,5.112201091506475,1.55,2.003995097838519,2.632,-22.444692383540318,-0.017893447822092057,499.5833333333333,-1.646,15.0,2.5628157587230125,0.0,150.0,100.0,2.5541973900452892,2.293108469625686,1.7822174718015291,0.0,0.0
2024-10-09 15:30:00,-4.09,-2.27,-1.66,426.2,4.14,179,340.6646423339844,4.963526971821549,1.5,1.6820872993995932,2.76,-22.67092170376969,0.03580414197684334,465.3333333333333,-1.5240000000000005,20.0,2.5323270603770975,0.0,150.0,100.0,2.5744219852265844,2.295298925054308,1.8461349143874521,0.0,0.0
2024-10-09 15:35:00,-4.9,-1.15,-0.44,425.2,5.35,156,349.4773254394531,5.05233609333346,1.93,1.4579613640708435,2.384,-22.086650963771884,0.11980882749975663,427.25,-1.6960000000000004,25.0,2.5434190033836295,0.0,150.0,100.0,2.554554905531085,2.2814382810931693,1.8082552301193198,0.0,0.0
2024-10-09 15:40:00,-5.35,-0.79,-0.22,421.4,3.83,172,314.6367950439453,5.412485565800615,1.36,1.4463518083063462,2.28,-21.472833428772123,0.0842395916791137,386.4166666666667,-1.908000000000001,30.0,2.497809509609997,0.0,150.0,100.0,2.5628157587230125,2.2814382810931693,1.9529928115806803,0.0,0.0
2024-10-09 15:45:00,-5.41,-0.35,-0.59,421.4,3.83,155,302.7461700439453,5.45332008963347,1.36,2.1372298478632414,2.391,-21.244255046980747,0.010438267316465754,346.75,-1.871000000000001,35.0,2.4810786577133506,0.0,150.0,100.0,2.588791501740331,2.2955979177199035,2.0604492783470056,0.5913529579609055,0.0
2024-10-09 15:50:00,-5.39,0.16,-1.02,423.3,4.24,135,302.7461700439453,5.48799599125218,1.52,2.3090368180139973,2.539,-21.368450755607466,0.001121164717610057,314.0,-1.7329999999999992,40.0,2.4810786577133506,0.0,150.0,100.0,2.588791501740331,2.348036260558253,2.0604492783470056,0.0,0.0
2024-10-09 15:55:00,-5.3,0.52,-0.79,418.7,4.37,134,298.28778076171875,5.383725475913496,1.53,2.068523240148174,2.424,-21.233043399804647,0.004146512553657189,276.0833333333333,-1.9860000000000004,45.0,2.4746354630286684,0.0,150.0,100.0,2.6041509922293424,2.3929995212511845,2.0604492783470056,0.0,0.0
2024-10-09 16:00:00,-5.26,0.99,-0.92,424.6,4.82,179,294.390625,5.43084707941588,1.74,1.93783490971115,2.5220000000000002,-21.326985630070894,0.027101125013668792,241.58333333333334,-1.6779999999999986,50.0,2.4689239755853096,0.0,150.0,100.0,2.588791501740331,2.402100353979402,2.0604492783470056,0.0,0.0
2024-10-09 16:05:00,-5.32,0.59,-0.39,418.0,4.46,172,294.390625,5.3668053812300665,1.56,1.7401839607827159,2.297,-20.96203214966796,0.05805159694387178,216.08333333333334,-2.061,55.0,2.4689239755853096,0.0,150.0,100.0,2.6041509922293424,2.409749609655635,2.0604492783470056,0.0,0.0
2024-10-09 16:10:00,-5.33,-0.28,-0.5,417.1,4.15,189,294.390625,5.3607182354606175,1.45,2.0934201337381073,2.321,-20.746469660632176,0.0403396614222931,198.66666666666666,-2.094999999999999,60.0,2.4689239755853096,0.0,150.0,100.0,2.6041509922293424,2.4207844170575465,2.0174346969228956,0.0,0.0
2024-10-09 16:15:00,-4.66,2.0,-0.15,425.8,4.63,186,292.82191467285156,5.073273105205357,1.68,1.1608804555341234,2.303,-20.558635535445028,0.008222979403084807,181.41666666666666,-1.6949999999999994,65.0,2.4666035760248217,0.0,150.0,100.0,2.588791501740331,2.4207844170575465,1.9666299614090164,0.0,0.0
2024-10-09 16:20:00,-4.19,2.96,-0.29,434.2,4.55,207,292.82191467285156,5.13826819074287,1.71,1.2242878634462768,2.4290000000000003,-20.664239866601328,-0.010805268141372438,173.25,-1.2610000000000006,70.0,2.4666035760248217,0.0,150.0,100.0,2.5628157587230125,2.4785089640457727,1.8869896221764484,0.8079263881608294,0.0
2024-10-09 16:25:00,-4.13,3.11,0.22,432.5,4.55,224,292.82191467285156,5.174688396415768,1.7,1.0400642643026257,2.391,-20.666688216858752,-0.011195184859787943,174.0,-1.353,0.0,2.4666035760248217,0.0,150.0,100.0,2.5628157587230125,2.531981328174731,1.8869896221764484,0.8079263881608294,0.0
2024-10-09 16:30:00,-4.07,3.13,-0.33,434.8,4.72,195,292.82191467285156,5.144968415840859,1.79,1.2357927466530756,2.4470000000000005,-20.776191715199207,-0.04366661076395175,175.33333333333334,-1.2269999999999994,0.0,2.4666035760248217,0.0,150.0,100.0,2.5323270603770975,2.544973816868443,1.8869896221764484,0.8079263881608294,0.0
2024-10-09 16:35:00,-4.34,2.06,0.78,434.0,4.6,175,292.82191467285156,4.866990856782042,1.73,0.682151768613751,2.574,-21.10335432449827,-0.0375984288825741,176.91666666666666,-1.2219999999999998,0.0,2.4666035760248217,0.0,150.0,100.0,2.5434190033836295,2.5531116516545085,1.8869896221764484,1.1653501111572948,0.0
2024-10-09 16:40:00,-4.04,3.26,0.63,429.1,4.41,172,297.58457946777344,5.22934986398883,1.62,0.909075810092666,2.4800000000000004,-21.15217600402495,-0.021708355790462975,176.91666666666666,-1.4819999999999989,5.0,2.473610422755668,0.0,150.0,100.0,2.497809509609997,2.5554833916615194,1.848484919653158,1.1653501111572948,0.0
2024-10-09 16:45:00,-4.02,3.36,-0.81,430.5,4.68,248,304.3383483886719,5.301518650349162,1.74,1.4085896153755535,2.548,-21.3204378824029,-0.031613466210317756,184.66666666666666,-1.394,0.0,2.4833566794178608,0.0,150.0,100.0,2.4810786577133506,2.5554833916615194,1.848484919653158,0.9641547488383132,0.0
2024-10-09 16:50:00,-4.1,3.67,-0.88,429.8,4.84,270,304.3383483886719,5.572548788480905,1.78,1.4767743222911929,2.5620000000000003,-21.468310666128126,0.005259175663093174,195.91666666666666,-1.4219999999999993,5.0,2.4833566794178608,0.0,150.0,100.0,2.4810786577133506,2.556563224196634,1.8256994964932944,1.2957538896341876,0.0
2024-10-09 16:55:00,-4.62,3.24,-0.43,427.6,4.8,269,318.3427276611328,5.659231396576748,1.76,1.36912684571177,2.4050000000000002,-21.267846125771968,0.04124648785951805,207.16666666666666,-1.5769999999999988,10.0,2.5028949331296064,0.0,150.0,100.0,2.4746354630286684,2.5554833916615194,1.8256994964932944,1.2957538896341876,0.0
2024-10-09 17:00:00,-4.24,3.64,-0.02,436.3,4.05,371,318.3427276611328,5.58816606768267,1.54,1.2257564497893934,2.3689999999999998,-21.055845787532945,0.020594033172771375,223.16666666666666,-1.1829999999999994,15.0,2.5028949331296064,0.0,150.0,100.0,2.4689239755853096,2.556563224196634,1.8256994964932944,1.2957538896341876,0.0
2024-10-09 17:05:00,-3.93,3.96,-0.46,431.3,4.41,413,304.3383483886719,5.598044301360967,1.64,1.3465140308090342,2.451,-21.061905794044254,-0.022977955414058115,243.25,-1.3889999999999993,20.0,2.4833566794178608,0.0,150.0,100.0,2.4689239755853096,2.5558039524002876,1.8256994964932944,1.4225308720344896,0.0
2024-10-09 17:10:00,-3.49,4.24,-0.66,436.5,4.33,389,304.3383483886719,5.531121043694489,1.65,1.3928392960126887,2.563,-21.285625341673526,-0.049303710749917684,259.9166666666667,-1.1089999999999998,25.0,2.4833566794178608,0.0,150.0,100.0,2.4689239755853096,2.5558039524002876,1.8629072830465143,1.4908282155679367,0.0
2024-10-09 17:15:00,-3.84,3.74,-0.86,436.0,3.79,263,304.3383483886719,5.428885705188497,1.44,1.4487166442052437,2.618,-21.55494290154343,-0.01018388323323407,266.3333333333333,-1.1139999999999999,30.0,2.4833566794178608,0.0,150.0,100.0,2.4666035760248217,2.5558039524002876,1.8881182966511603,1.4225308720344896,0.0
2024-10-09 17:20:00,-4.49,3.41,0.49,428.8,4.44,169,300.0131072998047,5.659355086933493,1.64,1.0407837786508043,2.435,-21.387464174005867,0.05027081993062872,263.1666666666667,-1.5109999999999995,0.0,2.4771402290650877,0.0,150.0,100.0,2.4666035760248217,2.5558039524002876,1.9796340736581048,1.4225308720344896,0.0
2024-10-09 17:25:00,-4.31,3.57,0.18,426.8,4.53,266,300.0131072998047,5.599410683277303,1.65,1.1347428980592025,2.322,-21.052234702237143,0.03126299948938431,266.6666666666667,-1.6419999999999992,5.0,2.4771402290650877,0.0,150.0,100.0,2.4666035760248217,2.5541973900452892,2.047583261029121,1.4908282155679367,0.0
2024-10-09 17:30:00,-4.33,3.21,0.65,426.4,4.3,260,287.15379333496094,5.429134369307873,1.56,0.9277707615480963,2.4589999999999996,-21.074834179112024,-0.028231530147796845,272.0833333333333,-1.615000000000001,10.0,2.458114557735626,0.0,150.0,100.0,2.4666035760248217,2.5744219852265844,2.047583261029121,1.503133199421453,0.0
2024-10-09 17:35:00,-4.03,3.47,0.88,431.9,4.3,334,287.15379333496094,5.390380320533979,1.6,0.8779045081969744,2.583,-21.334550003715112,-0.07293776607796865,285.3333333333333,-1.317000000000001,15.0,2.458114557735626,0.0,150.0,100.0,2.4666035760248217,2.554554905531085,2.062833600930816,1.503133199421453,0.0
2024-10-09 17:40:00,-4.03,3.09,1.38,431.0,4.36,302,272.4260559082031,5.26245190001771,1.62,0.6716088463713786,2.724,-21.80421183989171,-0.20999630335567615,296.1666666666667,-1.312,20.0,2.435248642873588,0.0,150.0,100.0,2.473610422755668,2.5628157587230125,2.089540834471414,1.4908282155679367,0.0
2024-10-09 17:45:00,-3.72,2.57,3.31,433.3,4.11,259,272.4260559082031,5.603516752897238,1.54,0.2551031812474092,3.326,-23.434513037271874,-0.21743724663319242,297.0833333333333,-1.0039999999999993,25.0,2.435248642873588,1.0,150.0,100.0,2.4833566794178608,2.588791501740331,2.089540834471414,1.503133199421453,0.0
2024-10-09 17:50:00,-3.26,1.93,2.07,442.4,3.69,192,263.7460021972656,4.317105511798386,1.44,0.25649056541986676,3.045,-23.978584306223635,-0.08102157700564874,290.5833333333333,-0.6730000000000013,30.0,2.4211858854173096,1.0,150.0,100.0,2.4833566794178608,2.588791501740331,2.1078287856473903,1.5010753429041683,0.0
2024-10-09 17:55:00,-2.33,2.67,-1.75,446.3,3.88,284,253.16090393066406,3.9522525222966207,1.54,1.3654075478934062,2.988,-24.24472880732836,0.017502200900196385,291.8333333333333,-0.5099999999999991,0.0,2.403396637687446,0.0,150.0,100.0,2.5028949331296064,2.6041509922293424,2.1078287856473903,1.5331405006401961,0.0
2024-10-09 18:00:00,-2.84,0.71,0.99,438.8,4.04,351,253.16090393066406,3.090275068662982,1.55,0.12704295977326044,2.685,-23.80356229722167,0.03160300734688022,290.1666666666667,-0.9609999999999994,0.0,2.403396637687446,0.0,150.0,100.0,2.5028949331296064,2.588791501740331,2.142417595720861,1.5331405006401961,0.0
2024-10-09 18:05:00,-3.58,2.02,1.73,437.9,4.22,357,253.16090393066406,4.459786990429027,1.62,0.34129428861997235,2.8979999999999997,-23.92869873385956,-0.09023137130702459,285.5,-0.932000000000001,5.0,2.403396637687446,0.0,150.0,100.0,2.4833566794178608,2.6041509922293424,2.1898649843384006,1.5331405006401961,0.0
2024-10-09 18:10:00,-3.69,3.12,2.83,436.7,3.4,350,253.16090393066406,5.599946428315185,1.3,0.4012506886700235,3.216,-24.705876010291917,-0.10925308871395742,282.25,-0.8820000000000005,10.0,2.403396637687446,1.0,150.0,100.0,2.4833566794178608,2.6041509922293424,2.2260882778904865,1.4931000718279481,0.0
2024-10-09 18:15:00,-3.35,3.91,2.25,443.2,3.13,372,275.44740295410156,5.618994571985277,1.23,0.6241253296945898,3.1069999999999998,-25.021229620999133,-0.013900742126844534,291.3333333333333,-0.6150000000000003,15.0,2.440038681998794,1.0,150.0,100.0,2.4833566794178608,2.588791501740331,2.2483213711849626,1.585133935080368,0.0
2024-10-09 18:20:00,-3.62,4.02,1.97,432.9,3.12,282,288.1239776611328,5.757230236841322,1.17,0.6977814975589811,2.92,-24.844883431560362,0.04075585836257432,300.75,-1.158000000000001,20.0,2.459579401746595,0.0,150.0,100.0,2.4771402290650877,2.5628157587230125,2.26598868404826,1.4931000718279481,0.0
2024-10-09 18:25:00,-3.9,3.94,1.89,430.3,3.34,243,289.6543884277344,5.857106794314067,1.24,0.715128913755971,2.87,-24.61367103737339,0.015079766330939392,298.8333333333333,-1.2959999999999994,25.0,2.46188011269184,0.0,150.0,100.0,2.4771402290650877,2.5628157587230125,2.293108469625686,1.3313217568026126,0.0
2024-10-09 18:30:00,-3.66,4.0,2.0,438.6,3.62,180,289.6543884277344,5.778892627484958,1.39,0.7005523757643489,2.986,-24.694085768250968,-0.09076174513869155,292.1666666666667,-0.8699999999999988,30.0,2.46188011269184,0.0,150.0,100.0,2.458114557735626,2.5323270603770975,2.295298925054308,1.089309475740906,0.0
2024-10-09 18:35:00,-2.92,3.85,3.12,440.0,3.23,132,288.1239776611328,5.751808411273797,1.25,0.4686976699866726,3.336,-25.521288488760305,-0.13077454116684423,275.3333333333333,-0.688,35.0,2.459579401746595,1.0,150.0,100.0,2.458114557735626,2.5434190033836295,2.2814382810931693,1.1494968709473783,0.0
2024-10-09 18:40:00,-3.03,3.75,2.97,439.6,3.36,154,288.1239776611328,5.662534768105181,1.3,0.47188274106892625,3.2870000000000004,-26.00183117991941,-0.04321671851180291,263.0,-0.7229999999999986,40.0,2.459579401746595,1.0,150.0,100.0,2.435248642873588,2.497809509609997,2.2814382810931693,1.3313217568026126,0.0
2024-10-09 18:45:00,-3.28,3.8,2.41,438.7,3.45,240,266.8154296875,5.568348049466736,1.33,0.5672497171261212,3.11,-25.953455673878334,0.014170970587409215,261.4166666666667,-0.8240000000000004,45.0,2.426210940815643,1.0,150.0,100.0,2.435248642873588,2.4810786577133506,2.2955979177199035,1.1494968709473783,0.0
2024-10-09 18:50:00,-3.09,3.99,2.21,442.0,3.52,171,266.8154296875,5.50929215053985,1.37,0.6276176452097078,3.0829999999999997,-25.860121474045318,-0.021210284824956106,259.6666666666667,-0.6789999999999999,50.0,2.426210940815643,1.0,150.0,100.0,2.4211858854173096,2.4810786577133506,2.348036260558253,1.3313217568026126,0.0
2024-10-09 18:55:00,-2.74,4.01,2.67,445.1,3.27,176,279.94078063964844,5.542255858402786,1.29,0.5498366552314332,3.252,-26.165558522127895,-0.0505769008797806,250.66666666666666,-0.47799999999999876,55.0,2.4470661693367797,1.0,150.0,100.0,2.403396637687446,2.4746354630286684,2.3929995212511845,1.1494968709473783,0.0
2024-10-09 19:00:00,-2.92,4.01,2.68,444.0,3.14,189,279.94078063964844,5.638164594972374,1.24,0.5561722339446445,3.2439999999999998,-26.365890482843124,-0.05024978140456895,237.16666666666666,-0.5319999999999998,60.0,2.4470661693367797,1.0,150.0,100.0,2.403396637687446,2.4689239755853096,2.402100353979402,1.0649815662164972,0.0
2024-10-09 19:05:00,-3.19,3.84,2.82,446.9,3.14,157,259.41688537597656,5.733593986323063,1.25,0.5228339454068965,3.315,-26.668056336173585,0.010135848813479242,220.5,-0.37300000000000116,65.0,2.413998240780241,1.0,150.0,100.0,2.403396637687446,2.4689239755853096,2.409749609655635,1.0649815662164972,0.0
2024-10-09 19:10:00,-3.5,3.68,2.07,441.3,3.12,138,238.77572631835938,5.484277527623853,1.21,0.6168378489957268,3.0340000000000003,-26.26453199470833,0.06356070383264978,202.83333333333334,-0.7279999999999992,70.0,2.377990174794793,1.0,150.0,100.0,2.403396637687446,2.4689239755853096,2.4207844170575465,0.9906990431435584,0.0
2024-10-09 19:15:00,-3.0,3.87,2.17,440.9,3.13,137,238.77572631835938,5.355912620646457,1.22,0.6032444494186738,3.0599999999999996,-26.032449297847087,0.09856189519802427,183.25,-0.738000000000001,75.0,2.377990174794793,1.0,150.0,100.0,2.440038681998794,2.4666035760248217,2.4207844170575465,0.9906990431435584,0.0
2024-10-09 19:20:00,-3.4,4.23,1.14,444.0,3.3,164,213.52401733398438,5.545493666031907,1.3,0.9107440347087132,2.782,-25.27891304272809,0.1471923552714582,173.41666666666666,-0.6859999999999998,80.0,2.329446731862106,0.0,150.0,100.0,2.459579401746595,2.4666035760248217,2.4785089640457727,0.9288190534980064,0.0
2024-10-09 19:25:00,-3.61,3.93,1.14,435.2,3.13,145,213.52401733398438,5.456793930505348,1.18,0.856598585464012,2.694,-24.560525745132505,0.1736878591826038,165.25,-1.1260000000000003,85.0,2.329446731862106,0.0,150.0,100.0,2.46188011269184,2.4666035760248217,2.531981328174731,1.0649815662164972,0.0
2024-10-09 19:30:00,-3.94,4.01,-0.4,431.9,3.41,152,208.13311767578125,5.635929382098395,1.27,1.3378838063246383,2.439,-23.54203445090205,0.14098640904079218,162.91666666666666,-1.365000000000001,0.0,2.3183411896758424,0.0,150.0,100.0,2.46188011269184,2.4666035760248217,2.544973816868443,1.0649815662164972,0.0
2024-10-09 19:35:00,-4.18,3.54,-1.0,431.0,3.06,115,208.13311767578125,5.568123561847384,1.14,1.5261288296035682,2.61,-23.150661654724583,0.033597678530320606,161.5,-1.3499999999999999,5.0,2.3183411896758424,0.0,150.0,100.0,2.459579401746595,2.4666035760248217,2.5531116516545085,1.2321505732776203,0.0
2024-10-09 19:40:00,-3.69,3.92,-1.53,431.6,3.15,102,216.67971801757812,5.596731188827993,1.17,1.6469127191371236,2.7750000000000004,-23.206057665598845,0.018587854146228367,157.16666666666666,-1.2669999999999988,10.0,2.33581826173384,0.0,150.0,100.0,2.459579401746595,2.473610422755668,2.5554833916615194,0.9651060563413284,0.0
2024-10-09 19:45:00,-3.75,4.06,-1.07,431.6,3.54,82,240.6583251953125,5.629475996929021,1.32,1.5244370404899052,2.6370000000000005,-22.9647831132623,-0.05628140334087277,144.0,-1.3129999999999988,15.0,2.381400890006091,0.0,150.0,100.0,2.426210940815643,2.4833566794178608,2.5554833916615194,0.8076796802499835,0.0
2024-10-09 19:50:00,-3.55,3.47,-2.68,429.9,3.04,71,240.6583251953125,5.641435987406044,1.12,1.9538480430290532,3.1029999999999998,-23.768871699007573,-0.022077421432505063,135.66666666666666,-1.237000000000001,20.0,2.381400890006091,1.0,150.0,100.0,2.426210940815643,2.4833566794178608,2.556563224196634,0.5256202717219309,0.0
2024-10-09 19:55:00,-3.93,4.0,-0.74,432.4,3.13,91,216.20963287353516,5.65619129803793,1.17,1.4453244908409077,2.546,-23.18555732758735,0.11779926688975842,128.58333333333334,-1.306000000000001,25.0,2.3348750393426623,0.0,150.0,100.0,2.4470661693367797,2.5028949331296064,2.5554833916615194,0.8076796802499835,0.0
2024-10-09 20:00:00,-3.97,3.94,-0.42,432.9,3.29,127,186.7875747680664,5.609001693706287,1.23,1.3427577719947112,2.4549999999999996,-22.59087903010999,0.033391409994903046,123.41666666666667,-1.313000000000001,30.0,2.2713479833012435,0.0,150.0,100.0,2.4470661693367797,2.5028949331296064,2.556563224196634,0.888967788805995,0.0
2024-10-09 20:05:00,-3.23,4.15,-1.3,440.7,4.01,181,191.36073303222656,5.417139466545051,1.55,1.5504889528629082,2.797,-22.85164322763832,0.01508805490280558,125.41666666666667,-0.8350000000000003,35.0,2.2818528259331146,0.0,150.0,100.0,2.413998240780241,2.4833566794178608,2.5558039524002876,0.888967788805995,0.0
2024-10-09 20:10:00,-3.62,3.99,0.49,435.3,4.06,179,214.110107421875,5.409676515282592,1.54,1.0338993134715755,2.5,-22.439998481081933,0.06939327571029992,128.83333333333334,-1.1859999999999995,0.0,2.330637169367936,0.0,150.0,100.0,2.377990174794793,2.4833566794178608,2.5558039524002876,0.888967788805995,0.0
2024-10-09 20:15:00,-2.88,4.26,0.49,435.9,3.86,185,197.36090087890625,5.165471904869873,1.47,0.9971677233252618,2.506,-22.15771047053532,0.012310833636944452,132.83333333333334,-1.156000000000001,5.0,2.2952611188785426,0.0,150.0,100.0,2.377990174794793,2.4833566794178608,2.5558039524002876,0.888967788805995,0.0
2024-10-09 20:20:00,-4.05,3.43,-1.27,430.6,4.22,190,214.110107421875,5.457132946887038,1.57,1.5828829332535226,2.6870000000000003,-22.316890144712488,-0.14591311712967964,135.0,-1.3429999999999989,0.0,2.330637169367936,0.0,150.0,100.0,2.329446731862106,2.4771402290650877,2.5558039524002876,0.951506934485483,0.0
2024-10-09 20:25:00,-2.96,3.43,-2.85,438.9,3.82,147,197.36090087890625,5.352476062534049,1.47,1.925265884428947,3.2439999999999998,-23.616841641832117,-0.2095410606714921,135.16666666666666,-0.770000000000001,5.0,2.2952611188785426,1.0,150.0,100.0,2.329446731862106,2.4771402290650877,2.5541973900452892,0.951506934485483,0.0
2024-10-09 20:30:00,-3.05,3.54,-2.65,438.9,3.91,143,197.36090087890625,5.371833951268412,1.51,1.885304968640832,3.1839999999999997,-24.41230075142741,-0.15391214311305781,134.41666666666666,-0.790000000000001,10.0,2.2952611188785426,1.0,150.0,100.0,2.3183411896758424,2.458114557735626,2.5744219852265844,0.951506934485483,0.0
2024-10-09 20:35:00,-2.71,3.64,-2.94,438.1,4.17,157,193.4135513305664,5.40715267030625,1.6,1.9286623801145584,3.2630000000000003,-25.155963072962695,-0.07076757286256274,137.91666666666666,-0.8009999999999988,15.0,2.2864868992294536,1.0,150.0,100.0,2.3183411896758424,2.458114557735626,2.554554905531085,0.951506934485483,0.0
2024-10-09 20:40:00,-2.02,4.68,-1.89,443.7,3.85,155,187.41338348388672,5.436441851063984,1.51,1.6577050066549062,3.0039999999999996,-25.119976480053037,-0.014144018811487058,142.33333333333334,-0.6260000000000003,20.0,2.272800601309819,1.0,150.0,100.0,2.33581826173384,2.435248642873588,2.5628157587230125,1.0933471639216028,0.0
2024-10-09 20:45:00,-2.09,4.48,-2.09,447.1,3.42,189,187.41338348388672,5.367178029467627,1.36,1.7070915634417152,3.098,-25.297403261077566,0.010316919254994871,151.25,-0.4359999999999987,25.0,2.272800601309819,1.0,150.0,100.0,2.381400890006091,2.435248642873588,2.588791501740331,1.0933471639216028,0.0
2024-10-09 20:50:00,-2.43,4.48,-1.57,443.7,4.01,209,180.57181549072266,5.332935401821403,1.58,1.5743972028172541,2.908,-25.016807287503088,-0.006419010421060989,162.75,-0.6580000000000004,30.0,2.25664996451529,0.0,150.0,100.0,2.381400890006091,2.4211858854173096,2.588791501740331,1.2693368371705724,0.0
2024-10-09 20:55:00,-2.14,4.33,-2.08,453.7,4.05,258,180.57181549072266,5.258792637098367,1.67,1.7095096323361652,3.161,-25.361593365288176,-0.05274198103954504,176.66666666666666,-0.10700000000000037,35.0,2.25664996451529,1.0,150.0,100.0,2.3348750393426623,2.403396637687446,2.6041509922293424,1.4749575639042933,0.0
2024-10-09 21:00:00,-2.14,4.38,-2.25,445.7,3.88,224,187.41338348388672,5.369031570031973,1.54,1.7432062205782364,3.1319999999999997,-25.54422709789854,-0.051154963911682214,184.75,-0.4900000000000003,40.0,2.272800601309819,1.0,150.0,100.0,2.2713479833012435,2.403396637687446,2.588791501740331,1.6650272101837957,0.0
2024-10-09 21:05:00,-1.88,4.32,-2.64,443.0,3.56,226,184.71946716308594,5.400592560080792,1.4,1.8200060497526251,3.2220000000000004,-25.873143004404998,-0.07291296955094176,188.5,-0.5860000000000001,45.0,2.266512667156493,1.0,150.0,100.0,2.2818528259331146,2.403396637687446,2.6041509922293424,1.5833523507678797,0.0
2024-10-09 21:10:00,-0.71,4.86,-2.59,451.9,3.34,251,153.8321533203125,5.552639012217524,1.36,1.8446728572204636,3.2959999999999994,-26.273356793407956,0.08174060476394444,194.5,-0.14600000000000113,50.0,2.187047119276446,1.0,150.0,100.0,2.330637169367936,2.403396637687446,2.6041509922293424,1.751973039341691,0.0
2024-10-09 21:15:00,-3.89,3.06,-0.42,446.1,3.27,272,126.30949401855469,4.967101770650567,1.3,1.2585659534619762,2.587,-25.055736956765553,0.232723077764334,201.75,-0.6529999999999989,55.0,2.101435995408109,0.0,150.0,100.0,2.2952611188785426,2.440038681998794,2.588791501740331,1.7948431563124985,0.0
2024-10-09 21:20:00,-5.09,2.42,0.55,430.0,3.66,280,120.41560745239258,5.6627731722187145,1.36,0.9476733734697842,2.465,-23.946126015764616,0.19021901845730368,209.25,-1.445,0.0,2.0806827808682975,0.0,150.0,100.0,2.330637169367936,2.459579401746595,2.5628157587230125,1.7948431563124985,0.0
2024-10-09 21:25:00,-5.3,1.79,0.68,426.1,3.08,300,120.41560745239258,5.635290587006139,1.11,0.7742342725357412,2.4650000000000003,-23.153546772192517,0.132368013253695,222.0,-1.6269999999999987,5.0,2.0806827808682975,0.0,150.0,100.0,2.2952611188785426,2.46188011269184,2.5628157587230125,1.7822174718015291,0.0
2024-10-09 21:30:00,-5.21,1.86,0.66,428.5,3.05,326,111.81167221069336,5.5712924891805855,1.12,0.7944812994787673,2.483,-22.622445883227666,0.12003097226507542,237.25,-1.509,10.0,2.0484871426568136,0.0,150.0,100.0,2.2952611188785426,2.46188011269184,2.5323270603770975,1.8461349143874521,0.0
2024-10-09 21:35:00,-4.92,2.37,0.15,428.7,3.34,344,98.46936798095703,5.463130970423462,1.23,1.09705479915406,2.332,-21.953237049541762,0.09466239874240259,252.83333333333334,-1.5500000000000005,15.0,1.9933011504383769,0.0,150.0,100.0,2.2864868992294536,2.459579401746595,2.5434190033836295,1.8082552301193198,0.0
2024-10-09 21:40:00,-4.72,2.85,-0.31,434.4,3.75,289,104.65633010864258,5.522408894676308,1.42,1.329170549817406,2.437,-21.67582189580364,0.010155078458900846,264.0,-1.2490000000000012,0.0,2.0197655016485365,0.0,150.0,100.0,2.272800601309819,2.459579401746595,2.497809509609997,1.9529928115806803,0.0
2024-10-09 21:45:00,-4.47,3.27,-0.88,436.3,3.58,256,89.00742721557617,5.607869470663525,1.36,1.5412674640825925,2.627,-21.851686264952754,-0.018780633903604738,269.5833333333333,-1.0969999999999993,5.0,1.9494262478152165,0.0,150.0,100.0,2.272800601309819,2.426210940815643,2.4810786577133506,2.0604492783470056,0.0
2024-10-09 21:50:00,-4.0,3.8,-0.84,431.8,4.24,263,104.65633010864258,5.58082431187365,1.58,1.4649680408044314,2.5700000000000003,-21.863628234839688,-0.003635108210815119,274.0833333333333,-1.3259999999999992,10.0,2.0197655016485365,0.0,150.0,100.0,2.25664996451529,2.426210940815643,2.4810786577133506,2.0604492783470056,0.0
2024-10-09 21:55:00,-3.34,4.43,-0.5,442.8,3.77,234,120.41560745239258,5.570502670316207,1.49,1.371630740765425,2.578,-21.888037347060905,-0.004780522648163909,272.0833333333333,-0.8099999999999994,15.0,2.0806827808682975,0.0,150.0,100.0,2.25664996451529,2.4470661693367797,2.4746354630286684,2.0604492783470056,0.0
2024-10-09 22:00:00,-3.79,4.01,-0.81,433.8,3.27,249,113.07428741455078,5.576764294821864,1.24,1.4490962677381238,2.581,-21.911433461321327,-0.010590727383393173,274.1666666666667,-1.2289999999999994,20.0,2.0533638595362085,0.0,150.0,100.0,2.272800601309819,2.4470661693367797,2.4689239755853096,2.0604492783470056,0.0
2024-10-09 22:05:00,-4.19,3.53,-1.0,431.4,4.03,199,113.07428741455078,5.569290798656504,1.5,1.5287218960362445,2.6139999999999994,-21.993944620894837,-0.02621490827536519,271.9166666666667,-1.330000000000001,25.0,2.0533638595362085,0.0,150.0,100.0,2.266512667156493,2.413998240780241,2.4689239755853096,2.0604492783470056,0.0
2024-10-09 22:10:00,-4.54,2.85,-1.28,429.0,3.69,211,113.07428741455078,5.511125111989384,1.36,1.666456560885618,2.674,-22.17358254407498,0.015107139859913587,268.5833333333333,-1.4219999999999997,30.0,2.0533638595362085,0.0,150.0,100.0,2.187047119276446,2.377990174794793,2.4689239755853096,2.0174346969228956,0.0
2024-10-09 22:15:00,-5.09,2.03,-0.66,424.4,3.5,222,118.84857559204102,5.519474612678275,1.26,1.5333682356888718,2.4419999999999997,-21.8428732222957,0.02206054420871375,264.4166666666667,-1.714000000000001,35.0,2.074993981047593,0.0,150.0,100.0,2.101435995408109,2.377990174794793,2.4666035760248217,1.9666299614090164,0.0
2024-10-09 22:20:00,-4.85,2.35,-1.29,423.1,3.86,215,136.7901611328125,5.5415791973046815,1.38,1.7364450416243082,2.6180000000000003,-21.95297710198784,-0.09978361311927522,259.0,-1.7159999999999989,40.0,2.136054861131216,0.0,150.0,100.0,2.0806827808682975,2.329446731862106,2.4666035760248217,1.8869896221764484,0.0
2024-10-09 22:25:00,-3.85,3.09,-2.26,433.0,3.24,234,118.84857559204102,5.4293830220385075,1.21,1.8693880269868584,3.008,-22.840709353488453,-0.1323825915822095,253.5,-1.1239999999999999,45.0,2.074993981047593,1.0,150.0,100.0,2.0806827808682975,2.329446731862106,2.4666035760248217,1.8869896221764484,0.0
2024-10-09 22:30:00,-3.98,2.96,-2.03,430.6,2.93,268,139.40512084960938,5.359374963556851,1.09,1.8064840473209651,2.915,-23.276803017809936,-0.10511568706823518,248.66666666666666,-1.2669999999999988,50.0,2.144278727247504,0.0,150.0,100.0,2.0484871426568136,2.3183411896758424,2.4666035760248217,1.8869896221764484,0.0
2024-10-09 22:35:00,-3.01,3.0,-2.19,440.0,3.21,323,163.3172836303711,4.780815829960405,1.24,1.6719207644723757,3.057,-23.891866224170805,-0.022415178347929655,246.91666666666666,-0.781,55.0,2.213032147921598,1.0,150.0,100.0,1.9933011504383769,2.3183411896758424,2.4666035760248217,1.8869896221764484,0.0
2024-10-09 22:40:00,-1.35,2.79,-1.51,420.7,3.48,334,139.40512084960938,3.447709384504442,1.23,1.070417480769428,2.6599999999999997,-23.500954801289232,0.029460059339174192,250.66666666666666,-1.8140000000000005,60.0,2.144278727247504,0.0,150.0,100.0,2.0197655016485365,2.33581826173384,2.473610422755668,1.848484919653158,0.0
2024-10-09 22:45:00,-1.74,2.43,-1.37,443.2,3.36,369,139.40512084960938,3.287765198428866,1.33,1.0863776235110185,2.843,-23.597265630779063,-0.00881727563387429,260.0833333333333,-0.7030000000000003,65.0,2.144278727247504,0.0,150.0,100.0,1.9494262478152165,2.381400890006091,2.4833566794178608,1.848484919653158,0.0
2024-10-09 22:50:00,-4.23,1.39,-1.88,424.2,3.65,397,120.79367446899414,4.833156318597609,1.32,1.8493923049922598,2.806,-23.589127557627975,-0.029464955361574497,271.25,-1.6020000000000005,70.0,2.0820441924379383,0.0,150.0,100.0,2.0197655016485365,2.381400890006091,2.4833566794178608,1.8256994964932944,0.0
2024-10-09 22:55:00,-4.13,0.15,-2.46,421.5,4.03,415,110.09503936767578,4.809469825251012,1.43,2.025312482295536,2.953,-23.891915184394808,-0.13072991457869385,286.3333333333333,-1.679,75.0,2.041767751090007,0.0,150.0,100.0,2.0806827808682975,2.3348750393426623,2.5028949331296064,1.8256994964932944,0.0
2024-10-09 23:00:00,-3.3,2.3,-3.23,434.4,3.79,418,109.77455520629883,5.158769233063251,1.43,2.033214241997293,3.3129999999999997,-24.896426703414914,-0.2065897673404514,300.4166666666667,-0.9570000000000012,80.0,2.040501686069376,1.0,150.0,100.0,2.0533638595362085,2.2713479833012435,2.5028949331296064,1.8256994964932944,0.0
2024-10-09 23:05:00,-1.21,3.61,-3.22,449.8,3.52,382,109.77455520629883,4.986441617025111,1.42,1.8679398651138797,3.4640000000000004,-25.957812857799322,-0.2810489580198709,315.6666666666667,-0.18799999999999928,85.0,2.040501686069376,1.0,150.0,100.0,2.0533638595362085,2.2818528259331146,2.4833566794178608,1.8256994964932944,0.0
2024-10-09 23:10:00,-0.53,3.0,-4.45,454.7,3.61,357,109.77455520629883,5.392902743421209,1.49,2.2427053708620703,3.8819999999999997,-27.706916283613623,-0.24367513273675634,327.8333333333333,0.1799999999999995,90.0,2.040501686069376,1.0,150.0,100.0,2.0533638595362085,2.330637169367936,2.4833566794178608,1.8629072830465143,0.0
2024-10-09 23:15:00,-0.14,1.06,-3.81,450.5,3.79,406,104.541015625,3.9571833417217355,1.53,1.750095638030326,3.6479999999999997,-28.394564185166885,-0.17405366624054003,343.1666666666667,-0.09399999999999964,95.0,2.019286714990645,1.0,150.0,100.0,2.074993981047593,2.2952611188785426,2.4833566794178608,1.8881182966511603,0.0
2024-10-09 23:20:00,0.06,0.82,-3.96,469.4,3.15,469,104.541015625,4.04445299144396,1.39,1.878747407023665,3.8819999999999997,-29.447452946019023,0.056439311339093835,364.3333333333333,0.8659999999999989,100.0,2.019286714990645,1.0,150.0,100.0,2.136054861131216,2.330637169367936,2.4771402290650877,1.9796340736581048,0.0
2024-10-09 23:25:00,-2.8,4.21,-1.58,436.2,3.24,423,98.6767692565918,5.297216250069464,1.23,1.5612653529314569,2.8360000000000003,-27.830171071775947,0.24451734232244818,380.0833333333333,-1.0320000000000005,105.0,1.994214921958725,0.0,150.0,100.0,2.074993981047593,2.2952611188785426,2.4771402290650877,2.047583261029121,0.0
2024-10-09 23:30:00,-3.49,2.6,-2.47,425.0,3.19,353,98.6767692565918,5.004098320377009,1.15,1.79576702350479,2.991,-27.00227952279454,0.008245636932988987,387.1666666666667,-1.503,110.0,1.994214921958725,0.0,150.0,100.0,2.144278727247504,2.2952611188785426,2.458114557735626,2.047583261029121,0.0
2024-10-09 23:35:00,-2.26,-0.67,-3.77,445.6,3.49,338,98.6767692565918,4.446279343451106,1.39,1.965979122548956,3.5870000000000006,-27.747714702446057,0.050230322701132125,388.4166666666667,-0.34299999999999886,115.0,1.994214921958725,1.0,150.0,100.0,2.213032147921598,2.2864868992294536,2.458114557735626,2.062833600930816,0.0
2024-10-09 23:40:00,-2.47,-3.16,-1.53,432.1,3.03,331,103.91030883789062,4.292714758751157,1.13,1.3316052245410783,2.7800000000000002,-26.49997629578322,0.2538063186822949,388.1666666666667,-1.2419999999999987,120.0,2.016658635616085,0.0,150.0,100.0,2.144278727247504,2.272800601309819,2.435248642873588,2.089540834471414,0.0
2024-10-09 23:45:00,-4.48,-2.68,-1.39,416.6,2.94,313,112.63063430786133,5.4023050635816565,1.02,1.6434039122304314,2.583,-25.209651515623108,0.16738659485615556,383.5,-2.0309999999999993,125.0,2.051656529959227,0.0,150.0,100.0,2.144278727247504,2.272800601309819,2.435248642873588,2.089540834471414,0.0
2024-10-09 23:50:00,-4.15,-2.25,-2.39,413.0,3.57,286,112.63063430786133,5.291228590790611,1.22,1.8882004698851684,2.847,-24.826110347221665,0.1043397072057978,374.25,-2.111,130.0,2.051656529959227,0.0,150.0,100.0,2.0820441924379383,2.25664996451529,2.4211858854173096,2.1078287856473903,0.0
2024-10-09 23:55:00,-4.37,-2.4,-1.62,417.3,3.37,219,112.19831085205078,5.242260962600012,1.17,1.7057478997468478,2.659,-24.16625444356513,0.1407902672878368,357.9166666666667,-1.9729999999999994,135.0,2.049986318656724,0.0,150.0,100.0,2.041767751090007,2.25664996451529,2.403396637687446,2.1078287856473903,0.0
2024-10-10 00:00:00,-3.69,-3.88,-0.92,424.4,3.6,173,134.61458587646484,5.4329457939500925,1.3,1.4188572891309352,2.5199999999999996,-23.418207674343297,0.13450127047085197,337.5,-1.688000000000001,140.0,2.12909211949023,0.0,150.0,100.0,2.040501686069376,2.272800601309819,2.403396637687446,2.142417595720861,0.0
2024-10-10 00:05:00,-3.25,-4.35,-0.69,428.1,3.43,247,112.19831085205078,5.4736733552523935,1.26,1.3551913104487938,2.488,-22.82124173885661,0.06900527257743824,326.25,-1.525999999999999,145.0,2.049986318656724,0.0,150.0,100.0,2.040501686069376,2.266512667156493,2.403396637687446,2.1898649843384006,0.0
2024-10-10 00:10:00,-2.75,-4.56,-1.03,434.7,3.28,267,112.19831085205078,5.423744094258135,1.24,1.4385828759659223,2.656,-22.728154948568914,0.004607368454158234,318.75,-1.1620000000000006,150.0,2.049986318656724,0.0,150.0,100.0,2.040501686069376,2.187047119276446,2.403396637687446,2.2260882778904865,0.7507502942375597
2024-10-10 00:15:00,-3.12,-3.69,-1.25,433.7,3.12,277,134.61458587646484,4.991292417801225,1.17,1.4296312237367237,2.7119999999999997,-22.775168054315028,-0.0760053200869411,308.0,-1.1900000000000004,155.0,2.12909211949023,0.0,150.0,100.0,2.019286714990645,2.101435995408109,2.440038681998794,2.2483213711849626,1.0114128298957599
2024-10-10 00:20:00,-3.13,3.51,-2.62,425.0,3.69,262,112.19831085205078,5.3834375634904506,1.34,1.828277526048433,3.036,-23.488208149438325,0.014476742282330335,290.75,-1.488,160.0,2.049986318656724,1.0,150.0,100.0,2.019286714990645,2.0806827808682975,2.459579401746595,2.26598868404826,0.7507502942375597
2024-10-10 00:25:00,-3.13,4.23,-0.54,420.1,3.54,239,112.19831085205078,5.2897447953563885,1.25,1.2518129632026371,2.363,-22.630400631491725,0.14324108386361195,275.4166666666667,-1.9409999999999987,165.0,2.049986318656724,0.0,150.0,100.0,1.994214921958725,2.0806827808682975,2.46188011269184,2.293108469625686,1.0114128298957599
2024-10-10 00:30:00,-1.95,5.14,0.42,425.7,3.62,207,94.35334777832031,5.513483472361189,1.31,1.0779707156428384,2.3829999999999996,-22.055797310802205,0.09640019138729627,263.25,-1.6730000000000005,0.0,1.9747573141019819,0.0,150.0,100.0,1.994214921958725,2.0484871426568136,2.46188011269184,2.295298925054308,1.1380920953508384
2024-10-10 00:35:00,-1.89,5.72,-0.24,432.2,3.5,198,90.88442611694336,6.028938546709528,1.31,1.35747075182532,2.394,-21.666398717618762,0.011212920752678457,251.58333333333334,-1.3660000000000005,0.0,1.9584894692401502,0.0,150.0,100.0,1.994214921958725,1.9933011504383769,2.459579401746595,2.2814382810931693,0.7507502942375597
2024-10-10 00:40:00,-1.85,5.76,-1.07,435.5,3.6,179,90.88442611694336,6.143695956018656,1.36,1.582122834895918,2.676,-21.94366810327542,-0.014266730646080462,238.91666666666666,-1.1179999999999999,5.0,1.9584894692401502,0.0,150.0,100.0,2.016658635616085,2.0197655016485365,2.459579401746595,2.2814382810931693,1.0692194253572505
2024-10-10 00:45:00,-1.52,5.91,-0.5,435.9,3.53,158,86.10769653320312,6.122785313891057,1.34,1.446957742843397,2.509,-21.809066024079566,0.0293255480870247,226.0,-1.155000000000001,10.0,1.9350419715757448,0.0,150.0,100.0,2.051656529959227,1.9494262478152165,2.426210940815643,2.2955979177199035,1.1819846517345998
2024-10-10 00:50:00,-1.29,5.86,-0.12,444.1,3.4,143,86.10769653320312,6.001508143791859,1.34,1.3599186148715643,2.4770000000000003,-21.650412622405174,0.02875417390732409,214.08333333333334,-0.7829999999999986,15.0,1.9350419715757448,0.0,150.0,100.0,2.051656529959227,2.0197655016485365,2.426210940815643,2.348036260558253,1.1819846517345998
2024-10-10 00:55:00,-2.17,5.47,-0.46,433.1,2.67,137,88.20838928222656,5.902660417133955,1.0,1.3853351129011964,2.4690000000000003,-21.521524285006326,0.020343962707272567,207.25,-1.2989999999999988,20.0,1.945509891772572,0.0,150.0,100.0,2.049986318656724,2.0806827808682975,2.4470661693367797,2.3929995212511845,1.2463082710154043
2024-10-10 01:00:00,-2.37,5.26,0.49,433.1,999.99,160,82.28868103027344,5.790043177731923,99.99,1.137535367737938,2.478,-21.446972995332448,0.02266132165441199,206.16666666666666,-1.295999999999999,0.0,1.9153401012613074,0.0,150.0,100.0,2.12909211949023,2.0533638595362085,2.4470661693367797,2.402100353979402,1.2463082710154043
2024-10-10 01:05:00,-1.61,5.63,0.43,429.8,3.51,125,87.83733367919922,5.87144786232493,1.3,1.1656840416412544,2.427,-21.294911068462206,0.007776071879745316,196.0,-1.4669999999999994,5.0,1.94367914420545,0.0,150.0,100.0,2.049986318656724,2.0533638595362085,2.413998240780241,2.409749609655635,1.0692194253572505
2024-10-10 01:10:00,-1.53,5.72,0.4,440.1,3.12,131,88.06773376464844,5.934585073954201,1.21,1.2148058629961516,2.5210000000000004,-21.369212276534995,0.01628516613765072,184.66666666666666,-0.9549999999999987,10.0,1.9448168208445096,0.0,150.0,100.0,2.049986318656724,2.0533638595362085,2.377990174794793,2.4207844170575465,0.8509365376623854
2024-10-10 01:15:00,-3.54,3.04,-1.26,399.3,2.84,122,82.14802551269531,4.833301149318135,0.91,1.334443974472066,2.371,-21.1320594070857,-0.016045194112201955,171.75,-2.9089999999999994,0.0,1.9145971293140343,0.0,150.0,100.0,2.12909211949023,2.074993981047593,2.377990174794793,2.4207844170575465,0.0
2024-10-10 01:20:00,-4.83,2.36,-1.66,416.2,3.17,104,88.06773376464844,5.626197650278561,1.1,1.8444051190457769,2.6599999999999997,-21.529664217657015,-0.04185936855669823,158.58333333333334,-2.0240000000000005,5.0,1.9448168208445096,0.0,150.0,100.0,2.049986318656724,2.136054861131216,2.329446731862106,2.4785089640457727,0.0
2024-10-10 01:25:00,-4.26,2.95,-1.49,408.1,3.21,85,91.11482620239258,5.39167877381433,1.07,1.596174550529683,2.5280000000000005,-21.55065309265268,-0.0111010014193063,145.75,-2.445999999999999,10.0,1.959589051111158,0.0,150.0,100.0,2.049986318656724,2.074993981047593,2.329446731862106,2.531981328174731,0.0
2024-10-10 01:30:00,-3.72,2.65,-1.32,417.0,3.13,98,88.06773376464844,4.754292797041428,1.09,1.4332396828409464,2.566,-21.640674231850078,-0.0640909180026025,136.66666666666666,-2.018,15.0,1.9448168208445096,0.0,150.0,100.0,1.9747573141019819,2.144278727247504,2.3183411896758424,2.544973816868443,0.0
2024-10-10 01:35:00,-3.26,-0.56,-1.85,425.1,3.42,120,96.39403915405273,3.7899472291840683,1.24,1.5765575027403809,2.8060000000000005,-22.191562272678706,-0.13962273123245303,130.16666666666666,-1.5599999999999987,20.0,1.9840501786897282,0.0,150.0,100.0,1.9584894692401502,2.213032147921598,2.3183411896758424,2.5531116516545085,0.0
2024-10-10 01:40:00,-3.4,-1.26,-2.52,426.4,3.53,170,88.31586837768555,4.415653971950247,1.29,1.7834467714485889,3.0199999999999996,-23.036901544174608,-0.11453734739416532,129.41666666666666,-1.428000000000001,25.0,1.9460387435515238,1.0,150.0,100.0,1.9584894692401502,2.144278727247504,2.33581826173384,2.5554833916615194,0.0
2024-10-10 01:45:00,-3.02,-2.03,-2.24,420.5,3.44,192,88.31586837768555,4.2730434119021075,1.22,1.5641155210443831,2.8770000000000002,-23.33693574662036,-0.007171065930157638,132.25,-1.751,30.0,1.9460387435515238,0.0,150.0,100.0,1.9350419715757448,2.144278727247504,2.381400890006091,2.5554833916615194,0.0
2024-10-10 01:50:00,-1.97,-3.76,-0.93,438.3,3.68,220,88.31586837768555,4.34550342308,1.41,1.180973127981735,2.662,-23.108612203476184,-0.05172475995932117,138.66666666666666,-0.9919999999999993,35.0,1.9460387435515238,0.0,150.0,100.0,1.9350419715757448,2.0820441924379383,2.381400890006091,2.556563224196634,0.0
2024-10-10 01:55:00,-2.47,-3.07,-2.49,434.8,3.54,260,87.9448127746582,4.661105019198774,1.34,1.6516432168604644,3.095,-23.85418334621357,-0.08752141534944116,148.91666666666666,-1.0109999999999992,40.0,1.944210228673768,1.0,150.0,100.0,1.945509891772572,2.041767751090007,2.3348750393426623,2.5554833916615194,0.0
2024-10-10 02:00:00,-3.04,-3.48,-2.05,429.2,3.77,345,87.9448127746582,5.055145893047994,1.38,1.63545393287951,2.9069999999999996,-23.983826356970596,-0.026873924136041793,164.33333333333334,-1.3350000000000004,45.0,1.944210228673768,0.0,150.0,100.0,1.9153401012613074,2.040501686069376,2.2713479833012435,2.556563224196634,0.0
2024-10-10 02:05:00,-2.67,-4.17,-2.13,429.0,3.59,391,77.57379913330078,5.390241181988056,1.32,1.6821481523158628,2.929,-24.12292258757399,-0.0007743012097773061,186.5,-1.3369999999999997,50.0,1.889715061293681,0.0,150.0,100.0,1.94367914420545,2.040501686069376,2.2818528259331146,2.5558039524002876,0.0
2024-10-10 02:10:00,-2.89,-4.18,-1.68,431.5,3.75,393,66.68660736083984,5.3522798880477085,1.4,1.5853865994108187,2.819,-23.99156936906837,0.03963099121876397,208.33333333333334,-1.257,55.0,1.8240386235223423,0.0,150.0,100.0,1.9448168208445096,2.040501686069376,2.330637169367936,2.5558039524002876,0.0
2024-10-10 02:15:00,-3.26,-3.3,-1.36,432.8,4.33,363,77.57379913330078,4.833963177352512,1.63,1.4446552334215277,2.736,-23.72661267538635,0.045216488738313035,228.41666666666666,-1.2239999999999993,60.0,1.889715061293681,0.0,150.0,100.0,1.9145971293140343,2.019286714990645,2.2952611188785426,2.5558039524002876,0.0
2024-10-10 02:20:00,-4.2,-2.41,-1.75,421.2,4.34,357,77.57379913330078,5.148844530571884,1.54,1.7214790657748793,2.7369999999999997,-23.53940448168524,-0.022581981161106414,249.5,-1.7650000000000006,65.0,1.889715061293681,0.0,150.0,100.0,1.9448168208445096,2.019286714990645,2.330637169367936,2.5558039524002876,0.0
2024-10-10 02:25:00,-3.53,-3.59,-2.59,422.1,3.83,338,66.68660736083984,5.661898974725705,1.36,1.8940791982433185,2.998,-23.952432486997413,-0.10267720500240678,270.5833333333333,-1.6359999999999988,70.0,1.8240386235223423,0.0,150.0,100.0,1.959589051111158,1.994214921958725,2.2952611188785426,2.5541973900452892,0.0
2024-10-10 02:30:00,-3.47,-3.04,-3.11,421.2,3.14,334,77.30575561523438,5.563685828657114,1.11,2.0096140019137283,3.1449999999999996,-24.566176531709306,-0.06034048574482469,290.25,-1.6290000000000007,75.0,1.8882118294795394,1.0,150.0,100.0,1.9448168208445096,1.994214921958725,2.2952611188785426,2.5744219852265844,0.0
2024-10-10 02:35:00,-4.26,-2.26,-2.54,417.5,4.5,340,70.02958297729492,5.450394481136204,1.57,1.9877802646183946,2.937,-24.55583734444566,-0.002049837346473993,308.5833333333333,-1.871,80.0,1.8452815401535192,0.0,150.0,100.0,1.9840501786897282,1.994214921958725,2.2864868992294536,2.554554905531085,0.0
2024-10-10 02:40:00,-3.33,-2.95,-2.42,422.9,4.03,385,62.68539237976074,5.0643657055943345,1.44,1.7500384778238063,2.9549999999999996,-24.586674905174046,0.10988808062639918,326.5,-1.613000000000001,85.0,1.7971663486779155,0.0,150.0,100.0,1.9460387435515238,2.016658635616085,2.272800601309819,2.5628157587230125,0.0
2024-10-10 02:45:00,-2.21,-4.13,-0.3,429.5,3.56,450,63.54973220825195,4.693719207622032,1.31,1.0810024036530688,2.385,-23.456956538181668,0.1494784272587637,348.0,-1.4949999999999999,90.0,1.8031137248235674,0.0,150.0,100.0,1.9460387435515238,2.051656529959227,2.272800601309819,2.588791501740331,0.0
2024-10-10 02:50:00,-1.55,-4.22,0.65,441.6,3.54,461,63.54973220825195,4.542400246565685,1.38,0.8502778897193092,2.611,-23.09189063258641,0.08316501232370932,368.0833333333333,-0.8549999999999986,0.0,1.8031137248235674,0.0,150.0,100.0,1.9460387435515238,2.051656529959227,2.25664996451529,2.588791501740331,0.0
2024-10-10 02:55:00,-3.02,-4.05,0.76,427.9,3.51,451,67.16075134277344,5.108864844561852,1.29,0.8914464392769554,2.5069999999999997,-22.625306414944575,0.09803352009536255,384.0,-1.529000000000001,5.0,1.8271155460454527,0.0,150.0,100.0,1.944210228673768,2.049986318656724,2.25664996451529,2.6041509922293424,0.0
2024-10-10 03:00:00,-3.81,-3.87,-0.71,420.1,3.79,452,67.16075134277344,5.476960836084188,1.34,1.3580326673665426,2.414,-22.111555431632784,0.1168243418129098,392.9166666666667,-1.9239999999999988,0.0,1.8271155460454527,0.0,150.0,100.0,1.944210228673768,2.12909211949023,2.272800601309819,2.588791501740331,0.0
2024-10-10 03:05:00,-3.87,-4.12,-0.08,423.8,3.75,507,67.16075134277344,5.6531141860040295,1.35,1.2211506073479887,2.262,-21.457062996815477,0.0438159867245318,402.5833333333333,-1.8019999999999994,5.0,1.8271155460454527,0.0,150.0,100.0,1.889715061293681,2.049986318656724,2.266512667156493,2.6041509922293424,0.0
2024-10-10 03:10:00,-4.49,-2.78,-1.55,415.1,3.72,506,90.13497543334961,5.503726010622258,1.28,1.6985703679104895,2.616,-21.673395564387466,0.0202476611383652,412.0,-2.089999999999999,10.0,1.9548933447002268,0.0,150.0,100.0,1.8240386235223423,2.049986318656724,2.187047119276446,2.6041509922293424,0.0
2024-10-10 03:15:00,-3.9,-3.37,-0.43,419.2,3.72,464,67.16075134277344,5.172214226035113,1.31,1.2213104307601765,2.3209999999999997,-21.254586385431825,0.08340335961840672,420.4166666666667,-1.9970000000000006,15.0,1.8271155460454527,0.0,150.0,100.0,1.889715061293681,2.12909211949023,2.101435995408109,2.588791501740331,0.0
2024-10-10 03:20:00,-3.39,-4.23,0.09,423.2,3.64,447,67.16075134277344,5.421540371518043,1.3,1.1227949986515113,2.259,-20.8393619682034,0.03414994527178372,427.9166666666667,-1.8310000000000006,0.0,1.8271155460454527,0.0,150.0,100.0,1.889715061293681,2.049986318656724,2.0806827808682975,2.5628157587230125,0.0
2024-10-10 03:25:00,-4.38,-3.49,-0.8,421.4,3.88,478,84.56282424926758,5.657251983074468,1.38,1.4583094669648808,2.4539999999999997,-20.913086932713988,-0.10057712076011924,439.5833333333333,-1.850000000000001,0.0,1.9271794792117374,0.0,150.0,100.0,1.8240386235223423,2.049986318656724,2.0806827808682975,2.5628157587230125,0.0
2024-10-10 03:30:00,-4.1,-2.85,-2.52,413.3,3.96,431,67.16075134277344,5.5931118351057485,1.35,1.9214337455167854,2.8890000000000002,-21.84513317580459,-0.18441555130499906,447.6666666666667,-2.0829999999999993,5.0,1.8271155460454527,0.0,150.0,100.0,1.8882118294795394,1.9747573141019819,2.0484871426568136,2.5323270603770975,0.0
2024-10-10 03:35:00,-3.91,-3.01,-2.73,418.6,4.02,429,77.99135971069336,5.63924640355429,1.41,1.973233596180054,3.0050000000000003,-22.75724244576398,-0.13361942355851858,455.0833333333333,-1.7969999999999988,10.0,1.8920464919492352,1.0,150.0,100.0,1.8452815401535192,1.9584894692401502,1.9933011504383769,2.5434190033836295,0.0
2024-10-10 03:40:00,-3.8,-3.13,-2.33,419.9,3.94,372,95.3934326171875,5.446631986833698,1.39,1.8263459492441876,2.8979999999999997,-23.181327411389777,-0.057838839398206686,454.0,-1.7720000000000011,15.0,1.979518476629743,0.0,150.0,100.0,1.7971663486779155,1.9584894692401502,2.0197655016485365,2.497809509609997,0.0
2024-10-10 03:45:00,-4.35,-2.39,-2.38,411.3,3.92,402,97.8564224243164,5.5044527430072465,1.32,1.9307491884634809,2.827,-23.335630839746045,-0.014243366425203163,450.0,-2.1969999999999996,20.0,1.9905893341525194,0.0,150.0,100.0,1.8031137248235674,1.9350419715757448,1.9494262478152165,2.4810786577133506,0.5913529579609055
2024-10-10 03:50:00,-4.55,-2.25,-2.07,414.7,4.06,442,95.3934326171875,5.48177890834718,1.4,1.906221034174847,2.768,-23.32376107564181,0.03907269937218416,448.4166666666667,-2.0580000000000007,25.0,1.979518476629743,0.0,150.0,100.0,1.8031137248235674,1.9350419715757448,2.0197655016485365,2.4810786577133506,0.0
2024-10-10 03:55:00,-4.45,-2.19,-1.63,409.6,3.67,508,85.97652816772461,5.220680032332953,1.23,1.707574977294578,2.585,-22.944903846024204,0.12434923285502322,453.1666666666667,-2.356999999999999,30.0,1.934379903818413,0.0,150.0,100.0,1.8271155460454527,1.945509891772572,2.0806827808682975,2.4746354630286684,0.0
2024-10-10 04:00:00,-4.79,-3.17,0.52,412.1,4.28,401,85.97652816772461,5.767443107651778,1.46,0.9960130620081159,2.2770000000000006,-22.080268747091576,0.02302685455311071,448.9166666666667,-2.3429999999999986,0.0,1.934379903818413,0.0,150.0,100.0,1.8271155460454527,1.9153401012613074,2.0533638595362085,2.4689239755853096,0.0
2024-10-10 04:05:00,-4.29,-2.55,2.25,423.1,4.37,382,85.97652816772461,5.474404077157622,1.57,0.3918794276350835,2.906,-22.714635300493097,-0.12766180759300597,438.5,-1.6199999999999988,5.0,1.934379903818413,0.0,150.0,100.0,1.8271155460454527,1.94367914420545,2.0533638595362085,2.4689239755853096,0.0
2024-10-10 04:10:00,-4.84,-1.66,2.75,417.0,4.49,417,71.90732192993164,5.808932776336803,1.56,0.1742663922680831,2.995,-23.356886823021636,-0.016875395169621756,431.0833333333333,-1.875,10.0,1.856773114470033,0.0,150.0,100.0,1.9548933447002268,1.9448168208445096,2.0533638595362085,2.4689239755853096,0.0
2024-10-10 04:15:00,-4.63,-3.39,1.3,415.2,4.23,345,85.97652816772461,5.883791294735054,1.46,0.7841184977541183,2.542,-22.883389252189314,0.17051951088873452,421.1666666666667,-2.1100000000000008,15.0,1.934379903818413,0.0,150.0,100.0,1.8271155460454527,1.9145971293140343,2.074993981047593,2.4666035760248217,0.0
2024-10-10 04:20:00,-4.89,-3.12,0.05,405.1,4.1,289,71.90732192993164,5.800775810182634,1.35,1.1561202766704815,2.0660000000000003,-21.65169171413429,0.15951632801314658,408.0,-2.739999999999999,20.0,1.856773114470033,0.0,150.0,100.0,1.8271155460454527,1.9448168208445096,2.136054861131216,2.4666035760248217,0.8079263881608294
2024-10-10 04:25:00,-4.41,-3.33,-0.74,412.5,3.98,254,65.40761947631836,5.57535649084433,1.35,1.39936935742424,2.347,-21.288225972057848,0.0884435653597901,389.3333333333333,-2.301,0.0,1.8156283431831455,0.0,150.0,100.0,1.9271794792117374,1.959589051111158,2.074993981047593,2.4666035760248217,0.8079263881608294
2024-10-10 04:30:00,-4.81,-3.23,-0.29,412.0,4.12,226,71.90732192993164,5.801129200422966,1.4,1.301896712038274,2.2070000000000003,-20.76725606053639,0.08710059205120473,372.25,-2.371,5.0,1.856773114470033,0.0,150.0,100.0,1.8271155460454527,1.9448168208445096,2.144278727247504,2.4666035760248217,0.8079263881608294
2024-10-10 04:35:00,-5.21,-2.78,0.49,407.2,4.03,232,66.45553207397461,5.925588578360802,1.34,0.997030362818,2.219,-20.4172200515458,0.0460679782932214,355.8333333333333,-2.5910000000000006,0.0,1.8225311395179995,0.0,150.0,100.0,1.8920464919492352,1.9840501786897282,2.213032147921598,2.4666035760248217,1.1653501111572948
2024-10-10 04:40:00,-5.05,-2.97,0.74,407.2,4.03,229,64.69974517822266,5.905167228792086,1.34,0.9116177287104027,2.294,-20.306576277604176,0.04006149162526462,343.9166666666667,-2.5660000000000007,5.0,1.8109025701909616,0.0,150.0,100.0,1.979518476629743,1.9460387435515238,2.144278727247504,2.473610422755668,1.1653501111572948
2024-10-10 04:45:00,-5.33,-1.98,-0.36,407.2,999.99,247,50.362497329711914,5.697271276672719,99.99,1.3674651776328592,2.18,-20.016605135293155,0.04659794822333829,331.0,-2.6040000000000005,0.0,1.7021072573695508,0.0,150.0,100.0,1.9905893341525194,1.9460387435515238,2.144278727247504,2.4833566794178608,0.9641547488383132
2024-10-10 04:50:00,-5.26,-2.14,0.73,397.8,4.81,229,34.91695785522461,5.72539081635481,1.52,0.771120456080423,2.197,-19.840596795370793,-0.019859530655181246,313.25,-3.0369999999999995,0.0,1.5430363987150408,0.0,150.0,100.0,1.979518476629743,1.9460387435515238,2.0820441924379383,2.4833566794178608,1.2957538896341876
2024-10-10 04:55:00,-4.59,-3.39,1.05,414.7,3.55,208,34.91695785522461,5.801956566538567,1.22,0.847096655844641,2.4619999999999997,-20.215200441844967,-0.06791320862476943,288.25,-2.1600000000000006,5.0,1.5430363987150408,0.0,150.0,100.0,1.934379903818413,1.944210228673768,2.041767751090007,2.5028949331296064,1.2957538896341876
2024-10-10 05:00:00,-4.47,-3.41,1.19,412.4,3.57,195,32.06772708892822,5.746746905859001,1.21,0.7945440087712817,2.481,-20.519728881618487,-0.005290524952777176,271.0833333333333,-2.261000000000001,10.0,1.5060681788957613,0.0,150.0,100.0,1.934379903818413,1.944210228673768,2.040501686069376,2.5028949331296064,1.2957538896341876
2024-10-10 05:05:00,-5.42,-1.91,0.7,402.4,3.74,192,34.91695785522461,5.789170925097998,1.22,0.7639680988374933,2.2339999999999995,-20.26810569137274,0.05997129401635206,255.25,-2.8100000000000014,15.0,1.5430363987150408,0.0,150.0,100.0,1.934379903818413,1.889715061293681,2.040501686069376,2.4833566794178608,1.4225308720344896
2024-10-10 05:10:00,-5.56,-1.76,0.62,395.6,3.33,199,51.410409927368164,5.8647762105642185,1.04,0.7746142826368048,2.1420000000000003,-19.920015941454967,0.04781425098384062,237.08333333333334,-3.157999999999999,20.0,1.7110510667825019,0.0,150.0,100.0,1.856773114470033,1.8240386235223423,2.040501686069376,2.4833566794178608,1.4908282155679367
2024-10-10 05:15:00,-5.33,-2.95,0.66,400.9,3.58,208,34.91695785522461,6.127560689213939,1.15,0.9600998659972207,2.207,-19.789963181534333,-0.0002465290499802819,225.66666666666666,-2.889000000000001,25.0,1.5430363987150408,0.0,150.0,100.0,1.934379903818413,1.889715061293681,2.019286714990645,2.4833566794178608,1.4225308720344896
2024-10-10 05:20:00,-5.67,-2.37,1.13,398.9,3.57,169,30.50820255279541,6.248415799224632,1.14,0.7098906264151024,2.328,-19.92248123195477,-0.047208587290243284,215.66666666666666,-2.942000000000001,30.0,1.4844166211331349,0.0,150.0,100.0,1.856773114470033,1.889715061293681,2.019286714990645,2.4771402290650877,1.4225308720344896
2024-10-10 05:25:00,-5.03,-3.01,1.61,397.3,3.53,144,49.25420570373535,6.078906151603264,1.11,0.63801937900166,2.456,-20.262049054436766,-0.060929897305967984,206.5,-2.9739999999999993,35.0,1.6924433198273696,0.0,150.0,100.0,1.8156283431831455,1.8240386235223423,1.994214921958725,2.4771402290650877,1.4908282155679367
2024-10-10 05:30:00,-5.27,-1.49,1.5,402.0,3.61,137,27.14028263092041,5.678291996718731,1.17,0.33159515241035303,2.4699999999999998,-20.53178020501445,-0.03733725235157266,199.08333333333334,-2.75,40.0,1.4336143659622604,0.0,150.0,100.0,1.856773114470033,1.8882118294795394,1.994214921958725,2.458114557735626,1.503133199421453
2024-10-10 05:35:00,-5.9,-0.83,1.49,397.7,3.53,149,27.14028263092041,6.141579601372924,1.12,0.1543620135946065,2.424,-20.635421577952492,0.002425644598675092,192.16666666666666,-2.9660000000000006,45.0,1.4336143659622604,0.0,150.0,100.0,1.8225311395179995,1.8452815401535192,1.994214921958725,2.458114557735626,1.503133199421453
2024-10-10 05:40:00,-5.62,-2.02,1.24,394.6,3.33,156,27.14028263092041,6.099377017368249,1.04,0.5738380177295893,2.318,-20.5075237590277,0.023994843315074378,186.08333333333334,-3.1459999999999986,50.0,1.4336143659622604,0.0,150.0,100.0,1.8109025701909616,1.7971663486779155,2.016658635616085,2.435248642873588,1.4908282155679367
2024-10-10 05:45:00,-5.54,-1.92,1.16,395.9,3.34,185,33.27336406707764,5.9769222849222325,1.04,0.5713158258536637,2.307,-20.39547314480175,0.014120214793041087,180.91666666666666,-3.089000000000001,55.0,1.522096711957187,0.0,150.0,100.0,1.7021072573695508,1.8031137248235674,2.051656529959227,2.435248642873588,1.503133199421453
2024-10-10 05:50:00,-5.81,-1.46,1.35,392.9,3.4,219,46.96449089050293,6.140863131514982,1.05,0.3873584307026869,2.3339999999999996,-20.366321611097288,-0.015456628155051532,180.08333333333334,-3.2200000000000015,60.0,1.6717696188126225,0.0,150.0,100.0,1.5430363987150408,1.8031137248235674,2.051656529959227,2.4211858854173096,1.5010753429041683
2024-10-10 05:55:00,-6.03,-1.42,1.64,394.9,3.38,177,34.26802444458008,6.40834612049006,1.05,0.3087486274678802,2.441,-20.550039426352264,0.009872560939635022,177.5,-3.091000000000001,65.0,1.5348890680263594,0.0,150.0,100.0,1.5430363987150408,1.8271155460454527,2.049986318656724,2.403396637687446,1.5331405006401961
2024-10-10 06:00:00,-6.3,-1.41,1.0,392.2,3.24,170,46.96449089050293,6.532847771071969,1.0,0.5399816272734892,2.222,-20.267596001700937,0.0421247166573913,175.41666666666666,-3.2900000000000005,70.0,1.6717696188126225,0.0,150.0,100.0,1.5060681788957613,1.8271155460454527,2.12909211949023,2.403396637687446,1.5331405006401961
2024-10-10 06:05:00,-6.18,-1.17,1.16,390.8,3.42,198,46.96449089050293,6.39585021713298,1.05,0.3698438799529732,2.2560000000000002,-20.12879225977835,0.06595399224392544,175.91666666666666,-3.3439999999999994,75.0,1.6717696188126225,0.0,150.0,100.0,1.5430363987150408,1.8271155460454527,2.049986318656724,2.403396637687446,1.5331405006401961
2024-10-10 06:10:00,-6.02,-2.13,0.32,392.7,3.57,239,46.96449089050293,6.3937234847935045,1.1,1.068894864867019,2.0229999999999997,-19.608056079261683,0.09260456459987516,179.25,-3.3330000000000006,80.0,1.6717696188126225,0.0,150.0,100.0,1.7110510667825019,1.9548933447002268,2.049986318656724,2.403396637687446,1.4931000718279481
2024-10-10 06:15:00,-6.12,-1.5,-0.29,391.7,3.39,191,46.96449089050293,6.307812616113449,1.05,1.4698839026224189,2.004,-19.2027466137796,0.07593174110888512,177.83333333333334,-3.3860000000000006,0.0,1.6717696188126225,0.0,150.0,100.0,1.5430363987150408,1.8271155460454527,2.12909211949023,2.440038681998794,1.585133935080368
2024-10-10 06:20:00,-5.89,-1.13,0.27,388.6,3.18,180,46.96449089050293,6.00349065127947,0.96,0.8953931060863479,1.967,-18.84873866817283,0.057730972485293464,178.75,-3.542999999999999,0.0,1.6717696188126225,0.0,150.0,100.0,1.4844166211331349,1.8271155460454527,2.049986318656724,2.459579401746595,1.4931000718279481
2024-10-10 06:25:00,-5.67,-2.65,0.08,396.0,3.5,172,46.96449089050293,6.259217203452841,1.1,1.2019284580984309,1.984,-18.625436888926664,-0.022684975945985286,181.08333333333334,-3.192,5.0,1.6717696188126225,0.0,150.0,100.0,1.6924433198273696,1.9271794792117374,2.049986318656724,2.46188011269184,1.3313217568026126
2024-10-10 06:30:00,-5.07,-3.42,1.15,397.5,3.57,167,49.26628303527832,6.222845008514995,1.13,0.842599343881358,2.3200000000000003,-19.075588427632685,-0.13369050932676174,183.58333333333334,-3.01,10.0,1.6925497975466466,0.0,150.0,100.0,1.4336143659622604,1.8271155460454527,1.9747573141019819,2.46188011269184,1.089309475740906
2024-10-10 06:35:00,-4.71,-2.9,2.11,397.8,4.64,153,52.06840896606445,5.919983108084009,1.47,0.4847262967560738,2.611,-19.962341982194282,-0.1490205455551191,183.91666666666666,-2.8989999999999996,15.0,1.7165743073124202,0.0,150.0,100.0,1.4336143659622604,1.8920464919492352,1.9584894692401502,2.459579401746595,1.1494968709473783
2024-10-10 06:40:00,-5.41,-2.18,2.22,393.0,3.24,162,61.217857360839844,6.240905383035382,1.0,0.3513390147488185,2.596,-20.565793883183876,-0.180411126677674,184.41666666666666,-3.128,20.0,1.7868781251200505,0.0,150.0,100.0,1.4336143659622604,1.979518476629743,1.9584894692401502,2.459579401746595,1.3313217568026126
2024-10-10 06:45:00,-4.65,-1.58,2.97,407.8,4.34,167,71.23515701293945,5.739320517273801,1.44,0.13709897631761728,2.9690000000000003,-21.766453248971022,-0.21095386194868979,182.91666666666666,-2.3129999999999993,25.0,1.8526943858887426,0.0,150.0,100.0,1.522096711957187,1.9905893341525194,1.9350419715757448,2.426210940815643,1.1494968709473783
2024-10-10 06:50:00,-4.87,-1.14,3.33,399.4,4.35,129,71.23515701293945,6.008776913815323,1.39,0.0646831298024387,2.993,-22.675332502670773,-0.16031049400476932,175.41666666666666,-2.697000000000001,30.0,1.8526943858887426,0.0,150.0,100.0,1.6717696188126225,1.979518476629743,1.9350419715757448,2.426210940815643,1.3313217568026126
2024-10-10 06:55:00,-4.76,-1.06,3.29,402.7,3.86,99,71.23515701293945,5.882626964205702,1.25,0.0570704278953095,3.014,-23.369558189018715,-0.05783735463859117,168.91666666666666,-2.5360000000000005,35.0,1.8526943858887426,1.0,150.0,100.0,1.5348890680263594,1.934379903818413,1.945509891772572,2.4470661693367797,1.1494968709473783
2024-10-10 07:00:00,-5.14,-1.09,2.54,396.0,3.04,93,61.217857360839844,5.836034612645816,0.95,0.093647096783744,2.722,-23.253706049056685,0.05578967804533121,162.5,-2.946,40.0,1.7868781251200505,0.0,150.0,100.0,1.6717696188126225,1.934379903818413,1.9153401012613074,2.4470661693367797,1.0649815662164972
2024-10-10 07:05:00,-5.31,-0.21,1.86,398.5,3.92,102,57.5584774017334,5.630257542954851,1.25,0.007082414665707478,2.543,-22.811661408565403,0.0980161987369371,154.5,-2.8890000000000002,45.0,1.760109296995433,0.0,150.0,100.0,1.6717696188126225,1.934379903818413,1.94367914420545,2.413998240780241,1.0649815662164972
2024-10-10 07:10:00,-5.42,-0.4,1.7,391.9,3.63,96,52.06840896606445,5.694418319723271,1.12,0.02966168898357377,2.429,-22.273544061687314,-0.030962402599674022,142.58333333333334,-3.235000000000001,50.0,1.7165743073124202,0.0,150.0,100.0,1.6717696188126225,1.856773114470033,1.9448168208445096,2.377990174794793,0.9906990431435584
2024-10-10 07:15:00,-3.91,-1.17,3.71,391.9,999.99,101,57.5584774017334,5.515532612540697,99.99,0.05004051025786794,3.032,-23.121285434562143,-0.23519679593105813,135.08333333333334,-3.034000000000001,55.0,1.760109296995433,1.0,150.0,100.0,1.6717696188126225,1.934379903818413,1.9145971293140343,2.377990174794793,0.9906990431435584
2024-10-10 07:20:00,-3.39,-0.61,4.38,412.2,2.92,121,67.76424980163574,5.572127062442133,0.99,0.010977874571748461,3.436,-24.625512020997895,-0.22878839086665756,130.16666666666666,-1.9520000000000006,60.0,1.8310006347418266,1.0,150.0,100.0,1.6717696188126225,1.856773114470033,1.9448168208445096,2.329446731862106,0.9288190534980064
2024-10-10 07:25:00,-4.0,-0.59,4.08,408.4,3.95,113,75.02458572387695,5.74408391303609,1.32,0.012074894720827966,3.308,-25.40916934322872,-0.09811908365909154,125.25,-2.172000000000001,65.0,1.8752036059851813,1.0,150.0,100.0,1.6717696188126225,1.8156283431831455,1.959589051111158,2.329446731862106,1.0649815662164972
2024-10-10 07:30:00,-4.53,0.93,3.48,410.1,3.33,102,83.98194122314453,5.787590172083715,1.12,0.040234738950304,3.1450000000000005,-25.60670285758881,-0.024460873061298828,119.83333333333333,-2.146999999999999,70.0,1.9241859090344302,1.0,150.0,100.0,1.6925497975466466,1.856773114470033,1.9448168208445096,2.3183411896758424,1.0649815662164972
2024-10-10 07:35:00,-4.24,1.1,3.56,403.4,3.8,89,85.48936080932617,5.644572614467813,1.24,0.05074320897887707,3.102,-25.653778073841707,-0.051221095508773115,114.5,-2.474000000000001,75.0,1.9319120699409922,1.0,150.0,100.0,1.7165743073124202,1.8225311395179995,1.9840501786897282,2.3183411896758424,1.2321505732776203
2024-10-10 07:40:00,-3.42,1.0,4.21,403.4,999.99,72,78.61065673828125,5.5154782204265835,99.99,0.03011455370366693,3.2969999999999997,-26.118913812676542,-0.05170476824367185,107.0,-2.4090000000000007,80.0,1.895481424524286,1.0,150.0,100.0,1.7868781251200505,1.8109025701909616,1.9460387435515238,2.33581826173384,0.9651060563413284
2024-10-10 07:45:00,-3.92,0.39,3.79,403.4,999.99,82,79.49077606201172,5.4664979648765994,99.99,0.005791665742543212,3.171,-26.170825756278425,-0.008458643363717756,99.91666666666667,-2.451000000000001,85.0,1.9003167369862937,1.0,150.0,100.0,1.8526943858887426,1.7021072573695508,1.9460387435515238,2.381400890006091,0.8076796802499835
2024-10-10 07:50:00,-3.85,0.48,3.79,403.2,3.34,93,76.01142883300781,5.423744094258136,1.09,0.00866517304214066,3.169,-26.20350024631372,0.026610406483186466,96.91666666666667,-2.4610000000000007,90.0,1.8808788963063814,1.0,150.0,100.0,1.8526943858887426,1.5430363987150408,1.9460387435515238,2.381400890006091,0.5256202717219309
2024-10-10 07:55:00,-3.59,1.74,3.0,412.1,3.18,87,76.01142883300781,4.991562881503147,1.08,0.13881697826862163,3.0210000000000004,-25.90472169144656,0.1093967032184235,95.91666666666667,-2.094999999999999,95.0,1.8808788963063814,1.0,150.0,100.0,1.8526943858887426,1.5430363987150408,1.944210228673768,2.3348750393426623,0.8076796802499835
2024-10-10 08:00:00,-3.89,0.6,2.31,405.1,3.59,76,79.49077606201172,4.563792282740309,1.18,0.029688180629463032,2.744,-25.109533214129485,0.11772309043048104,94.5,-2.513999999999999,100.0,1.9003167369862937,0.0,150.0,100.0,1.7868781251200505,1.5060681788957613,1.944210228673768,2.2713479833012435,0.888967788805995
2024-10-10 08:05:00,-3.53,-1.2,2.28,415.0,4.18,77,89.26443099975586,4.3702745909153125,1.44,0.10435983598478836,2.8339999999999996,-24.72749078714175,0.041725098648742784,92.41666666666667,-2.0220000000000002,105.0,1.9506784409963418,0.0,150.0,100.0,1.760109296995433,1.5430363987150408,1.889715061293681,2.2818528259331146,0.888967788805995
2024-10-10 08:10:00,-2.3,-0.97,2.39,423.0,3.99,71,89.26443099975586,3.4558645806802093,1.43,0.053654109985457214,2.947,-24.692282227642057,-0.06866797784741792,90.33333333333333,-1.6109999999999998,110.0,1.9506784409963418,0.0,150.0,100.0,1.7165743073124202,1.7110510667825019,1.8240386235223423,2.330637169367936,0.888967788805995
2024-10-10 08:15:00,-1.02,-0.63,3.53,423.0,999.99,81,89.26443099975586,3.728028969844521,99.99,0.01226492956777074,3.2889999999999997,-25.41417056561593,0.08239476191958346,88.66666666666667,-1.4969999999999999,115.0,1.9506784409963418,1.0,150.0,100.0,1.760109296995433,1.5430363987150408,1.889715061293681,2.2952611188785426,0.888967788805995
2024-10-10 08:20:00,-4.62,0.36,-0.2,423.0,999.99,75,79.49077606201172,4.638318660894268,99.99,1.4574222475300842,2.29,-23.868334608446222,0.28241720052336844,84.83333333333333,-1.8299999999999998,0.0,1.9003167369862937,0.0,150.0,100.0,1.8310006347418266,1.4844166211331349,1.889715061293681,2.330637169367936,0.951506934485483
2024-10-10 08:25:00,-4.37,-1.18,-0.54,403.4,3.9,97,79.49077606201172,4.558607243446182,1.27,1.3020850225983682,2.1959999999999997,-22.589998560382245,0.19646844333972738,83.5,-2.776000000000001,5.0,1.9003167369862937,0.0,150.0,100.0,1.8752036059851813,1.6924433198273696,1.8240386235223423,2.2952611188785426,0.951506934485483
2024-10-10 08:30:00,-4.14,1.67,0.88,405.4,4.23,121,79.49077606201172,4.550043955831636,1.39,0.4923361226358199,2.3179999999999996,-21.90365017504895,0.1602469134084906,85.08333333333333,-2.6420000000000012,0.0,1.9003167369862937,0.0,150.0,100.0,1.9241859090344302,1.4336143659622604,1.8882118294795394,2.2952611188785426,0.951506934485483
2024-10-10 08:35:00,-4.06,2.06,0.26,400.8,3.64,124,79.49077606201172,4.560131577049066,1.18,0.7994178765494958,2.086,-20.98752942629734,0.04469123568817146,88.0,-2.9339999999999997,5.0,1.9003167369862937,0.0,150.0,100.0,1.9319120699409922,1.4336143659622604,1.8452815401535192,2.2864868992294536,0.951506934485483
2024-10-10 08:40:00,-3.28,1.82,1.81,413.2,3.45,90,87.83524322509766,4.1649609842110165,1.19,0.25370751051251816,2.675,-21.456737818167234,-0.06417041093409352,89.5,-2.1590000000000007,10.0,1.9436688082418407,0.0,150.0,100.0,1.895481424524286,1.4336143659622604,1.7971663486779155,2.272800601309819,1.0933471639216028
2024-10-10 08:45:00,-4.6,1.49,1.93,401.5,3.56,123,107.75791931152344,5.206246248498048,1.15,0.21785657278020915,2.5940000000000003,-21.629233535638274,-0.039581492381388014,92.91666666666667,-2.7319999999999998,15.0,2.0324491970407648,0.0,150.0,100.0,1.9003167369862937,1.522096711957187,1.8031137248235674,2.272800601309819,1.0933471639216028
2024-10-10 08:50:00,-5.0,0.81,2.19,398.7,4.2,142,118.02251052856445,5.518351203031572,1.34,0.0683111592613139,2.6439999999999997,-21.852552741981114,-0.07843456071946235,97.0,-2.8460000000000005,20.0,2.0719648485431583,0.0,150.0,100.0,1.8808788963063814,1.6717696188126225,1.8031137248235674,2.25664996451529,1.2693368371705724
2024-10-10 08:55:00,-4.68,0.23,2.84,398.8,3.68,129,126.19197845458984,5.47913314311671,1.18,0.0035653000723963038,2.8400000000000003,-22.413579142832898,-0.082289628987861,100.5,-2.776,25.0,2.1010317493326096,0.0,150.0,100.0,1.8808788963063814,1.5348890680263594,1.8271155460454527,2.25664996451529,1.4749575639042933
2024-10-10 09:00:00,-4.67,0.8,2.64,398.1,3.54,122,139.41910552978516,5.4238823733558235,1.12,0.04639747520903644,2.7730000000000006,-22.675449031859724,-0.035045981242176796,104.33333333333333,-2.8309999999999986,30.0,2.1443222921092486,0.0,150.0,100.0,1.9003167369862937,1.6717696188126225,1.8271155460454527,2.272800601309819,1.6650272101837957
2024-10-10 09:05:00,-4.8,0.57,2.48,398.1,999.99,98,139.41910552978516,5.432798542187995,99.99,0.027478863960585985,2.7250000000000005,-22.764038955254666,-0.02482684319981381,106.08333333333333,-2.8469999999999986,35.0,2.1443222921092486,0.0,150.0,100.0,1.9506784409963418,1.6717696188126225,1.8271155460454527,2.266512667156493,1.5833523507678797
2024-10-10 09:10:00,-4.69,0.59,2.58,399.8,3.09,87,147.1996841430664,5.385220515447813,0.99,0.027090208187097727,2.7720000000000002,-22.923717463857862,0.06257845275785918,107.41666666666667,-2.7519999999999993,40.0,2.1679068781056205,0.0,150.0,100.0,1.9506784409963418,1.6717696188126225,1.9548933447002268,2.187047119276446,1.751973039341691
2024-10-10 09:15:00,-4.72,2.04,1.03,400.7,3.41,81,147.1996841430664,5.244130051781706,1.1,0.5771169518012882,2.316,-22.138254427676074,0.19781875000446866,107.41666666666667,-2.8620000000000005,45.0,2.1679068781056205,0.0,150.0,100.0,1.9506784409963418,1.6717696188126225,1.8271155460454527,2.101435995408109,1.7948431563124985
2024-10-10 09:20:00,-5.06,2.52,-0.12,393.1,3.04,73,147.1996841430664,5.654060487826426,0.94,1.164165005263694,1.9670000000000003,-20.945529963813176,0.17848970722038118,107.25,-3.332999999999999,0.0,2.1679068781056205,0.0,150.0,100.0,1.9003167369862937,1.6717696188126225,1.8271155460454527,2.0806827808682975,1.7948431563124985
2024-10-10 09:25:00,-5.0,2.93,-0.63,392.5,3.25,53,147.1996841430664,5.829391048814619,1.0,1.3845050541232957,2.114,-20.353357355472262,0.13302245518941014,103.58333333333333,-3.312,5.0,2.1679068781056205,0.0,150.0,100.0,1.9003167369862937,1.6717696188126225,1.9271794792117374,2.0806827808682975,1.7822174718015291
2024-10-10 09:30:00,-5.1,2.88,-0.07,391.4,3.86,53,139.41910552978516,5.857414105217421,1.18,1.174149074009019,1.9349999999999996,-19.615305411919074,0.08359952578448641,97.91666666666667,-3.423000000000001,10.0,2.1443222921092486,0.0,150.0,100.0,1.9003167369862937,1.6925497975466466,1.8271155460454527,2.0484871426568136,1.8461349143874521
2024-10-10 09:35:00,-5.18,3.01,-0.71,396.4,3.19,49,132.7184066772461,6.032959472762933,1.0,1.4702488330082892,2.1769999999999996,-19.517362097627398,0.03518969592337982,91.66666666666667,-3.109000000000001,15.0,2.1229311592170763,0.0,150.0,100.0,1.9003167369862937,1.7165743073124202,1.8920464919492352,1.9933011504383769,1.8082552301193198
2024-10-10 09:40:00,-5.72,2.08,-0.63,388.6,4.54,62,132.7184066772461,6.1189623303302,1.37,1.5335565096917636,2.075,-19.263408452685276,-0.0055475564345673686,89.33333333333333,-3.506999999999999,20.0,2.1229311592170763,0.0,150.0,100.0,1.9436688082418407,1.7868781251200505,1.979518476629743,2.0197655016485365,1.9529928115806803
2024-10-10 09:45:00,-5.06,2.35,-1.23,397.3,4.02,78,132.7184066772461,5.713055224658693,1.26,1.6611794379818052,2.342,-19.57283766197307,-0.09467198755079664,85.58333333333333,-3.0119999999999996,25.0,2.1229311592170763,0.0,150.0,100.0,2.0324491970407648,1.8526943858887426,1.9905893341525194,1.9494262478152165,2.0604492783470056
2024-10-10 09:50:00,-3.84,3.23,-1.92,398.1,3.56,95,114.9373893737793,5.372606443803603,1.13,1.615856524474212,2.5570000000000004,-20.210128328193242,-0.05970662614122446,81.66666666666667,-2.9029999999999987,30.0,2.060461328577756,0.0,150.0,100.0,2.0719648485431583,1.8526943858887426,1.979518476629743,2.0197655016485365,2.0604492783470056
2024-10-10 09:55:00,-3.92,3.42,-1.23,393.1,2.81,101,100.17052841186523,5.3456243788728735,0.86,1.4062619567302175,2.3000000000000003,-20.169903923385316,-0.050990588069491236,79.33333333333333,-3.2219999999999986,35.0,2.000739964736916,0.0,150.0,100.0,2.1010317493326096,1.8526943858887426,1.934379903818413,2.0806827808682975,2.0604492783470056
2024-10-10 10:00:00,-4.64,-0.88,-2.05,398.4,3.4,110,94.9048080444336,5.148446367594791,1.08,1.9679806140554503,2.5989999999999998,-20.720034208888155,-0.11180468016869724,78.33333333333333,-2.875000000000001,40.0,1.977288215106658,0.0,150.0,100.0,2.1443222921092486,1.7868781251200505,1.934379903818413,2.0533638595362085,2.0604492783470056
2024-10-10 10:05:00,-4.03,-0.29,-2.37,397.5,3.52,105,91.11807632446289,4.68421818449995,1.11,1.8550843390021794,2.686,-21.28795072507229,-0.08827117078159859,78.91666666666667,-2.888,45.0,1.9596045423870059,0.0,150.0,100.0,2.1443222921092486,1.760109296995433,1.934379903818413,2.0533638595362085,2.0604492783470056
2024-10-10 10:10:00,-3.91,-0.49,-2.21,397.8,3.94,89,91.11807632446289,4.517997343956723,1.25,1.7759536352977023,2.641,-21.60274591670414,-0.05476941797691097,79.08333333333333,-2.8889999999999993,50.0,1.9596045423870059,0.0,150.0,100.0,2.1679068781056205,1.7165743073124202,1.856773114470033,2.0533638595362085,2.0174346969228956
2024-10-10 10:15:00,-4.22,-0.53,-2.26,396.7,3.9,64,91.11807632446289,4.81631601953194,1.23,1.8853992162221358,2.6449999999999996,-21.8356449048414,-0.08677584161870655,77.66666666666667,-2.9390000000000005,55.0,1.9596045423870059,0.0,150.0,100.0,2.1679068781056205,1.760109296995433,1.934379903818413,2.074993981047593,1.9666299614090164
2024-10-10 10:20:00,-4.03,-0.47,-2.98,397.9,3.72,86,96.38379669189453,5.034103693806873,1.18,1.9908409448659905,2.8729999999999998,-22.470504332891206,-0.16654309913187398,78.75,-2.8070000000000013,60.0,1.9840040297662165,0.0,150.0,100.0,2.1679068781056205,1.8310006347418266,1.856773114470033,2.136054861131216,1.8869896221764484
2024-10-10 10:25:00,-3.83,0.14,-3.7,403.2,4.15,123,118.89106750488281,5.327147454313613,1.35,2.147137887842789,3.1420000000000003,-23.50107589616014,-0.15772312750649853,84.58333333333333,-2.4700000000000006,65.0,2.0751492265357148,1.0,150.0,100.0,2.1679068781056205,1.8752036059851813,1.8156283431831455,2.074993981047593,1.8869896221764484
2024-10-10 10:30:00,-4.19,1.19,-3.18,410.1,4.47,115,138.29161071777344,5.393013999610979,1.5,2.1415329014762303,3.0550000000000006,-24.04773560795619,-0.03911791727968996,89.75,-2.1769999999999987,70.0,2.14079583499371,1.0,150.0,100.0,2.1443222921092486,1.9241859090344302,1.856773114470033,2.144278727247504,1.8869896221764484
2024-10-10 10:35:00,-4.7,0.79,-2.82,395.1,4.57,103,152.090087890625,5.537734193693302,1.42,2.1474033752240076,2.797,-23.892255068957038,0.05807504238474408,94.25,-2.9629999999999987,75.0,2.1821009108664158,0.0,150.0,100.0,2.1229311592170763,1.9319120699409922,1.8225311395179995,2.213032147921598,1.8869896221764484
2024-10-10 10:40:00,-4.69,0.57,-2.22,397.7,4.27,119,152.090087890625,5.220095784561813,1.35,2.0434208146362174,2.643,-23.46698518410875,0.08490257759585482,99.0,-2.8930000000000007,80.0,2.1821009108664158,0.0,150.0,100.0,2.1229311592170763,1.895481424524286,1.8109025701909616,2.144278727247504,1.848484919653158
2024-10-10 10:45:00,-4.92,0.23,-2.06,396.5,4.52,119,152.090087890625,5.338810728991992,1.42,2.110302460846045,2.583,-23.04322929299849,0.00222680599508287,102.41666666666667,-2.969,85.0,2.1821009108664158,0.0,150.0,100.0,2.1229311592170763,1.9003167369862937,1.7021072573695508,2.144278727247504,1.848484919653158
2024-10-10 10:50:00,-4.33,-0.11,-3.06,400.8,4.36,158,152.090087890625,5.303263146403354,1.4,2.1248618554298595,2.926,-23.444717124157922,-0.016864259506915856,107.66666666666667,-2.6539999999999995,90.0,2.1821009108664158,0.0,150.0,100.0,2.060461328577756,1.8808788963063814,1.5430363987150408,2.0820441924379383,1.8256994964932944
2024-10-10 10:55:00,-4.61,-0.54,-2.66,387.7,4.9,196,164.26448822021484,5.349700926220082,1.47,2.053348393591196,2.675,-23.21187188806765,0.047176216165576434,115.58333333333333,-3.3490000000000006,95.0,2.2155436849386554,0.0,150.0,100.0,2.000739964736916,1.8808788963063814,1.5430363987150408,2.041767751090007,1.8256994964932944
2024-10-10 11:00:00,-4.83,-0.47,-2.3,394.9,4.21,204,164.26448822021484,5.37027001183367,1.31,2.0992504479631635,2.639,-22.972954962502158,0.13053105192638945,123.41666666666667,-3.0250000000000012,100.0,2.2155436849386554,0.0,150.0,100.0,1.977288215106658,1.9003167369862937,1.5060681788957613,2.040501686069376,1.8256994964932944
2024-10-10 11:05:00,-4.64,1.6,-0.44,404.0,4.89,279,164.26448822021484,4.927798697187213,1.61,1.2593561666913478,2.172,-21.906561368803754,0.16809028247978972,137.91666666666666,-2.756,105.0,2.2155436849386554,0.0,150.0,100.0,1.9596045423870059,1.9506784409963418,1.5430363987150408,2.040501686069376,1.8256994964932944
2024-10-10 11:10:00,-4.58,1.68,-0.93,397.3,4.68,298,172.5138168334961,4.966256135158556,1.47,1.464347056747364,2.2520000000000002,-21.29205213770426,0.1425248355476519,155.33333333333334,-3.0419999999999994,110.0,2.2368238839556223,0.0,150.0,100.0,1.9596045423870059,1.9506784409963418,1.7110510667825019,2.040501686069376,1.8629072830465143
2024-10-10 11:15:00,-5.25,1.32,0.58,387.3,4.51,248,164.26448822021484,5.444382425950624,1.35,0.6301856221055271,2.047,-20.481313013327235,0.12016173094637103,170.66666666666666,-3.5769999999999995,0.0,2.2155436849386554,0.0,150.0,100.0,1.9596045423870059,1.9506784409963418,1.5430363987150408,2.019286714990645,1.8881182966511603
2024-10-10 11:20:00,-5.1,1.92,0.67,395.1,3.82,182,171.73941040039062,5.490473567917434,1.19,0.7272812499222056,2.152,-20.09043482824055,0.043061123447515115,178.66666666666666,-3.1779999999999986,5.0,2.2348699675862473,0.0,150.0,100.0,1.9840040297662165,1.9003167369862937,1.4844166211331349,2.019286714990645,1.9796340736581048
2024-10-10 11:25:00,-4.43,0.96,-1.02,397.6,4.42,239,171.73941040039062,4.6461704660935546,1.4,1.596266938991817,2.282,-20.050701778852083,0.04335839702896891,188.33333333333334,-3.017999999999999,0.0,2.2348699675862473,0.0,150.0,100.0,2.0751492265357148,1.9003167369862937,1.6924433198273696,1.994214921958725,2.047583261029121
2024-10-10 11:30:00,-4.58,0.82,-0.58,390.8,4.2,361,181.06671142578125,4.688837809095128,1.28,1.4452714542846237,2.0820000000000003,-19.65685085795086,-0.026106601328822875,208.83333333333334,-3.4019999999999997,5.0,2.2578386139090094,0.0,150.0,100.0,2.14079583499371,1.9003167369862937,1.4336143659622604,1.994214921958725,2.047583261029121
2024-10-10 11:35:00,-4.63,1.79,-2.1,394.8,4.17,351,171.73941040039062,5.3898979582177615,1.3,1.8736911364284108,2.5780000000000003,-20.311767792140312,-0.1535861109272389,229.5,-3.0499999999999994,10.0,2.2348699675862473,0.0,150.0,100.0,2.1821009108664158,1.9003167369862937,1.4336143659622604,1.994214921958725,2.062833600930816
2024-10-10 11:40:00,-4.95,1.69,-2.78,394.8,999.99,363,171.73941040039062,5.9234280615197825,99.99,2.16843285043421,2.782,-21.19271196722325,-0.14648821856886124,249.83333333333334,-2.9819999999999993,15.0,2.2348699675862473,0.0,150.0,100.0,2.1821009108664158,1.9436688082418407,1.4336143659622604,2.016658635616085,2.089540834471414
2024-10-10 11:45:00,-3.19,2.16,-2.27,407.9,4.86,313,181.06671142578125,4.471532175887813,1.61,1.57263711333985,2.76,-21.776649977828924,-0.1031908786307266,266.0,-2.3780000000000014,20.0,2.2578386139090094,0.0,150.0,100.0,2.1821009108664158,2.0324491970407648,1.522096711957187,2.051656529959227,2.089540834471414
2024-10-10 11:50:00,-3.61,1.78,-2.39,405.8,4.36,237,183.55457305908203,4.681089616745229,1.44,1.7115355960091563,2.7750000000000004,-22.224620753530516,-0.13744774998931,272.5833333333333,-2.4709999999999996,25.0,2.263765208941255,0.0,150.0,100.0,2.1821009108664158,2.0719648485431583,1.6717696188126225,2.051656529959227,2.1078287856473903
2024-10-10 11:55:00,-3.71,0.24,-3.26,408.4,3.8,248,183.55457305908203,4.9446233425813135,1.27,2.0166590554882675,3.0619999999999994,-23.151127477722024,-0.17013479525363487,276.9166666666667,-2.254000000000001,30.0,2.263765208941255,1.0,150.0,100.0,2.2155436849386554,2.1010317493326096,1.5348890680263594,2.049986318656724,2.1078287856473903
2024-10-10 12:00:00,-3.67,-0.06,-3.53,405.5,3.85,288,188.3268814086914,5.09248465878887,1.27,2.0648534147348694,3.114,-23.925968706066865,-0.26732123889743453,283.9166666666667,-2.372,35.0,2.2749123147815453,1.0,150.0,100.0,2.2155436849386554,2.1443222921092486,1.6717696188126225,2.12909211949023,2.142417595720861
2024-10-10 12:05:00,-2.4,-0.35,-5.32,410.7,3.79,325,192.8161392211914,5.84678544159096,1.28,2.398684852933887,3.703,-25.82433986669637,-0.3734424231078357,287.75,-1.9330000000000007,40.0,2.285143382685869,1.0,150.0,100.0,2.2155436849386554,2.1443222921092486,1.6717696188126225,2.049986318656724,2.1898649843384006
2024-10-10 12:10:00,-1.78,-0.2,-5.85,414.7,3.76,464,209.81880950927734,6.118079764108996,1.29,2.5364269532962127,3.9019999999999997,-27.66039293714522,-0.28300762138855334,301.5833333333333,-1.6800000000000006,45.0,2.321844418556875,1.0,150.0,100.0,2.2368238839556223,2.1679068781056205,1.6717696188126225,2.049986318656724,2.2260882778904865
2024-10-10 12:15:00,-2.95,-0.3,-5.45,413.6,3.68,626,217.22371673583984,6.2044338984310246,1.26,2.5642143745037544,3.771,-28.654416080581903,-0.11599811575918047,333.0833333333333,-1.774999999999999,50.0,2.3369072402777578,1.0,150.0,100.0,2.2155436849386554,2.1679068781056205,1.6717696188126225,2.12909211949023,2.2483213711849626
2024-10-10 12:20:00,-4.02,-1.24,-5.29,395.4,3.98,729,217.22371673583984,6.758853453064358,1.24,2.6371875635640976,3.5409999999999995,-28.820374094737026,-0.05875389665679727,378.6666666666667,-2.7010000000000014,55.0,2.3369072402777578,1.0,150.0,100.0,2.2348699675862473,2.1679068781056205,1.6717696188126225,2.049986318656724,2.26598868404826
2024-10-10 12:25:00,-3.75,-0.57,-5.72,395.4,999.99,675,205.62904357910156,6.863366520884631,99.99,2.7070878089491885,3.67,-29.241955047149876,-0.007418532461757721,415.0,-2.6580000000000013,60.0,2.313084455533925,1.0,150.0,100.0,2.2348699675862473,2.1679068781056205,1.6717696188126225,2.049986318656724,2.293108469625686
2024-10-10 12:30:00,-4.81,-1.3,-4.56,402.3,4.06,699,217.22371673583984,6.754235708057574,1.31,2.665170928656238,3.391,-28.894559419354604,0.058641977774365014,443.1666666666667,-2.4289999999999994,65.0,2.3369072402777578,1.0,150.0,100.0,2.2578386139090094,2.1443222921092486,1.6925497975466466,1.9747573141019819,2.295298925054308
2024-10-10 12:35:00,-5.1,-1.3,-4.79,395.8,4.02,682,231.06742095947266,7.116466819988694,1.26,2.7675300700873744,3.3950000000000005,-28.655535269406226,0.09052503842518825,470.75,-2.7309999999999994,70.0,2.3637387170285153,1.0,150.0,100.0,2.2348699675862473,2.1229311592170763,1.7165743073124202,1.9584894692401502,2.2814382810931693
2024-10-10 12:40:00,-5.8,-1.18,-4.33,387.5,4.12,740,244.1714630126953,7.333573480916381,1.24,2.791766382856242,3.174,-27.98930903510272,0.004034777758270635,502.1666666666667,-3.192,75.0,2.3876949053897114,1.0,150.0,100.0,2.2348699675862473,2.1229311592170763,1.7868781251200505,1.9584894692401502,2.2814382810931693
2024-10-10 12:45:00,-4.18,-0.71,-5.15,411.1,3.46,777,244.1714630126953,6.670757078473177,1.16,2.7295004777062344,3.6560000000000006,-28.61518749182352,-0.09879839859986887,540.8333333333334,-1.9299999999999988,80.0,2.3876949053897114,1.0,150.0,100.0,2.2578386139090094,2.1229311592170763,1.8526943858887426,1.9350419715757448,2.2955979177199035
2024-10-10 12:50:00,-4.73,-1.54,-5.03,411.1,999.99,917,247.9270782470703,7.074277348252612,99.99,2.8445292069330748,3.62,-28.97729302110141,-0.0038017415615112073,597.5,-1.9419999999999988,85.0,2.394323962391287,1.0,150.0,100.0,2.263765208941255,2.060461328577756,1.8526943858887426,1.9350419715757448,2.348036260558253
2024-10-10 12:55:00,-5.29,-2.56,-4.19,411.1,999.99,998,255.2923812866211,7.217603480380451,99.99,2.7495635704672896,3.3680000000000003,-28.65320490743863,0.2840177123007642,660.0,-2.025999999999999,90.0,2.407037854308555,1.0,150.0,100.0,2.263765208941255,2.000739964736916,1.8526943858887426,1.945509891772572,2.3929995212511845
2024-10-10 13:00:00,-6.84,-0.28,-1.65,377.1,4.33,939,255.2923812866211,7.041768243843303,1.23,2.636736736122717,2.266,-26.137115898093768,0.3516167389538204,714.25,-3.9799999999999986,95.0,2.407037854308555,0.0,150.0,100.0,2.2749123147815453,1.977288215106658,1.7868781251200505,1.9153401012613074,2.402100353979402
2024-10-10 13:05:00,-6.8,-0.82,-2.81,383.3,4.42,972,255.2923812866211,7.403276301746409,1.3,2.780867990292882,2.676,-25.137037517900428,0.10392319567363195,768.1666666666666,-3.5539999999999994,100.0,2.407037854308555,0.0,150.0,100.0,2.285143382685869,1.9596045423870059,1.760109296995433,1.94367914420545,2.409749609655635
2024-10-10 13:10:00,-6.86,0.58,-3.88,383.6,4.44,897,255.2923812866211,7.902556548358259,1.31,3.014764572780913,3.0,-25.09788394135745,0.0717995283908703,804.25,-3.431999999999999,105.0,2.407037854308555,1.0,150.0,100.0,2.321844418556875,1.9596045423870059,1.7165743073124202,1.9448168208445096,2.4207844170575465
2024-10-10 13:15:00,-5.86,3.26,-2.3,399.8,4.81,934,268.80079650878906,7.089231270032034,1.54,2.2340976845214247,2.688,-24.419042233991725,0.14597565071462776,829.9166666666666,-2.7799999999999994,110.0,2.429430551282306,0.0,150.0,100.0,2.3369072402777578,1.9596045423870059,1.760109296995433,1.9145971293140343,2.4207844170575465
2024-10-10 13:20:00,-6.39,1.57,-2.05,392.5,4.95,946,278.820068359375,6.891988102137147,1.52,2.4263684658494507,2.54,-23.63812743421117,0.1802443591712528,848.0,-3.17,115.0,2.4453240293401524,0.0,150.0,100.0,2.3369072402777578,1.9840040297662165,1.8310006347418266,1.9448168208445096,2.4785089640457727
2024-10-10 13:25:00,-6.88,2.18,-1.51,384.6,4.62,920,337.3731689453125,7.37339134998272,1.37,2.225265791567035,2.2990000000000004,-22.616598642279197,0.19165180279184071,868.4166666666666,-3.618999999999999,120.0,2.5281105404868263,0.0,150.0,100.0,2.313084455533925,2.0751492265357148,1.8752036059851813,1.959589051111158,2.531981328174731
2024-10-10 13:30:00,-6.96,2.24,-1.18,385.6,4.7,893,391.3882751464844,7.406186603104191,1.4,2.0934229098808785,2.2100000000000004,-21.721609406292764,0.175015870105436,884.5833333333334,-3.601999999999999,125.0,2.5926078113182687,0.0,150.0,100.0,2.3369072402777578,2.14079583499371,1.9241859090344302,1.9448168208445096,2.544973816868443
2024-10-10 13:35:00,-6.84,1.84,-0.83,384.2,4.46,841,415.0184631347656,7.131626742896742,1.32,1.9333077418358489,2.0909999999999997,-20.866439941224836,0.12317005778700789,897.8333333333334,-3.7070000000000003,130.0,2.6180674178185614,0.0,150.0,100.0,2.3637387170285153,2.1821009108664158,1.9319120699409922,1.9840501786897282,2.5531116516545085
2024-10-10 13:40:00,-6.81,3.04,1.1,389.0,4.84,791,464.84336853027344,7.538414952760294,1.47,0.96733614074099,2.2199999999999998,-20.489908828422685,0.07662345932695339,902.0833333333334,-3.44,0.0,2.667306639680783,0.0,150.0,100.0,2.3876949053897114,2.1821009108664158,1.895481424524286,1.9460387435515238,2.5554833916615194
2024-10-10 13:45:00,-6.32,3.36,0.92,387.8,4.76,746,509.4943084716797,7.21653656541696,1.44,1.029750511939723,2.154,-20.100205347955303,0.038913484738200665,899.5,-3.5179999999999993,5.0,2.7071393368936736,0.0,150.0,100.0,2.3876949053897114,2.1821009108664158,1.9003167369862937,1.9460387435515238,2.5554833916615194
2024-10-10 13:50:00,-5.54,3.79,1.13,396.6,4.52,722,550.0167541503906,6.806805418109144,1.43,0.9641227311272516,2.305,-20.10077398104068,-0.013344997761831933,883.25,-3.056999999999999,10.0,2.740375918811046,0.0,150.0,100.0,2.394323962391287,2.1821009108664158,1.8808788963063814,1.9460387435515238,2.556563224196634
2024-10-10 13:55:00,-5.94,3.79,1.28,399.1,4.55,648,579.1705322265625,7.161431421161555,1.45,0.9717989976679338,2.3750000000000004,-20.233655325573622,-0.03005372312451584,854.0833333333334,-2.916999999999999,15.0,2.762806457165332,0.0,150.0,100.0,2.407037854308555,2.2155436849386554,1.8808788963063814,1.944210228673768,2.5554833916615194
2024-10-10 14:00:00,-6.36,3.73,1.67,391.2,4.61,602,581.8170166015625,7.559854495954271,1.41,0.8744568995907382,2.413,-20.401311212285837,-0.0808402871917199,826.0,-3.2730000000000006,20.0,2.7647864190562554,0.0,150.0,100.0,2.407037854308555,2.2155436849386554,1.9003167369862937,1.944210228673768,2.556563224196634
2024-10-10 14:05:00,-5.2,4.32,2.51,392.4,4.85,478,581.8170166015625,7.21127589265589,1.5,0.7040631684784946,2.6769999999999996,-21.04205819749082,-0.37821677263687087,784.8333333333334,-3.1290000000000013,25.0,2.7647864190562554,0.0,150.0,100.0,2.407037854308555,2.2155436849386554,1.9506784409963418,1.889715061293681,2.5558039524002876
2024-10-10 14:10:00,-1.3,6.25,5.2,431.7,4.81,421,581.8170166015625,8.233620102968075,1.78,0.6405493581918285,3.877,-24.183478938654545,-0.5739316642171236,745.1666666666666,-0.8950000000000005,30.0,2.7647864190562554,1.0,150.0,100.0,2.407037854308555,2.2368238839556223,1.9506784409963418,1.8240386235223423,2.5558039524002876
2024-10-10 14:15:00,-3.33,5.82,4.93,454.2,4.45,518,585.6916809082031,8.322631795291679,1.84,0.6684164330844701,4.021,-26.781374839662057,-0.3618646637743691,710.5,0.20299999999999951,35.0,2.7676690554069587,1.0,150.0,100.0,2.429430551282306,2.2155436849386554,1.9506784409963418,1.889715061293681,2.5558039524002876
2024-10-10 14:20:00,-5.85,3.88,4.8,423.7,4.85,485,595.9408264160156,8.503934383566232,1.74,0.40049106900491527,3.677,-27.802125576398236,-0.13930133538433082,672.0833333333334,-1.3350000000000006,40.0,2.775203138873075,1.0,150.0,100.0,2.4453240293401524,2.2348699675862473,1.9003167369862937,1.889715061293681,2.5558039524002876
2024-10-10 14:25:00,-6.2,3.39,5.06,400.7,5.95,467,612.1923828125,8.691127659860946,1.91,0.29464828498409673,3.5249999999999995,-28.174388193505365,-0.01374556587875837,634.3333333333334,-2.4590000000000005,45.0,2.786887921597351,1.0,150.0,100.0,2.5281105404868263,2.2348699675862473,1.9003167369862937,1.8240386235223423,2.5541973900452892
2024-10-10 14:30:00,-4.57,6.49,3.44,427.4,5.42,315,631.8015747070312,8.65093058578093,1.98,0.982908662401807,3.306,-27.93958123518582,0.008428672710585162,586.1666666666666,-1.286000000000001,50.0,2.800580704009336,1.0,150.0,100.0,2.5926078113182687,2.2578386139090094,1.9003167369862937,1.8882118294795394,2.5744219852265844
2024-10-10 14:35:00,-4.64,7.74,3.85,429.1,6.09,305,671.7635192871094,9.811202780495366,2.24,1.1675098712551362,3.4460000000000006,-28.090101466399513,-0.1302590205462401,541.5,-1.1599999999999988,55.0,2.8272164153995267,1.0,150.0,100.0,2.6180674178185614,2.2348699675862473,1.9003167369862937,1.8452815401535192,2.554554905531085
2024-10-10 14:40:00,-4.52,6.85,5.21,432.4,7.42,281,707.5757446289062,9.720956743037178,2.77,0.8293658914882401,3.8869999999999996,-29.24217144064822,-0.18509890006131222,499.0,-0.859000000000001,60.0,2.84977293707775,1.0,150.0,100.0,2.667306639680783,2.2348699675862473,1.9436688082418407,1.7971663486779155,2.5628157587230125
2024-10-10 14:45:00,-3.68,7.07,5.04,432.4,999.99,255,737.4078063964844,9.43021208669243,99.99,0.8553319270061724,3.836,-29.941090467012636,-0.07600503933691378,458.0833333333333,-0.876000000000001,65.0,2.867707730852104,1.0,150.0,100.0,2.7071393368936736,2.2578386139090094,2.0324491970407648,1.8031137248235674,2.588791501740331
2024-10-10 14:50:00,-4.17,7.24,4.58,427.9,5.47,318,731.0317077636719,9.528006087319634,2.0,0.9487100959329889,3.6529999999999996,-30.00222183401736,-0.09197715219621187,424.4166666666667,-1.1470000000000011,70.0,2.863936214451911,1.0,150.0,100.0,2.740375918811046,2.263765208941255,2.0719648485431583,1.8031137248235674,2.588791501740331
2024-10-10 14:55:00,-4.76,7.44,5.55,432.5,6.84,376,731.0317077636719,10.431380541424035,2.56,0.906985063488996,3.99,-30.860861988974754,-0.2510771905552591,401.75,-0.82,75.0,2.863936214451911,1.0,150.0,100.0,2.762806457165332,2.263765208941255,2.1010317493326096,1.8271155460454527,2.6041509922293424
2024-10-10 15:00:00,-4.95,7.14,6.47,445.9,6.92,338,681.9863891601562,10.832497403646123,2.77,0.7934011927334973,4.3999999999999995,-32.51299373956995,-0.27415772145925954,379.75,-0.05800000000000094,80.0,2.833775707249406,1.0,150.0,100.0,2.7647864190562554,2.2749123147815453,2.1443222921092486,1.8271155460454527,2.588791501740331
2024-10-10 15:05:00,-3.74,4.54,6.0,456.5,5.94,329,681.9863891601562,8.402333009349249,2.47,0.38847432416112243,4.365,-33.60243920356735,-0.11131496370059538,367.3333333333333,0.42500000000000027,85.0,2.833775707249406,1.0,150.0,100.0,2.7647864190562554,2.285143382685869,2.1443222921092486,1.8271155460454527,2.6041509922293424
2024-10-10 15:10:00,-3.01,6.69,4.35,476.3,6.91,288,681.9863891601562,8.528698611159852,3.14,0.9239101355287774,4.068,-33.626143376575904,-0.20339345215972457,356.25,1.0,90.0,2.833775707249406,1.0,150.0,100.0,2.7647864190562554,2.321844418556875,2.1679068781056205,1.9548933447002268,2.6041509922293424
2024-10-10 15:15:00,-3.58,9.26,5.42,520.6,5.15,1053,413.64038848876953,11.311074219542546,2.85,1.4569870253671524,4.832000000000001,-35.636373725164596,-1.0474268779305411,400.8333333333333,1.0,95.0,2.616622937342744,1.0,150.0,100.0,2.7676690554069587,2.3369072402777578,2.1679068781056205,1.8271155460454527,2.588791501740331
2024-10-10 15:20:00,-9.92,15.15,9.66,625.8,12.67,1091,63.99804878234863,20.524241764313732,12.4,2.9693465754041966,7.155999999999999,-44.100412155881315,-1.5,451.3333333333333,1.0,100.0,1.8061667331092472,2.0,150.0,100.0,2.775203138873075,2.3369072402777578,2.1679068781056205,1.8271155460454527,2.5628157587230125
2024-10-10 15:25:00,-22.43,18.92,12.99,750.7,20.32,782,48.27679252624512,32.09067465791269,22.9,5.227500308327216,9.0,-56.62666192294365,-1.1937291469807634,477.5833333333333,1.0,105.0,1.6837384081853342,2.0,150.0,100.0,2.786887921597351,2.313084455533925,2.1679068781056205,1.9271794792117374,2.5628157587230125
2024-10-10 15:30:00,-16.75,15.92,2.86,734.2,24.73,1099,27.718828201293945,23.28494148586163,26.67,7.036482182638182,6.2,-56.03770362568895,-0.8526636764148314,542.9166666666666,1.0,110.0,1.4427748667598035,2.0,150.0,100.0,2.800580704009336,2.3369072402777578,2.1443222921092486,1.8271155460454527,2.5323270603770975
2024-10-10 15:35:00,-7.96,3.78,-11.58,787.9,29.54,1727,27.718828201293945,14.551508512865599,36.61,11.18214604658421,9.0,-65.15329868709196,-1.3811413563712704,661.4166666666666,1.0,0.0,1.4427748667598035,2.0,150.0,100.0,2.8272164153995267,2.3637387170285153,2.1229311592170763,1.8920464919492352,2.5434190033836295
2024-10-10 15:40:00,-6.86,13.37,-8.04,809.2,28.32,2271,13.03720211982727,17.042831337544825,37.05,10.449098329452822,8.504,-69.84911718940165,-0.2302096284682605,827.25,1.0,5.0,1.115184398581801,2.0,150.0,100.0,2.84977293707775,2.3876949053897114,2.1229311592170763,1.979518476629743,2.497809509609997
2024-10-10 15:45:00,4.28,35.41,-3.71,771.2,33.27,3028,13.03720211982727,35.860153373905135,39.5,15.268550605958172,6.825000000000001,-67.45539497177457,0.29181259135454524,1058.3333333333333,1.0,10.0,1.115184398581801,3.0,150.0,100.0,2.867707730852104,2.3876949053897114,2.1229311592170763,1.9905893341525194,2.4810786577133506
2024-10-10 15:50:00,3.27,28.65,4.31,789.4,35.15,3997,19.52498722076416,29.15632864405256,43.82,9.796044886791984,7.187,-66.9309912758562,-0.5478823465436861,1364.9166666666667,1.0,0.0,1.290590758300763,2.0,150.0,100.0,2.863936214451911,2.394323962391287,2.060461328577756,1.979518476629743,2.4810786577133506
2024-10-10 15:55:00,9.56,24.11,11.26,804.6,31.51,3611,19.52498722076416,28.274958885911754,40.8,6.561645001358032,9.0,-72.93421843721143,-0.1213598679158352,1634.5,1.0,5.0,1.290590758300763,2.0,150.0,100.0,2.863936214451911,2.407037854308555,2.000739964736916,1.934379903818413,2.4746354630286684
2024-10-10 16:00:00,-5.46,26.51,2.78,751.4,30.66,2901,27.052207946777344,27.208823936362997,34.62,9.156222800521657,6.347999999999999,-68.14458995501455,-0.08668561993988248,1848.0833333333333,1.0,10.0,1.4322027171309049,2.0,150.0,100.0,2.833775707249406,2.407037854308555,1.977288215106658,1.934379903818413,2.4689239755853096
2024-10-10 16:05:00,-8.58,14.25,-13.72,747.5,34.55,2487,27.052207946777344,21.561941007247004,38.61,13.64820829863955,9.0,-73.80107463661025,-0.5198334293262548,2027.9166666666667,1.0,0.0,1.4322027171309049,2.0,150.0,100.0,2.833775707249406,2.407037854308555,1.9596045423870059,1.934379903818413,2.4689239755853096
2024-10-10 16:10:00,3.12,29.24,-6.85,768.8,32.3,2723,26.780494689941406,30.193285677448223,38.19,14.253610897610965,7.742999999999999,-73.3429242482771,-0.37130959237589567,2230.8333333333335,1.0,5.0,1.4278185950481903,2.0,150.0,100.0,2.833775707249406,2.407037854308555,1.9596045423870059,1.856773114470033,2.4689239755853096
2024-10-10 16:15:00,-12.7,1.48,-18.92,730.0,37.99,2765,33.36954116821289,22.83520965526702,40.39,16.6443189630976,9.0,-77.51417056036921,-0.7150707963586485,2373.5,1.0,10.0,1.5233502351389634,2.0,150.0,100.0,2.616622937342744,2.429430551282306,1.9596045423870059,1.934379903818413,2.4666035760248217
2024-10-10 16:20:00,-11.47,15.16,-17.86,724.2,33.76,2752,26.780494689941406,26.083828323311746,35.31,16.6456125565421,9.0,-80.49363221186358,-0.5107648545418911,2511.9166666666665,1.0,15.0,1.4278185950481903,2.0,150.0,100.0,1.8061667331092472,2.4453240293401524,1.9840040297662165,1.856773114470033,2.4666035760248217
2024-10-10 16:25:00,-11.47,17.05,-22.59,736.8,30.25,2981,26.780494689941406,30.53803366295872,32.84,20.22982812263939,9.0,-82.62181910578812,-0.3648320389584924,2695.1666666666665,1.0,20.0,1.4278185950481903,2.0,150.0,100.0,1.6837384081853342,2.5281105404868263,2.0751492265357148,1.8156283431831455,2.4666035760248217
2024-10-10 16:30:00,-11.09,7.14,-22.11,745.9,30.48,2665,25.842320442199707,25.745286947323,33.93,18.738794687411332,9.0,-84.14195260144851,-0.26059431354178175,2825.6666666666665,1.0,25.0,1.4123315073879539,2.0,150.0,100.0,1.4427748667598035,2.5926078113182687,2.14079583499371,1.856773114470033,2.4666035760248217
2024-10-10 16:35:00,-10.49,7.33,-25.91,734.1,33.36,1902,25.842320442199707,28.898046646789123,35.96,20.813486057232694,9.0,-85.22776224120594,0.9005993684476579,2840.25,1.0,30.0,1.4123315073879539,3.0,150.0,100.0,1.4427748667598035,2.6180674178185614,2.1821009108664158,1.8225311395179995,2.4666035760248217
2024-10-10 16:40:00,11.71,-25.14,0.04,774.8,32.22,1313,25.842320442199707,27.733468949988932,38.62,10.726851309138619,5.759999999999999,-75.13595891697193,1.4739488562872012,2760.4166666666665,1.0,0.0,1.4123315073879539,3.0,150.0,100.0,1.115184398581801,2.667306639680783,2.1821009108664158,1.8109025701909616,2.473610422755668
2024-10-10 16:45:00,19.36,-18.76,2.42,786.7,30.35,1708,15.199752807617188,27.066651067318986,37.57,9.28455614143985,6.593000000000001,-70.48827367833393,0.6197561277017811,2650.4166666666665,1.0,5.0,1.1818365251052485,3.0,150.0,100.0,1.115184398581801,2.7071393368936736,2.1821009108664158,1.7021072573695508,2.4833566794178608
2024-10-10 16:50:00,12.17,-29.1,-4.51,778.6,36.23,1785,9.599066257476807,31.86312916208953,43.93,14.304091454378776,7.139,-68.93839763995412,0.6779098890301605,2466.0833333333335,1.0,0.0,0.9822289893991515,3.0,150.0,100.0,1.290590758300763,2.740375918811046,2.1821009108664158,1.5430363987150408,2.4833566794178608
2024-10-10 16:55:00,5.79,-33.11,-1.27,744.9,34.37,2073,6.199958562850952,33.636425196503865,38.16,13.008065503308416,5.83,-63.70917478803232,1.005770727864101,2337.9166666666665,1.0,5.0,0.7923887869199773,3.0,150.0,100.0,1.290590758300763,2.762806457165332,2.2155436849386554,1.5430363987150408,2.5028949331296064
2024-10-10 17:00:00,-14.01,-24.78,-0.26,738.0,34.65,2220,3.0072386264801025,28.467456858665827,37.74,10.614702133212838,5.458,-58.88069036131311,0.7127273274072706,2281.1666666666665,1.0,10.0,0.4781678910375692,3.0,150.0,100.0,1.4322027171309049,2.7647864190562554,2.2155436849386554,1.5060681788957613,2.5028949331296064
2024-10-10 17:05:00,-21.35,-21.17,-2.08,722.5,34.01,1905,1.0,30.13831116701797,35.52,11.95205658704498,5.848999999999999,-56.581901513959615,0.3826897316867196,2232.6666666666665,1.0,15.0,0.0,3.0,150.0,100.0,1.4322027171309049,2.7647864190562554,2.2155436849386554,1.5430363987150408,2.4833566794178608
2024-10-10 17:10:00,3.33,-20.28,-1.98,729.3,35.61,1859,1.0,20.64673581949457,37.84,8.260417169184752,5.887,-55.05379304444591,0.18367296664868107,2160.6666666666665,1.0,20.0,0.0,3.0,150.0,100.0,1.4278185950481903,2.7647864190562554,2.2368238839556223,1.7110510667825019,2.4833566794178608
2024-10-10 17:15:00,-18.97,-13.59,3.43,711.6,32.69,2062,1.0,23.586307468529277,33.08,6.33833806562081,6.145,-54.745171847472804,0.2697122488248652,2102.0833333333335,1.0,0.0,0.0,3.0,150.0,100.0,1.5233502351389634,2.7676690554069587,2.2155436849386554,1.5430363987150408,2.4833566794178608
2024-10-10 17:20:00,-11.99,-9.59,1.15,707.1,35.04,1922,1.0,15.396450889734295,35.09,4.795302768497054,5.4159999999999995,-52.35667055619726,-0.3952352341611082,2032.9166666666667,1.0,5.0,0.0,1.0,150.0,100.0,1.4278185950481903,2.775203138873075,2.2348699675862473,1.4844166211331349,2.4771402290650877
2024-10-10 17:25:00,-30.04,-4.83,-9.79,700.0,33.26,1589,1.0,31.962080658179936,32.59,21.21894351361785,7.936999999999999,-58.697524189083886,-1.3720218542682745,1916.9166666666667,1.0,0.0,0.0,2.0,150.0,100.0,1.4278185950481903,2.786887921597351,2.2348699675862473,1.6924433198273696,2.4771402290650877
2024-10-10 17:30:00,-28.99,-4.94,-12.45,700.0,999.99,1609,1.0,31.93471778488108,99.99,21.566345692890216,8.735,-66.07688909888,-1.362662126457311,1828.9166666666667,1.0,5.0,0.0,2.0,150.0,100.0,1.4123315073879539,2.800580704009336,2.2578386139090094,1.4336143659622604,2.458114557735626
2024-10-10 17:35:00,-27.77,-7.79,-13.83,699.6,33.51,1715,1.0,31.98633927163282,32.8,20.93752264017549,9.0,-72.324145453657,-1.0709582322474844,1813.3333333333333,1.0,10.0,0.0,2.0,150.0,100.0,1.4123315073879539,2.8272164153995267,2.2348699675862473,1.4336143659622604,2.458114557735626
2024-10-10 17:40:00,-27.33,-6.35,-14.91,699.6,33.51,1796,1.0,31.77356605733766,32.8,21.340039212014695,9.0,-76.78647142135485,-0.7649701658910601,1853.5833333333333,1.0,15.0,0.0,2.0,150.0,100.0,1.4123315073879539,2.84977293707775,2.2348699675862473,1.4336143659622604,2.435248642873588
2024-10-10 17:45:00,-27.44,-6.12,-15.07,702.1,34.23,1596,1.0,31.898478020118766,33.75,21.57302210116908,9.0,-79.9738471125676,-0.5464072613507582,1844.25,1.0,20.0,0.0,2.0,150.0,100.0,1.1818365251052485,2.867707730852104,2.2578386139090094,1.522096711957187,2.435248642873588
2024-10-10 17:50:00,-27.12,-8.93,-14.52,710.7,32.08,1851,1.0,32.03232273813437,32.41,21.078449532860162,9.0,-82.25054403486243,-0.3902909009648283,1849.75,1.0,25.0,0.0,2.0,150.0,100.0,0.9822289893991515,2.863936214451911,2.263765208941255,1.6717696188126225,2.4211858854173096
2024-10-10 17:55:00,-25.16,-10.9,-16.59,710.7,999.99,2017,1.0,32.04783456023199,99.99,20.905904060556644,9.0,-83.87675612221588,-0.2787792149748768,1845.0833333333333,1.0,30.0,0.0,2.0,150.0,100.0,0.7923887869199773,2.863936214451911,2.263765208941255,1.5348890680263594,2.403396637687446
2024-10-10 18:00:00,-24.88,-9.27,-17.59,708.4,30.51,1159,1.0,31.84894660738405,30.62,21.26073602104344,9.0,-85.0383361846112,-0.19912801069633873,1756.6666666666667,1.0,35.0,0.0,2.0,150.0,100.0,0.4781678910375692,2.833775707249406,2.2749123147815453,1.6717696188126225,2.403396637687446
2024-10-10 18:05:00,-25.93,-3.59,-16.23,701.4,30.88,557,5.617537498474121,30.800420451675656,30.4,21.348482969513423,9.0,-85.86803622917927,-0.14223429335452806,1644.3333333333333,1.0,40.0,0.7495459801256188,2.0,150.0,100.0,0.0,2.833775707249406,2.285143382685869,1.6717696188126225,2.403396637687446
2024-10-10 18:10:00,-23.52,6.02,-14.85,686.4,32.03,490,5.617537498474121,28.45967849431894,30.18,18.81921661536278,9.0,-86.46067911815648,-0.10159592382466372,1530.25,1.0,45.0,0.7495459801256188,2.0,150.0,100.0,0.0,2.833775707249406,2.321844418556875,1.6717696188126225,2.403396637687446
2024-10-10 18:15:00,-21.41,11.05,-15.07,701.7,31.07,501,5.617537498474121,28.41822478621774,30.52,18.01116196862658,9.0,-86.8839954674259,-0.07256851701761632,1400.1666666666667,1.0,50.0,0.7495459801256188,2.0,150.0,100.0,0.0,2.616622937342744,2.3369072402777578,1.6717696188126225,2.440038681998794
2024-10-10 18:20:00,-11.97,13.48,-13.51,719.3,29.13,468,5.617537498474121,22.528013671870852,30.12,13.837685267508396,9.0,-87.18636428833264,-0.05183465501258411,1279.0,1.0,55.0,0.7495459801256188,2.0,150.0,100.0,0.0,1.8061667331092472,2.3369072402777578,1.6717696188126225,2.459579401746595
2024-10-10 18:25:00,-15.98,6.73,-17.96,710.0,29.9,944,5.617537498474121,24.964272470873254,30.15,17.161121782120418,9.0,-87.40234201755175,-0.037024753580418235,1225.25,1.0,60.0,0.7495459801256188,2.0,150.0,100.0,0.0,1.6837384081853342,2.313084455533925,1.6717696188126225,2.46188011269184
2024-10-10 18:30:00,-18.33,4.91,-18.52,698.1,33.79,1436,1.0,26.515795292617565,32.93,18.20160785490662,9.0,-87.55661182413682,-0.026446252557440174,1210.8333333333333,1.0,65.0,0.0,2.0,150.0,100.0,0.0,1.4427748667598035,2.3369072402777578,1.6925497975466466,2.46188011269184
2024-10-10 18:35:00,-8.62,-7.19,-12.33,736.0,29.61,1374,1.0,16.674213624636096,32.14,11.436821205728169,9.0,-87.66680454312615,0.589947488398846,1182.4166666666667,1.0,70.0,0.0,3.0,150.0,100.0,0.0,1.4427748667598035,2.3637387170285153,1.7165743073124202,2.459579401746595
2024-10-10 18:40:00,-6.35,-0.02,-7.21,711.1,31.1,1223,4.178758144378662,9.607653199403067,31.32,6.831989047687049,7.274000000000001,-81.65713694014836,0.888425930101657,1134.6666666666667,1.0,75.0,0.6210472360392165,3.0,150.0,100.0,0.0,1.115184398581801,2.3876949053897114,1.7868781251200505,2.459579401746595
2024-10-10 18:45:00,-4.25,-3.17,-7.5,744.3,28.35,945,1.0,9.184846215370184,31.44,6.566599318130861,7.693,-78.78254524210958,0.1514732351957136,1080.4166666666667,1.0,80.0,0.0,3.0,150.0,100.0,0.0,1.115184398581801,2.3876949053897114,1.8526943858887426,2.426210940815643
2024-10-10 18:50:00,-1.43,-10.3,-10.99,736.1,27.05,857,1.0,15.129937210709105,29.16,9.631631269236548,8.658000000000001,-80.14240458819123,0.5861529823212536,997.5833333333334,1.0,85.0,0.0,3.0,150.0,100.0,0.0,1.290590758300763,2.394323962391287,1.8526943858887426,2.426210940815643
2024-10-10 18:55:00,8.74,2.16,-2.63,743.9,31.32,1200,1.0,9.379237708897243,34.66,6.184525599382453,6.228,-72.92101541889704,1.3146625297995584,929.5,1.0,90.0,0.0,3.0,150.0,100.0,0.0,1.290590758300763,2.407037854308555,1.8526943858887426,2.4470661693367797
2024-10-10 19:00:00,-1.48,20.84,0.73,775.8,24.86,1608,1.0,20.905236186180723,30.71,7.825261817838329,5.976999999999999,-66.99577929019564,1.2606772085012807,966.9166666666666,1.0,0.0,0.0,3.0,150.0,100.0,0.0,1.4322027171309049,2.407037854308555,1.7868781251200505,2.4470661693367797
2024-10-10 19:05:00,-10.18,33.41,-0.28,705.3,20.94,1096,1.0,34.92762373823905,20.76,12.420450166268397,5.136999999999999,-60.314243333884235,0.42752543978173774,1011.8333333333334,1.0,0.0,0.0,3.0,150.0,100.0,0.7495459801256188,1.4322027171309049,2.407037854308555,1.760109296995433,2.413998240780241
2024-10-10 19:10:00,-18.4,27.5,-8.88,678.9,21.42,1482,1.0,34.25878573446525,19.75,15.202616612796854,7.452999999999999,-62.720524892378265,-0.6244508801787803,1094.5,1.0,5.0,0.0,2.0,150.0,100.0,0.7495459801256188,1.4278185950481903,2.407037854308555,1.7165743073124202,2.377990174794793
2024-10-10 19:15:00,-15.6,22.85,-10.26,699.0,22.59,1901,1.0,29.508475053787514,22.1,14.537684427474725,8.068,-66.55875213567204,-0.9732886468874596,1211.1666666666667,1.0,10.0,0.0,2.0,150.0,100.0,0.7495459801256188,1.5233502351389634,2.429430551282306,1.760109296995433,2.377990174794793
2024-10-10 19:20:00,-16.67,22.04,-13.01,703.9,19.83,1857,1.0,30.543585251243837,19.68,16.214314901270647,8.942,-72.45341136125286,-1.0320052076822719,1326.9166666666667,1.0,15.0,0.0,2.0,150.0,100.0,0.7495459801256188,1.4278185950481903,2.4453240293401524,1.8310006347418266,2.329446731862106
2024-10-10 19:25:00,-20.45,18.05,-15.82,685.5,19.78,1933,1.0,31.532164530840568,18.6,17.931228476537523,9.0,-76.87880421249476,-0.7586387744986098,1409.3333333333333,1.0,20.0,0.0,2.0,150.0,100.0,0.7495459801256188,1.4278185950481903,2.5281105404868263,1.8752036059851813,2.329446731862106
2024-10-10 19:30:00,-19.85,12.38,-18.69,674.7,20.29,1892,1.0,29.94332980815594,18.47,18.522840419761874,9.0,-80.03979910623896,-0.36360064833694994,1447.3333333333333,1.0,25.0,0.0,2.0,150.0,100.0,0.0,1.4123315073879539,2.5926078113182687,1.9241859090344302,2.3183411896758424
2024-10-10 19:35:00,-19.7,23.04,-12.53,675.4,19.24,1446,1.0,32.80141003066789,17.52,16.369161751271072,8.512999999999998,-80.51481069586426,-0.2597147488121081,1453.3333333333333,1.0,30.0,0.0,2.0,150.0,100.0,0.0,1.4123315073879539,2.6180674178185614,1.9319120699409922,2.3183411896758424
2024-10-10 19:40:00,-22.01,14.73,-17.29,675.1,20.95,1261,1.0,31.628422344467328,19.1,18.80299536646891,9.0,-82.63694659436004,-0.3637947254564196,1456.5,1.0,35.0,0.0,2.0,150.0,100.0,0.6210472360392165,1.4123315073879539,2.667306639680783,1.895481424524286,2.33581826173384
2024-10-10 19:45:00,-22.72,15.44,-15.09,675.8,22.45,1099,1.0,31.34166715412567,20.51,17.992521499950435,9.0,-84.15275795042845,0.029307248057567393,1469.3333333333333,1.0,40.0,0.0,3.0,150.0,100.0,0.0,1.1818365251052485,2.7071393368936736,1.9003167369862937,2.381400890006091
2024-10-10 19:50:00,-22.96,13.21,-10.99,690.6,24.35,1075,1.0,28.67831585013318,23.22,16.235889638937444,8.203000000000001,-82.34387411378437,0.020933748612549152,1487.5,1.0,45.0,0.0,3.0,150.0,100.0,0.0,0.9822289893991515,2.740375918811046,1.8808788963063814,2.381400890006091
2024-10-10 19:55:00,-26.16,9.32,-14.72,688.0,25.67,782,1.0,31.430660190330077,24.3,19.947203203720733,9.0,-83.94342046430296,-0.27420794580318814,1452.6666666666667,1.0,50.0,0.0,2.0,150.0,100.0,0.0,0.7923887869199773,2.762806457165332,1.8808788963063814,2.3348750393426623
2024-10-10 20:00:00,-23.08,6.09,-16.12,685.2,23.47,703,1.0,28.80327932718773,22.05,19.09920331833789,9.0,-85.08595357181625,-0.19586281843084946,1377.25,1.0,55.0,0.0,2.0,150.0,100.0,0.0,0.4781678910375692,2.7647864190562554,1.9003167369862937,2.2713479833012435
2024-10-10 20:05:00,-19.73,-12.26,-18.47,669.1,24.64,677,1.0,29.676950651979052,22.01,18.200379490151683,9.0,-85.90204864861145,-0.13990201316489248,1342.3333333333333,1.0,60.0,0.0,2.0,150.0,100.0,0.0,0.0,2.7647864190562554,1.9506784409963418,2.2818528259331146
2024-10-10 20:10:00,-17.24,7.9,-19.19,649.6,28.24,512,1.0,26.97931985799494,23.85,16.865991486443615,9.0,-86.48497370346517,-0.09993000940349503,1261.5,1.0,65.0,0.0,2.0,150.0,100.0,0.0,0.0,2.7647864190562554,1.9506784409963418,2.330637169367936
2024-10-10 20:15:00,-19.02,8.05,-22.18,652.4,31.76,620,1.0,30.307017339223602,27.04,19.17916477999832,9.0,-86.9013487426464,-0.07137857814535523,1154.75,1.0,70.0,0.0,2.0,150.0,100.0,0.0,0.0,2.7676690554069587,1.9506784409963418,2.2952611188785426
2024-10-10 20:20:00,-23.08,0.52,-22.11,650.1,28.46,1420,1.0,31.96574572882666,24.05,20.77805883760568,9.0,-87.19875948491872,-0.05098469867525353,1118.3333333333333,1.0,75.0,0.0,2.0,150.0,100.0,0.0,0.0,2.775203138873075,1.9003167369862937,2.330637169367936
2024-10-10 20:25:00,-22.04,-0.79,-20.81,667.0,27.63,755,1.692724585533142,30.32229872552541,24.55,20.217694297465176,9.0,-87.41119572939894,-0.03641764191089436,1020.1666666666666,1.0,80.0,0.22858630204673358,2.0,150.0,100.0,0.0,0.0,2.786887921597351,1.9003167369862937,2.2952611188785426
2024-10-10 20:30:00,-20.96,5.37,-17.04,674.6,31.43,678,1.692724585533142,27.541243617527513,28.61,18.14977032474162,9.0,-87.56293590402767,-0.026012601364924136,919.0,1.0,85.0,0.22858630204673358,2.0,150.0,100.0,0.0,0.0,2.800580704009336,1.9003167369862937,2.2952611188785426
2024-10-10 20:35:00,-6.01,20.26,-20.0,678.6,29.01,901,1.0,29.096180161663835,26.71,16.807901441096533,9.0,-87.67132174304818,-0.018580429546373976,873.5833333333334,1.0,90.0,0.0,2.0,150.0,100.0,0.0,0.0,2.8272164153995267,1.9003167369862937,2.2864868992294536
2024-10-10 20:40:00,-8.37,6.46,-14.66,668.9,31.93,838,1.0,18.074957814611906,28.55,11.57706807339517,9.0,-87.74874019949141,-0.013271735390266316,838.3333333333334,1.0,95.0,0.0,2.0,150.0,100.0,0.0,0.0,2.84977293707775,1.9436688082418407,2.272800601309819
2024-10-10 20:45:00,-14.38,-9.72,-20.28,664.8,34.96,766,1.0,26.693467365630866,30.87,16.874255288804857,9.0,-87.80403909695085,0.774869512515805,810.5833333333334,1.0,100.0,0.0,3.0,150.0,100.0,0.0,0.0,2.867707730852104,2.0324491970407648,2.272800601309819
2024-10-10 20:50:00,-11.81,-18.59,-6.91,666.5,37.51,897,1.0,23.08272730853094,33.33,10.372433493996487,6.7379999999999995,-80.00004507433336,0.5534782232255736,795.75,1.0,105.0,0.0,3.0,150.0,100.0,0.0,0.0,2.863936214451911,2.0719648485431583,2.25664996451529
2024-10-10 20:55:00,-10.45,6.81,-19.76,671.3,41.18,860,1.0,23.367417486748508,37.12,15.258531268800025,9.0,-82.26925686469511,-0.38900773549058415,802.25,1.0,110.0,0.0,2.0,150.0,100.0,0.0,0.0,2.863936214451911,2.1010317493326096,2.25664996451529
2024-10-10 21:00:00,-11.68,3.97,-20.97,671.3,40.8,1110,1.0,24.329492390923406,36.78,16.189864538233472,9.0,-83.8901224292392,-0.04388322510491634,836.1666666666666,1.0,115.0,0.0,2.0,150.0,100.0,0.0,0.0,2.833775707249406,2.1443222921092486,2.272800601309819
2024-10-10 21:05:00,-9.75,10.81,-12.32,666.2,37.92,1361,1.0,19.070946489359148,33.66,11.127533213070565,8.358,-82.70808911574427,0.9124123224245182,893.1666666666666,1.0,120.0,0.0,3.0,150.0,100.0,0.0,0.7495459801256188,2.833775707249406,2.1443222921092486,2.266512667156493
2024-10-10 21:10:00,-7.53,14.38,-5.44,660.0,35.85,1463,1.0,17.119547307098983,31.23,7.648399036912079,6.231999999999999,-74.76599920499402,1.3441667830630948,972.4166666666666,1.0,125.0,0.0,3.0,150.0,100.0,0.0,0.7495459801256188,2.833775707249406,2.1679068781056205,2.187047119276446
2024-10-10 21:15:00,-6.9,16.24,-5.3,669.8,34.94,1449,1.0,18.42383239176909,31.34,8.084431815249996,6.287999999999999,-69.26642128511332,0.9306669339482128,1041.5,1.0,130.0,0.0,3.0,150.0,100.0,0.0,0.7495459801256188,2.616622937342744,2.1679068781056205,2.101435995408109
2024-10-10 21:20:00,-8.71,13.78,-6.11,649.4,32.35,1798,1.0,17.40932508743518,27.29,7.944106395488275,6.327,-65.45932986551189,0.3571764454024944,1073.0,1.0,135.0,0.0,3.0,150.0,100.0,0.0,0.7495459801256188,1.8061667331092472,2.1679068781056205,2.0806827808682975
2024-10-10 21:25:00,-9.38,15.29,-8.72,662.8,31.61,1597,1.0,19.945097141904323,27.72,9.88433288757233,7.244,-65.69465683108838,0.10101746471739262,1143.1666666666667,1.0,140.0,0.0,3.0,150.0,100.0,0.22858630204673358,0.7495459801256188,1.6837384081853342,2.1679068781056205,2.0806827808682975
2024-10-10 21:30:00,-7.08,18.94,-8.05,639.8,31.28,1215,1.0,21.763558992039883,25.61,9.685490499993229,6.813,-64.44915521833796,0.2083447284737879,1187.9166666666667,1.0,145.0,0.0,3.0,150.0,100.0,0.22858630204673358,0.0,1.4427748667598035,2.1443222921092486,2.0484871426568136
2024-10-10 21:35:00,-7.12,16.46,-8.53,627.0,32.7,1095,1.0,19.859176720095924,25.68,9.090443997422128,6.828999999999999,-63.6112095463505,0.5883160153062242,1204.0833333333333,1.0,150.0,0.0,3.0,150.0,100.0,0.0,0.0,1.4427748667598035,2.1229311592170763,1.9933011504383769
2024-10-10 21:40:00,-3.07,9.86,-3.56,630.5,36.84,1244,1.0,10.923282473688941,29.3,4.612991075855864,5.372999999999999,-58.56599506527572,0.6464508977744728,1237.9166666666667,1.0,155.0,0.0,3.0,150.0,100.0,0.0,0.6210472360392165,1.115184398581801,2.1229311592170763,2.0197655016485365
2024-10-10 21:45:00,-1.38,16.93,-4.73,669.1,35.87,1012,1.0,17.632419005910673,31.96,7.486216139139033,6.110000000000001,-57.14670056860577,-0.2572015321642759,1258.4166666666667,1.0,160.0,0.0,2.0,150.0,100.0,0.0,0.0,1.115184398581801,2.1229311592170763,1.9494262478152165
2024-10-10 21:50:00,0.76,23.13,-8.92,697.7,33.92,910,1.0,24.802034190767497,33.02,11.76539357617573,7.6530000000000005,-61.13801038691848,-0.46360666232520986,1259.5,1.0,165.0,0.0,2.0,150.0,100.0,0.0,0.0,1.290590758300763,2.060461328577756,2.0197655016485365
2024-10-10 21:55:00,0.27,26.4,-6.64,700.2,31.77,1100,1.0,27.223565159618605,31.12,11.855748502797741,6.994000000000001,-61.78276719185787,-0.8118905133151287,1279.5,1.0,170.0,0.0,2.0,150.0,100.0,0.0,0.0,1.290590758300763,2.000739964736916,2.0806827808682975
2024-10-10 22:00:00,2.33,27.77,-17.02,699.9,21.48,1266,1.0,32.653976786909126,21.06,17.398628977573033,9.0,-69.25691552006977,-1.2812825705506086,1292.5,1.0,175.0,0.0,2.0,150.0,100.0,0.0,0.0,1.4322027171309049,1.977288215106658,2.0533638595362085
2024-10-10 22:05:00,1.59,24.48,-16.95,715.1,19.23,1425,1.0,29.81779669928682,19.73,16.730460405076478,9.0,-74.59559289736396,-0.9152018361075761,1297.8333333333333,1.0,180.0,0.0,2.0,150.0,100.0,0.0,0.0,1.4322027171309049,1.9596045423870059,2.0533638595362085
2024-10-10 22:10:00,0.69,31.64,-15.79,713.2,20.44,1397,1.0,35.367920493011745,20.82,18.243986304188116,9.0,-78.40893388114553,0.18393086917194523,1292.3333333333333,1.0,185.0,0.0,3.0,150.0,100.0,0.0,0.0,1.4278185950481903,1.9596045423870059,2.0533638595362085
2024-10-10 22:15:00,2.74,29.02,-4.8,713.1,23.1,1009,1.0,29.541631640787887,23.48,12.25191805883649,6.571,-72.7562842056445,0.13137919226567477,1255.6666666666667,1.0,190.0,0.0,3.0,150.0,100.0,0.0,0.0,1.5233502351389634,1.9596045423870059,2.074993981047593
2024-10-10 22:20:00,2.99,29.25,15.38,715.8,19.42,1176,1.0,33.18202826832621,19.9,6.34886162687812,9.0,-77.09514195848878,-0.7438041862018778,1203.8333333333333,1.0,0.0,0.0,2.0,150.0,100.0,0.0,0.0,1.4278185950481903,1.9840040297662165,2.136054861131216
2024-10-10 22:25:00,2.63,32.75,-12.88,718.9,18.01,1124,1.0,35.289854066005994,18.61,17.327564745140155,9.0,-80.19432606766328,-0.5312887044299132,1164.4166666666667,1.0,0.0,0.0,2.0,150.0,100.0,0.0,0.0,1.4278185950481903,2.0751492265357148,2.074993981047593
2024-10-10 22:30:00,-1.76,3.18,-39.65,711.2,20.45,1033,1.0,39.81623412629577,20.49,28.2719877033735,9.0,-82.40802900278791,-0.37949193173565166,1149.25,1.0,5.0,0.0,2.0,150.0,100.0,0.0,0.0,1.4123315073879539,2.14079583499371,2.144278727247504
2024-10-10 22:35:00,-5.89,-7.53,-44.23,693.9,21.99,1437,1.0,45.25136351536824,21.16,31.177227848039657,9.0,-83.9892453850198,-0.27106566552546524,1177.75,1.0,10.0,0.0,2.0,150.0,100.0,0.0,0.0,1.4123315073879539,2.1821009108664158,2.213032147921598
2024-10-10 22:40:00,-3.53,-10.78,-46.24,684.0,4.6,998,1.0,47.61099557875261,4.3,32.140686430116894,9.0,-85.11868565804257,-0.19361833251818866,1157.25,1.0,15.0,0.0,2.0,150.0,100.0,0.0,0.0,1.4123315073879539,2.1821009108664158,2.144278727247504
2024-10-10 22:45:00,-8.26,-8.47,-44.0,699.9,4.33,894,1.0,45.56279732413277,4.25,31.601941367026782,9.0,-85.92542871020169,-0.13829880894156474,1147.4166666666667,1.0,20.0,0.0,2.0,150.0,100.0,0.0,0.0,1.1818365251052485,2.1821009108664158,2.144278727247504
2024-10-10 22:50:00,-7.25,-10.17,-43.7,686.8,4.78,702,1.0,45.449767876194926,4.51,30.808678682597375,9.0,-86.50167374745821,-0.09878486352968849,1130.0833333333333,1.0,25.0,0.0,2.0,150.0,100.0,0.0,0.0,0.9822289893991515,2.1821009108664158,2.0820441924379383
2024-10-10 22:55:00,-3.51,-10.28,-44.98,666.0,3.33,510,1.0,46.2730904522272,2.95,30.43055740276697,9.0,-86.91327734549857,-0.07056061680691812,1080.9166666666667,1.0,30.0,0.0,2.0,150.0,100.0,0.0,0.0,0.7923887869199773,2.2155436849386554,2.041767751090007
2024-10-10 23:00:00,0.28,-9.49,-45.31,632.8,3.67,506,4.670526027679443,46.294001771287824,2.94,28.983768388441046,9.0,-87.2072799155274,-0.05040044057636948,1017.5833333333334,1.0,35.0,0.6693657966374501,2.0,150.0,100.0,0.0,0.0,0.4781678910375692,2.2155436849386554,2.040501686069376
2024-10-10 23:05:00,0.79,-9.76,-44.81,641.5,4.14,496,1.0,45.867393647339505,3.41,29.08690634185449,9.0,-87.41728175126227,-0.036000314697407984,940.1666666666666,1.0,40.0,0.0,2.0,150.0,100.0,0.0,0.0,0.0,2.2155436849386554,2.040501686069376
2024-10-10 23:10:00,1.92,-9.7,-44.54,644.1,3.95,494,1.0,45.62442328402629,3.28,29.050170802319073,9.0,-87.56728306250147,-0.02571451049815039,864.9166666666666,1.0,45.0,0.0,2.0,150.0,100.0,0.0,0.0,0.0,2.2368238839556223,2.040501686069376
2024-10-10 23:15:00,1.64,-7.35,-42.65,671.6,8.68,542,1.0,43.30975178871382,7.89,28.87556371047813,9.0,-87.67442685624377,-0.018367507498678038,826.0,1.0,50.0,0.0,2.0,150.0,100.0,0.0,0.0,0.0,2.2155436849386554,2.019286714990645
2024-10-10 23:20:00,3.73,-11.04,-40.93,699.5,10.43,505,1.0,42.556543562653204,10.21,29.254723757128257,9.0,-87.75095813748825,-0.01311964821334044,770.0833333333334,1.0,55.0,0.0,2.0,150.0,100.0,0.0,0.0,0.0,2.2348699675862473,2.019286714990645
2024-10-10 23:25:00,3.5,-9.08,-41.75,695.8,9.47,696,1.0,42.86909026326544,9.17,29.487634129581878,9.0,-87.80562333837717,-0.009371177295243172,734.4166666666666,1.0,60.0,0.0,2.0,150.0,100.0,0.0,0.22858630204673358,0.0,2.2348699675862473,1.994214921958725
2024-10-10 23:30:00,4.33,-11.8,-40.97,696.1,8.97,908,1.0,42.85475236190264,8.69,29.24855441862013,9.0,-87.84466991044069,-0.00669369806803104,724.0,1.0,65.0,0.0,2.0,150.0,100.0,0.0,0.22858630204673358,0.0,2.2578386139090094,1.994214921958725
2024-10-10 23:35:00,5.18,-15.3,-39.51,694.6,8.0,760,1.0,42.68445267307524,7.71,28.648305330857724,9.0,-87.87256031905748,-0.004781212905736254,667.5833333333334,1.0,70.0,0.0,2.0,150.0,100.0,0.0,0.0,0.0,2.2348699675862473,1.994214921958725
2024-10-10 23:40:00,6.48,-12.69,-40.57,692.9,5.89,661,4.670526027679443,42.999434880007435,5.67,29.115004332670754,9.0,-87.89248203949805,-0.0034151520755258957,639.5,1.0,75.0,0.6693657966374501,2.0,150.0,100.0,0.0,0.0,0.0,2.2348699675862473,2.016658635616085
2024-10-10 23:45:00,6.18,-6.87,-42.43,694.7,4.37,497,1.0,43.42458059670813,4.22,29.973145269561645,9.0,-87.90671183981274,-0.002439394339660339,606.4166666666666,1.0,80.0,0.0,2.0,150.0,100.0,0.0,0.0,0.0,2.2578386139090094,2.051656529959227
2024-10-10 23:50:00,6.72,-6.55,-42.42,688.0,2.66,451,1.4962356686592102,43.44556709262753,2.52,29.715511905528594,9.0,-87.91687598289465,-0.0017424245283280016,585.5,1.0,85.0,0.17500000364702792,2.0,150.0,100.0,0.0,0.0,0.0,2.263765208941255,2.051656529959227
2024-10-10 23:55:00,7.64,-6.68,-41.96,707.2,1.86,457,1.4962356686592102,43.16982279324297,1.86,30.339860452478387,9.0,-87.92413608509602,-0.0012445889488077455,581.0833333333334,1.0,90.0,0.17500000364702792,2.0,150.0,100.0,0.0,0.0,0.0,2.263765208941255,2.049986318656724
2024-10-11 00:00:00,7.97,-6.3,-41.42,717.8,1.95,504,1.0,42.647711544700734,2.01,30.438489602762353,9.0,-87.92932187238273,-0.0008889921062916528,580.9166666666666,1.0,95.0,0.0,2.0,150.0,100.0,0.6693657966374501,0.0,0.0,2.2749123147815453,2.12909211949023
2024-10-11 00:05:00,9.16,-5.22,-40.73,709.5,2.61,532,1.0,42.07240069214021,2.63,29.72928291367291,9.0,-87.93302600615894,-0.0006349943616370979,583.9166666666666,1.0,100.0,0.0,2.0,150.0,100.0,0.0,0.0,0.7495459801256188,2.285143382685869,2.049986318656724
2024-10-11 00:10:00,9.96,-5.16,-40.33,707.2,2.62,595,1.4962356686592102,41.86091375017989,2.61,29.484352704615276,9.0,-87.9356718159991,-0.00045356740116915263,592.3333333333334,1.0,105.0,0.17500000364702792,2.0,150.0,100.0,0.0,0.0,0.7495459801256188,2.321844418556875,2.049986318656724
2024-10-11 00:15:00,9.49,-5.01,-40.34,716.3,2.42,721,1.4962356686592102,41.742973061342916,2.48,29.786510416146516,9.0,-87.93756168017063,-0.00032397671512001124,607.25,1.0,110.0,0.17500000364702792,2.0,150.0,100.0,0.0,0.0,0.7495459801256188,2.3369072402777578,2.12909211949023
2024-10-11 00:20:00,9.71,-5.01,-40.13,711.1,2.77,698,1.4962356686592102,41.59087760555192,2.8,29.46136221325116,9.0,-87.9389115831503,-0.0002314119393716396,623.3333333333334,1.0,115.0,0.17500000364702792,2.0,150.0,100.0,0.0,0.0,0.7495459801256188,2.3369072402777578,2.049986318656724
2024-10-11 00:25:00,9.98,-3.3,-40.08,709.0,2.93,693,1.4962356686592102,41.43545341854002,2.95,29.328199493527755,9.0,-87.93987579956435,-0.00016529424240872004,623.0833333333334,1.0,120.0,0.17500000364702792,2.0,150.0,100.0,0.0,0.0,0.7495459801256188,2.313084455533925,2.049986318656724
2024-10-11 00:30:00,10.76,-6.36,-38.67,703.2,5.64,820,1.0,40.63983390714091,5.58,28.38850792407646,9.0,-87.94056452557439,-0.00011806731600785269,615.75,1.0,125.0,0.0,2.0,150.0,100.0,0.0,0.0,0.0,2.3369072402777578,1.9747573141019819
2024-10-11 00:35:00,9.6,-5.78,-35.83,697.4,12.58,1233,1.0,37.54140780524885,12.27,26.014300407336826,9.0,-87.94105647272443,-8.433379714745115e-05,655.1666666666666,1.0,130.0,0.0,2.0,150.0,100.0,0.0,0.0,0.0,2.3637387170285153,1.9584894692401502
2024-10-11 00:40:00,7.34,-0.79,-37.39,708.8,11.61,1357,1.0,38.11183280819751,11.64,27.01065324589092,9.0,-87.94140786354586,-6.0238426533487656e-05,713.1666666666666,1.0,135.0,0.0,2.0,150.0,100.0,0.6693657966374501,0.0,0.6210472360392165,2.3876949053897114,1.9584894692401502
2024-10-11 00:45:00,6.07,-0.92,-37.42,697.0,10.48,1068,1.0,37.92028085339032,10.17,26.426443524486146,9.0,-87.94165885698976,-4.30274475263559e-05,760.75,1.0,140.0,0.0,2.0,150.0,100.0,0.0,0.0,0.0,2.3876949053897114,1.9350419715757448
2024-10-11 00:50:00,4.81,-2.71,-37.01,696.7,10.19,1095,1.0,37.41951763451795,9.88,26.035372884238477,9.0,-87.94183813802113,-3.0733891088630115e-05,814.4166666666666,1.0,145.0,0.0,2.0,150.0,100.0,0.17500000364702792,0.0,0.0,2.394323962391287,1.9350419715757448
2024-10-11 00:55:00,4.68,-17.63,-32.99,696.6,8.46,1155,1.0,37.69694152050004,8.21,24.70984797605866,9.0,-87.94196619590065,-2.1952779347600428e-05,872.5833333333334,1.0,150.0,0.0,2.0,150.0,100.0,0.17500000364702792,0.0,0.0,2.407037854308555,1.945509891772572
2024-10-11 01:00:00,5.13,-27.9,-25.89,697.0,6.52,1134,1.0,38.40597609747733,6.33,22.488731003715063,9.0,-87.9420576658146,-1.5680556677466485e-05,925.0833333333334,1.0,155.0,0.0,2.0,150.0,100.0,0.0,0.0,0.0,2.407037854308555,1.9153401012613074
2024-10-11 01:05:00,4.72,-26.95,-25.89,696.2,6.93,924,1.0,37.66793065725804,6.72,22.196113189485793,9.0,-87.94212300146742,-1.1200397626964786e-05,957.75,1.0,160.0,0.0,2.0,150.0,100.0,0.0,0.0,0.0,2.407037854308555,1.94367914420545
2024-10-11 01:10:00,2.94,-26.76,-25.51,693.4,8.21,790,1.0,37.08775134731142,7.89,21.73056073175783,9.0,-87.94216966979087,-8.000284019260562e-06,974.0,1.0,165.0,0.0,2.0,150.0,100.0,0.17500000364702792,0.0,0.0,2.407037854308555,1.9448168208445096
2024-10-11 01:15:00,6.16,-25.66,-25.21,683.3,9.6,764,1.0,36.49555178374482,8.97,21.207076146654256,9.0,-87.94220300430761,-5.714488585795152e-06,977.5833333333334,1.0,170.0,0.0,2.0,150.0,100.0,0.17500000364702792,0.0,0.0,2.429430551282306,1.9145971293140343
2024-10-11 01:20:00,6.07,-25.24,-26.0,680.6,9.99,732,1.0,36.74101931084656,9.26,21.47404638214117,9.0,-87.94222681467673,-4.081777562703337e-06,980.4166666666666,1.0,175.0,0.0,2.0,150.0,100.0,0.17500000364702792,0.0,0.0,2.4453240293401524,1.9448168208445096
2024-10-11 01:25:00,7.71,-22.97,-27.59,677.0,9.63,1202,1.0,36.71883848925508,8.83,21.981488374016,9.0,-87.94224382208324,-2.9155554003068573e-06,1022.8333333333334,1.0,180.0,0.0,2.0,150.0,100.0,0.17500000364702792,0.0,0.0,2.5281105404868263,1.959589051111158
2024-10-11 01:30:00,8.41,-18.61,-29.74,681.9,12.34,924,1.0,36.076693307452665,11.49,22.727476288066875,9.0,-87.94225597023073,-2.0825395694146208e-06,1031.5,1.0,185.0,0.0,2.0,150.0,100.0,0.0,0.0,0.0,2.5926078113182687,1.9448168208445096
2024-10-11 01:35:00,8.5,-21.95,-27.38,676.0,10.64,505,1.0,36.107020093051155,9.73,21.726221970134347,9.0,-87.94226464747894,-1.487528264476623e-06,970.8333333333334,1.0,190.0,0.0,2.0,150.0,100.0,0.0,0.0,0.0,2.6180674178185614,1.9840501786897282
2024-10-11 01:40:00,9.32,-18.3,-29.67,669.2,8.58,376,1.0,36.084086520237705,7.69,22.35000554134748,9.0,-87.94227084551338,-1.0625201895209103e-06,889.0833333333334,1.0,195.0,0.0,2.0,150.0,100.0,0.0,0.0,0.0,2.667306639680783,1.9460387435515238
2024-10-11 01:45:00,9.41,-18.89,-28.81,664.4,8.85,629,1.3811019659042358,35.71269102154022,7.81,21.785039806541768,9.0,-87.94227527268083,-7.589429912968626e-07,852.5,1.0,200.0,0.14022574345539446,2.0,150.0,100.0,0.0,0.0,0.0,2.7071393368936736,1.9460387435515238
2024-10-11 01:50:00,10.16,-19.12,-28.01,668.0,9.23,478,3.8294953107833862,35.40282615837329,8.24,21.590689490859596,9.0,-87.94227843494329,-5.421021370466406e-07,801.0833333333334,1.0,205.0,0.5831415420667088,2.0,150.0,100.0,0.0,0.0,0.0,2.740375918811046,1.9460387435515238
2024-10-11 01:55:00,9.64,-18.61,-28.71,661.0,8.39,450,3.8294953107833862,35.546108085133596,7.34,21.606087340854145,9.0,-87.9422806937022,-3.872158146123184e-07,742.3333333333334,1.0,210.0,0.5831415420667088,2.0,150.0,100.0,0.0,0.0,0.0,2.762806457165332,1.944210228673768
2024-10-11 02:00:00,10.51,-19.31,-27.12,656.3,8.43,545,1.3811019659042358,34.911754467514236,7.27,20.7886480526333,9.0,-87.94228230710144,-2.7658272472308454e-07,693.25,1.0,215.0,0.14022574345539446,2.0,150.0,100.0,0.0,0.6693657966374501,0.0,2.7647864190562554,1.944210228673768
2024-10-11 02:05:00,8.61,-18.43,-28.32,662.3,7.67,439,3.8294953107833862,34.868601922073104,6.73,21.224589114089518,9.0,-87.94228345952945,-1.9755908766683206e-07,652.8333333333334,1.0,220.0,0.5831415420667088,2.0,150.0,100.0,0.0,0.0,0.0,2.7647864190562554,1.889715061293681
2024-10-11 02:10:00,9.73,-20.16,-26.1,656.0,7.01,418,1.3811019659042358,34.38471317315298,6.03,20.203798864006256,9.0,-87.94228428269231,-1.4111363384472496e-07,621.8333333333334,1.0,225.0,0.14022574345539446,2.0,150.0,100.0,0.0,0.0,0.0,2.7647864190562554,1.8240386235223423
2024-10-11 02:15:00,10.04,-19.24,-27.05,658.6,6.74,384,1.3811019659042358,34.67970155580927,5.85,20.72611429428467,9.0,-87.94228487066579,-1.0079545376129317e-07,590.1666666666666,1.0,230.0,0.14022574345539446,2.0,150.0,100.0,0.0,0.0,0.0,2.7676690554069587,1.889715061293681
2024-10-11 02:20:00,9.81,-15.01,-29.84,664.9,5.44,336,1.3811019659042358,34.81324173357029,4.77,21.912956657603228,9.0,-87.94228529064685,-7.199675451374788e-08,557.1666666666666,1.0,235.0,0.14022574345539446,2.0,150.0,100.0,0.0,0.0,0.0,2.775203138873075,1.889715061293681
2024-10-11 02:25:00,8.14,-17.96,-29.0,669.0,3.1,569,3.8294953107833862,35.068806652066165,2.78,21.70339178773082,9.0,-87.94228559063333,-5.142625241205678e-08,504.4166666666667,1.0,240.0,0.5831415420667088,2.0,150.0,100.0,0.0,0.0,0.22858630204673358,2.786887921597351,1.8240386235223423
2024-10-11 02:30:00,6.04,-19.25,-27.91,691.5,4.01,668,10.506236553192139,34.43852784310038,3.84,21.70893225288184,9.0,-87.94228580490937,-3.6733035813085736e-08,483.0833333333333,1.0,245.0,1.0214471749355327,2.0,150.0,100.0,0.0,0.0,0.22858630204673358,2.800580704009336,1.8882118294795394
2024-10-11 02:35:00,7.35,-18.15,-28.11,692.8,4.25,583,15.181076049804688,34.25809539364382,4.08,21.83646219068211,9.0,-87.94228595796369,-2.6237881911583828e-08,489.5833333333333,1.0,250.0,1.181302555876319,2.0,150.0,100.0,0.0,0.0,0.0,2.8272164153995267,1.8452815401535192
2024-10-11 02:40:00,9.33,-15.69,-29.45,686.0,3.43,684,15.92159366607666,34.64862912151071,3.22,22.373249207812215,9.0,-87.9422860672882,-1.8741344831596506e-08,515.25,1.0,255.0,1.201986536124211,2.0,150.0,100.0,0.0,0.6693657966374501,0.0,2.84977293707775,1.7971663486779155
2024-10-11 02:45:00,9.91,-14.63,-29.82,678.4,2.74,1168,15.92159366607666,34.6623340241248,2.52,22.313005235758034,9.0,-87.94228614537714,-1.3386676300797262e-08,560.1666666666666,1.0,260.0,1.201986536124211,2.0,150.0,100.0,0.14022574345539446,0.0,0.0,2.867707730852104,1.8031137248235674
2024-10-11 02:50:00,12.02,-13.34,-29.51,668.7,3.45,1088,15.85620403289795,34.543828681835485,3.08,22.07408581971906,9.0,-87.94228620115496,-9.561911440414405e-09,611.0,1.0,265.0,1.2001992255488438,2.0,150.0,100.0,0.5831415420667088,0.17500000364702792,0.0,2.863936214451911,1.8031137248235674
2024-10-11 02:55:00,10.99,-13.72,-29.43,662.4,3.68,1102,11.392008543014526,34.28036464216797,3.23,21.644024216121487,9.0,-87.94228624099625,-6.829935728092096e-09,665.3333333333334,1.0,270.0,1.0566003019759516,2.0,150.0,100.0,0.5831415420667088,0.17500000364702792,0.0,2.863936214451911,1.8271155460454527
2024-10-11 03:00:00,11.74,-12.87,-29.42,662.4,999.99,1172,11.392008543014526,34.190655156051044,99.99,21.698622109253293,9.0,-87.94228626945431,-4.878525317053573e-09,717.5833333333334,1.0,275.0,1.0566003019759516,2.0,150.0,100.0,0.14022574345539446,0.0,0.0,2.833775707249406,1.8271155460454527
2024-10-11 03:05:00,11.62,-13.1,-28.97,658.7,3.28,960,3.5936477184295654,33.85107531526879,2.84,21.307379718941057,9.0,-87.9422862897815,-3.4846607377403417e-09,761.0,1.0,280.0,0.5555355014204815,2.0,150.0,100.0,0.5831415420667088,0.0,0.0,2.833775707249406,1.8271155460454527
2024-10-11 03:10:00,11.65,-13.74,-28.69,647.5,3.18,878,3.5936477184295654,33.87663206400542,2.66,20.859260182729265,9.0,-87.94228630430092,-2.4890439931368746e-09,799.3333333333334,1.0,285.0,0.5555355014204815,2.0,150.0,100.0,0.14022574345539446,0.17500000364702792,0.0,2.833775707249406,1.9548933447002268
2024-10-11 03:15:00,12.61,-13.6,-28.47,638.2,3.89,787,3.5936477184295654,33.97812531615009,3.17,20.625888413516442,9.0,-87.94228631467195,-1.7778901906240207e-09,832.9166666666666,1.0,290.0,0.5555355014204815,2.0,150.0,100.0,0.14022574345539446,0.17500000364702792,0.0,2.616622937342744,1.8271155460454527
2024-10-11 03:20:00,11.73,-13.26,-29.02,647.2,3.3,683,1.0,33.993836205994754,2.76,21.00581261939467,9.0,-87.94228632207982,-1.269920346658182e-09,861.8333333333334,1.0,295.0,0.0,2.0,150.0,100.0,0.14022574345539446,0.17500000364702792,0.0,1.8061667331092472,1.8271155460454527
2024-10-11 03:25:00,12.51,-13.23,-28.75,642.8,3.47,848,1.0,34.03080222386772,2.87,20.873457853110807,9.0,-87.94228632737115,-9.0708454081323e-10,885.0833333333334,1.0,300.0,0.0,2.0,150.0,100.0,0.5831415420667088,0.17500000364702792,0.0,1.6837384081853342,1.9271794792117374
2024-10-11 03:30:00,11.08,-13.62,-29.16,639.9,3.54,1071,1.0,34.03786714822184,2.9,20.75756997665546,9.0,-87.94228633115067,-6.479169201156765e-10,918.6666666666666,1.0,305.0,0.0,2.0,150.0,100.0,1.0214471749355327,0.0,0.0,1.4427748667598035,1.8271155460454527
2024-10-11 03:35:00,11.56,-13.46,-29.21,645.6,3.95,1002,1.0,34.17644364178344,3.3,21.05171480939371,9.0,-87.94228633385032,-4.6279780008262605e-10,953.5833333333334,1.0,310.0,0.0,2.0,150.0,100.0,1.181302555876319,0.0,0.0,1.4427748667598035,1.8920464919492352
2024-10-11 03:40:00,11.65,-13.17,-29.16,633.0,3.45,905,1.0,34.05109396186854,2.78,20.599045979035154,9.0,-87.94228633577865,-3.305714812995575e-10,972.0,1.0,315.0,0.0,2.0,150.0,100.0,1.201986536124211,0.0,0.0,1.115184398581801,1.979518476629743
2024-10-11 03:45:00,13.54,-13.18,-28.22,634.3,3.9,946,1.0,33.96192574045235,3.14,20.53013172574816,9.0,-87.94228633715603,-2.3612329869138194e-10,953.5,1.0,320.0,0.0,2.0,150.0,100.0,1.201986536124211,0.0,0.0,1.115184398581801,1.9905893341525194
2024-10-11 03:50:00,13.31,-13.85,-27.89,627.5,3.34,1021,1.0,33.86488889690914,2.63,20.141425750074546,9.0,-87.94228633813988,-1.6865868701643193e-10,947.9166666666666,1.0,325.0,0.0,2.0,150.0,100.0,1.2001992255488438,0.0,0.0,1.290590758300763,1.979518476629743
2024-10-11 03:55:00,12.46,-13.88,-28.14,621.0,3.54,1021,1.0,33.76041468939622,2.73,19.883792095412147,9.0,-87.94228633884262,-1.2046967867718194e-10,941.1666666666666,1.0,330.0,0.0,2.0,150.0,100.0,1.0566003019759516,0.0,0.0,1.290590758300763,1.934379903818413
2024-10-11 04:00:00,12.01,-12.87,-28.89,624.8,3.27,950,1.0,33.83059414198929,2.55,20.22273302441292,9.0,-87.94228633934458,-8.604956747149117e-11,922.6666666666666,1.0,335.0,0.0,2.0,150.0,100.0,1.0566003019759516,0.0,0.0,1.4322027171309049,1.934379903818413
2024-10-11 04:05:00,12.19,-12.08,-29.16,612.0,3.08,549,1.0,33.83530848093453,2.3,19.91890983901101,9.0,-87.94228633970312,-6.14647888141917e-11,888.4166666666666,1.0,340.0,0.0,2.0,150.0,100.0,0.5555355014204815,0.0,0.0,1.4322027171309049,1.934379903818413
2024-10-11 04:10:00,11.39,-11.42,-29.83,615.1,3.7,854,1.0,33.911316695168296,2.8,20.169478807987435,9.0,-87.94228633995922,-4.390443564261659e-11,886.4166666666666,1.0,345.0,0.0,2.0,150.0,100.0,0.5555355014204815,0.0,0.0,1.4278185950481903,1.856773114470033
2024-10-11 04:15:00,11.05,-10.93,-29.95,623.8,3.99,672,1.0,33.74270143305068,3.11,20.410911240272597,9.0,-87.94228634014216,-3.135909310003626e-11,876.8333333333334,1.0,350.0,0.0,2.0,150.0,100.0,0.5555355014204815,0.0,0.0,1.5233502351389634,1.934379903818413
2024-10-11 04:20:00,13.15,-10.57,-29.55,621.1,4.01,536,1.0,34.02719353693454,3.1,20.516914922671262,9.0,-87.94228634027282,-2.23991492021014e-11,864.5833333333334,1.0,355.0,0.0,2.0,150.0,100.0,0.0,0.0,0.0,1.4278185950481903,1.856773114470033
2024-10-11 04:25:00,12.94,-10.4,-29.79,620.5,3.95,453,1.0,34.103485159144654,3.04,20.56996751059096,9.0,-87.94228634036615,-1.6000001323845937e-11,831.6666666666666,1.0,360.0,0.0,2.0,150.0,100.0,0.0,0.0,0.0,1.4278185950481903,1.8156283431831455
2024-10-11 04:30:00,13.16,-10.7,-29.69,621.2,3.45,320,1.0,34.19315282333584,2.66,20.611742919133242,9.0,-87.94228634043282,-1.1426948276493932e-11,769.0833333333334,1.0,365.0,0.0,2.0,150.0,100.0,0.0,0.0,0.0,1.4123315073879539,1.856773114470033
2024-10-11 04:35:00,14.46,-10.15,-28.66,622.9,3.45,415,1.944909691810608,33.66763579463221,2.67,20.37001696549607,9.0,-87.94228634048042,-8.16271494841203e-12,720.1666666666666,1.0,370.0,0.2888994404900706,2.0,150.0,100.0,0.0,0.0,0.0,1.4123315073879539,1.8225311395179995
2024-10-11 04:40:00,14.17,-9.94,-28.97,625.1,3.58,1261,1.0,33.746902080042844,2.79,20.52426314536913,9.0,-87.94228634051444,-5.830713689647382e-12,749.8333333333334,1.0,375.0,0.0,2.0,150.0,100.0,0.0,0.0,0.0,1.4123315073879539,1.8109025701909616
2024-10-11 04:45:00,14.41,-9.53,-28.97,621.6,3.58,1289,1.0,33.730252000244526,2.77,20.441738278974494,9.0,-87.94228634053873,-4.163780431554187e-12,778.4166666666666,1.0,380.0,0.0,2.0,150.0,100.0,0.0,0.14022574345539446,0.0,1.1818365251052485,1.7021072573695508
2024-10-11 04:50:00,15.88,-8.1,-28.34,623.0,4.0,1283,1.0,33.480442052039876,3.1,20.456775493644052,9.0,-87.94228634055608,-2.9757529773632997e-12,800.25,1.0,385.0,0.0,2.0,150.0,100.0,0.0,0.5831415420667088,0.0,0.9822289893991515,1.5430363987150408
2024-10-11 04:55:00,16.71,-10.42,-27.01,634.4,4.17,837,1.0,33.426645060490294,3.35,20.495256385128442,9.0,-87.94228634056849,-2.1259438653942197e-12,784.9166666666666,1.0,390.0,0.0,2.0,150.0,100.0,0.0,0.5831415420667088,0.0,0.7923887869199773,1.5430363987150408
2024-10-11 05:00:00,17.39,-9.17,-27.29,625.4,3.7,534,1.0,33.63398727477907,2.9,20.48691387930989,9.0,-87.94228634057734,-1.5162981981120538e-12,750.25,1.0,395.0,0.0,2.0,150.0,100.0,0.0,0.14022574345539446,0.6693657966374501,0.4781678910375692,1.5060681788957613
2024-10-11 05:05:00,17.44,-9.91,-27.01,629.3,3.58,539,1.0,33.64374830484856,2.83,20.524201757380443,9.0,-87.94228634058365,-1.0828671292983927e-12,749.4166666666666,1.0,400.0,0.0,2.0,150.0,100.0,0.0,0.5831415420667088,0.0,0.0,1.5430363987150408
2024-10-11 05:10:00,17.72,-10.11,-26.91,638.8,2.85,595,1.0,33.76919602241072,2.32,20.882701688564445,9.0,-87.94228634058817,-7.759126674500294e-13,727.8333333333334,1.0,405.0,0.0,2.0,150.0,100.0,0.0,0.14022574345539446,0.0,0.0,1.7110510667825019
2024-10-11 05:15:00,17.65,-7.67,-27.34,638.3,2.86,408,1.0,33.43391990180032,2.34,20.944235721374234,9.0,-87.94228634059141,-5.556444193643984e-13,705.8333333333334,1.0,410.0,0.0,2.0,150.0,100.0,0.0,0.14022574345539446,0.0,0.0,1.5430363987150408
2024-10-11 05:20:00,17.92,-10.05,-26.28,635.9,2.93,410,1.0,33.3581669160642,2.37,20.51277506259173,9.0,-87.94228634059372,-3.950617610826157e-13,695.3333333333334,1.0,415.0,0.0,2.0,150.0,100.0,0.0,0.14022574345539446,0.0,0.0,1.4844166211331349
2024-10-11 05:25:00,17.46,-11.3,-25.83,631.6,3.72,522,1.0,33.16218478930482,2.96,20.067268962611205,9.0,-87.94228634059536,-2.813749233609997e-13,701.0833333333334,1.0,420.0,0.0,2.0,150.0,100.0,0.0,0.5831415420667088,0.0,0.0,1.6924433198273696
2024-10-11 05:30:00,17.15,-14.26,-24.62,640.1,3.11,923,1.0,33.22069385187492,2.54,19.832716734529342,9.0,-87.94228634059654,-2.0179413695586844e-13,751.3333333333334,1.0,425.0,0.0,2.0,150.0,100.0,0.0,1.0214471749355327,0.0,0.0,1.4336143659622604
2024-10-11 05:35:00,16.65,-16.2,-23.72,640.5,2.62,882,1.0,33.2009171560064,2.15,19.41283186183349,9.0,-87.94228634059738,-1.4352963262354023e-13,790.25,1.0,430.0,0.0,2.0,150.0,100.0,0.2888994404900706,1.181302555876319,0.0,0.0,1.4336143659622604
2024-10-11 05:40:00,16.26,-14.79,-24.66,649.1,2.45,789,1.0,33.034032451397756,2.06,19.91553109195845,9.0,-87.94228634059797,-1.0231815394945443e-13,750.9166666666666,1.0,435.0,0.0,2.0,150.0,100.0,0.0,1.201986536124211,0.6693657966374501,0.0,1.4336143659622604
2024-10-11 05:45:00,15.99,-13.72,-24.98,665.8,2.23,706,1.0,32.679028443330445,1.97,20.414129651373848,9.0,-87.9422863405984,-7.389644451905042e-14,702.3333333333334,1.0,440.0,0.0,2.0,150.0,100.0,0.0,1.201986536124211,0.0,0.0,1.522096711957187
2024-10-11 05:50:00,17.66,-12.09,-24.08,652.2,2.39,513,1.0,32.21630177410188,2.03,19.894541002495,9.0,-87.94228634059871,-5.2580162446247416e-14,638.1666666666666,1.0,445.0,0.0,2.0,150.0,100.0,0.0,1.2001992255488438,0.17500000364702792,0.0,1.6717696188126225
2024-10-11 05:55:00,18.17,-9.95,-21.53,679.3,3.47,838,1.0,29.87795675744913,3.22,19.359933407433132,9.0,-87.94228634059893,-3.694822225952521e-14,638.25,1.0,450.0,0.0,2.0,150.0,100.0,0.0,1.0566003019759516,0.17500000364702792,0.0,1.5348890680263594
2024-10-11 06:00:00,5.36,-21.13,-18.62,706.1,6.33,919,1.0,28.66898847186625,6.31,16.81337215059434,9.0,-87.94228634059908,-2.7000623958883806e-14,670.3333333333334,1.0,455.0,0.0,2.0,150.0,100.0,0.0,1.0566003019759516,0.0,0.0,1.6717696188126225
2024-10-11 06:05:00,7.41,-19.02,-15.07,711.2,6.38,1000,1.0,25.372690042642308,6.46,14.625695196538235,9.0,-87.9422863405992,-1.9895196601282804e-14,708.75,1.0,460.0,0.0,2.0,150.0,100.0,0.0,0.5555355014204815,0.0,0.7495459801256188,1.6717696188126225
2024-10-11 06:10:00,5.03,-18.46,-15.22,694.1,7.49,1176,1.0,24.448331231394917,7.21,13.882366324720083,9.0,-87.94228634059928,-1.4210854715202004e-14,757.1666666666666,1.0,465.0,0.0,2.0,150.0,100.0,0.0,0.5555355014204815,0.17500000364702792,0.7495459801256188,1.6717696188126225
2024-10-11 06:15:00,5.56,-16.87,-14.57,687.8,8.12,955,1.0,22.973798118726474,7.68,13.064828884659516,9.0,-87.94228634059934,-9.947598300641402e-15,802.75,1.0,470.0,0.0,2.0,150.0,100.0,0.0,0.5555355014204815,0.17500000364702792,0.7495459801256188,1.6717696188126225
2024-10-11 06:20:00,5.19,-19.5,-15.42,728.0,6.31,1049,1.0,25.39611190714043,6.69,14.97807630309412,9.0,-87.94228634059938,-7.105427357601002e-15,856.0,1.0,475.0,0.0,2.0,150.0,100.0,0.0,0.0,0.17500000364702792,0.7495459801256188,1.6717696188126225
2024-10-11 06:25:00,14.17,-16.1,-19.08,728.1,5.24,1023,1.0,28.70618922810898,5.58,18.43744940734935,9.0,-87.94228634059941,-4.263256414560601e-15,897.75,1.0,480.0,0.0,2.0,150.0,100.0,0.0,0.0,0.17500000364702792,0.7495459801256188,1.6717696188126225
2024-10-11 06:30:00,19.59,-9.14,-20.09,684.0,4.64,936,1.0,29.511282588189893,4.34,19.279648864248873,9.0,-87.94228634059942,-2.842170943040401e-15,898.8333333333334,1.0,485.0,0.0,2.0,150.0,100.0,0.0,0.0,0.0,0.0,1.6925497975466466
2024-10-11 06:35:00,19.32,-8.64,-19.51,696.0,3.85,905,1.0,28.784580941886233,3.75,19.17612807546562,9.0,-87.94228634059944,-1.4210854715202005e-15,900.75,1.0,490.0,0.0,2.0,150.0,100.0,0.0,0.0,0.0,0.0,1.7165743073124202
2024-10-11 06:40:00,17.35,-11.86,-18.99,729.4,5.44,869,1.0,28.324939540976956,5.81,19.09183131234663,9.0,-87.94228634059944,0.0,907.4166666666666,1.0,495.0,0.0,2.0,150.0,100.0,0.0,0.0,0.0,0.6210472360392165,1.7868781251200505
2024-10-11 06:45:00,1.02,-24.31,-16.37,796.1,3.78,940,1.0,29.32564406794845,4.77,18.19309620116504,9.0,-87.94228634059944,0.0,926.9166666666666,1.0,500.0,0.0,2.0,150.0,100.0,0.0,0.0,0.0,0.0,1.8526943858887426
2024-10-11 06:50:00,-1.59,-27.18,-14.11,810.4,2.96,1019,1.0,30.665495267482637,3.85,18.150731511504006,9.0,-87.94228634059944,0.0,969.0833333333334,1.0,505.0,0.0,2.0,150.0,100.0,0.0,0.0,0.0,0.0,1.8526943858887426
2024-10-11 06:55:00,4.85,-25.33,-15.68,796.4,1.99,936,1.0,30.182673837816292,2.51,18.344721472558046,9.0,-87.94228634059944,0.0,977.25,1.0,510.0,0.0,2.0,150.0,100.0,0.0,0.0,0.0,0.0,1.8526943858887426
2024-10-11 07:00:00,6.47,-24.24,-16.49,774.0,2.55,988,1.0,30.02263479443468,3.05,18.153947349705337,9.0,-87.94228634059944,0.0,983.0,1.0,515.0,0.0,2.0,150.0,100.0,0.0,0.0,0.0,0.0,1.7868781251200505
2024-10-11 07:05:00,8.85,-21.82,-18.47,741.7,2.62,1150,1.0,29.926172491650178,2.88,18.268432387508838,9.0,-87.94228634059944,0.0,995.5,1.0,520.0,0.0,2.0,150.0,100.0,0.0,0.0,0.0,0.0,1.760109296995433
2024-10-11 07:10:00,10.54,-20.01,-17.6,731.0,4.19,1011,1.0,28.6574894224878,4.48,17.391985812605956,9.0,-87.94228634059944,0.0,981.75,1.0,525.0,0.0,2.0,150.0,100.0,0.0,0.0,0.0,0.0,1.7165743073124202
2024-10-11 07:15:00,11.01,-18.89,-17.39,713.6,7.51,859,1.0,27.936791154318353,7.6,16.718997591458578,9.0,-87.94228634059944,0.0,973.75,1.0,530.0,0.0,2.0,150.0,100.0,0.0,0.0,0.0,0.0,1.760109296995433
2024-10-11 07:20:00,10.48,-20.39,-17.21,733.5,5.09,592,1.0,28.666471704763392,5.47,17.29459952212754,9.0,-87.94228634059944,0.0,935.6666666666666,1.0,535.0,0.0,2.0,150.0,100.0,0.0,0.0,0.0,0.0,1.8310006347418266
2024-10-11 07:25:00,12.92,-19.19,-17.34,712.9,5.58,579,1.0,28.911210628405033,5.67,17.214526844082865,9.0,-87.94228634059944,0.0,898.6666666666666,1.0,540.0,0.0,2.0,150.0,100.0,0.0,0.0,0.0,0.0,1.8752036059851813
2024-10-11 07:30:00,16.13,-14.52,-18.94,723.7,5.54,549,1.0,28.805049904487234,5.82,18.695092160214795,9.0,-87.94228634059944,0.0,866.4166666666666,1.0,545.0,0.0,2.0,150.0,100.0,0.0,0.0,0.0,0.0,1.9241859090344302
2024-10-11 07:35:00,20.08,-6.73,-20.38,720.4,5.76,467,1.0,29.39121807615329,5.97,20.639490824894782,9.0,-87.94228634059944,0.0,829.9166666666666,1.0,550.0,0.0,2.0,150.0,100.0,0.0,0.2888994404900706,0.0,0.0,1.9319120699409922
2024-10-11 07:40:00,22.28,-4.97,-18.95,721.0,5.31,509,1.0,29.668195091713955,5.52,21.040877556733445,9.0,-87.94228634059944,0.0,799.9166666666666,1.0,555.0,0.0,2.0,150.0,100.0,0.0,0.0,0.0,0.0,1.895481424524286
2024-10-11 07:45:00,23.06,-4.87,-17.51,700.3,5.8,545,1.0,29.361209103168758,5.69,20.1856966860836,9.0,-87.94228634059944,0.0,767.0,1.0,560.0,0.0,2.0,150.0,100.0,0.0,0.0,0.14022574345539446,0.0,1.9003167369862937
2024-10-11 07:50:00,21.98,-4.72,-18.22,703.2,7.75,946,1.0,28.937297731474512,7.67,20.023583078900824,9.0,-87.94228634059944,0.0,760.9166666666666,1.0,565.0,0.0,2.0,150.0,100.0,0.0,0.0,0.5831415420667088,0.0,1.8808788963063814
2024-10-11 07:55:00,17.53,-0.46,-22.16,697.8,7.15,1047,1.0,28.259124190250482,6.97,19.717093295255307,9.0,-87.94228634059944,0.0,770.1666666666666,1.0,570.0,0.0,2.0,150.0,100.0,0.0,0.0,0.5831415420667088,0.0,1.8808788963063814
2024-10-11 08:00:00,18.02,1.27,-21.08,691.0,7.24,1716,1.0,27.76147870701415,6.91,19.16582191188064,9.0,-87.94228634059944,0.0,830.8333333333334,1.0,575.0,0.0,2.0,150.0,100.0,0.0,0.0,0.14022574345539446,0.0,1.9003167369862937
2024-10-11 08:05:00,17.22,0.8,-21.44,703.5,6.25,2063,1.0,27.510761530717396,6.19,19.34709121938462,9.0,-87.94228634059944,0.0,906.9166666666666,1.0,580.0,0.0,2.0,150.0,100.0,0.0,0.0,0.5831415420667088,0.0,1.9506784409963418
2024-10-11 08:10:00,16.85,0.64,-21.28,711.6,6.68,2496,1.0,27.15088396351029,6.77,19.316203044587752,9.0,-87.94228634059944,0.0,1030.6666666666667,1.0,585.0,0.0,2.0,150.0,100.0,0.0,0.0,0.14022574345539446,0.0,1.9506784409963418
2024-10-11 08:15:00,16.05,-1.2,-21.35,704.8,5.36,2674,1.0,26.7369594382009,5.33,18.82936138162136,9.0,-87.94228634059944,0.0,1181.9166666666667,1.0,590.0,0.0,2.0,150.0,100.0,0.0,0.0,0.14022574345539446,0.0,1.9506784409963418
2024-10-11 08:20:00,17.01,-1.25,-19.87,703.4,4.54,1940,1.0,26.18624639004224,4.49,18.401235783175885,9.0,-87.94228634059944,0.0,1294.25,1.0,595.0,0.0,2.0,150.0,100.0,0.0,0.0,0.14022574345539446,0.0,1.9003167369862937
2024-10-11 08:25:00,17.86,-0.54,-18.35,688.9,4.84,1332,1.0,25.612373962598625,4.6,17.64054691928565,9.0,-87.94228634059944,0.0,1357.0,1.0,600.0,0.0,2.0,150.0,100.0,0.0,0.0,0.5831415420667088,0.22858630204673358,1.9003167369862937
2024-10-11 08:30:00,18.01,-1.62,-17.81,683.1,5.45,1257,1.0,25.380713149949116,5.09,17.301924509019344,9.0,-87.94228634059944,0.0,1416.0,1.0,605.0,0.0,2.0,150.0,100.0,0.0,0.0,1.0214471749355327,0.22858630204673358,1.9003167369862937
2024-10-11 08:35:00,16.69,-2.5,-18.78,690.4,5.11,1128,1.0,25.248653429440548,4.87,17.35545503771595,9.0,-87.94228634059944,0.0,1471.0833333333333,1.0,610.0,0.0,2.0,150.0,100.0,0.0,0.0,1.181302555876319,0.0,1.9003167369862937
2024-10-11 08:40:00,16.71,-4.73,-18.61,695.2,3.95,1166,1.0,25.454451477099248,3.82,17.42328802085249,9.0,-87.94228634059944,0.0,1525.8333333333333,1.0,615.0,0.0,2.0,150.0,100.0,0.0,0.0,1.201986536124211,0.0,1.9436688082418407
2024-10-11 08:45:00,15.77,-5.09,-18.96,701.1,3.83,1009,1.0,25.180996803145025,3.76,17.352527877410104,9.0,-87.94228634059944,0.0,1564.5,1.0,620.0,0.0,2.0,150.0,100.0,0.0,0.0,1.201986536124211,0.0,2.0324491970407648
2024-10-11 08:50:00,14.55,-4.91,-18.9,705.6,4.03,1021,1.0,24.352014290403165,4.01,16.906760298320798,9.0,-87.94228634059944,0.0,1570.75,1.0,625.0,0.0,2.0,150.0,100.0,0.0,0.0,1.2001992255488438,0.0,2.0719648485431583
2024-10-11 08:55:00,14.72,-2.37,-18.58,713.2,4.58,851,1.0,23.82250406653339,4.66,16.92193148250107,9.0,-87.94228634059944,0.0,1554.4166666666667,1.0,630.0,0.0,2.0,150.0,100.0,0.0,0.0,1.0566003019759516,0.0,2.1010317493326096
2024-10-11 09:00:00,13.8,-2.2,-17.71,725.0,6.29,1024,1.5668964385986328,22.559346178468914,6.62,16.29314939275518,9.0,-87.94228634059944,0.0,1496.75,1.0,635.0,0.19504029344917037,2.0,150.0,100.0,0.0,0.0,1.0566003019759516,0.0,2.1443222921092486
2024-10-11 09:05:00,12.87,-3.34,-18.29,719.3,7.01,1252,1.5668964385986328,22.61231080628426,7.25,16.132734785073062,9.0,-87.94228634059944,0.0,1429.1666666666667,1.0,640.0,0.19504029344917037,2.0,150.0,100.0,0.0,0.0,0.5555355014204815,0.0,2.1443222921092486
2024-10-11 09:10:00,11.37,-3.63,-19.23,710.6,7.25,1242,2.81360125541687,22.63286769280464,7.32,15.94336304153762,9.0,-87.94228634059944,0.0,1324.6666666666667,1.0,645.0,0.44926254908927343,2.0,150.0,100.0,0.0,0.0,0.5555355014204815,0.0,2.1679068781056205
2024-10-11 09:15:00,8.76,-2.88,-20.59,695.3,7.1,1515,8.030569314956665,22.56058731505011,6.87,15.610759481437467,9.0,-87.94228634059944,0.0,1228.0833333333333,1.0,650.0,0.9047463350146361,2.0,150.0,100.0,0.0,0.0,0.5555355014204815,0.0,2.1679068781056205
2024-10-11 09:20:00,7.79,-2.74,-20.68,684.2,6.64,1270,8.030569314956665,22.267781658710415,6.22,15.169618697929321,9.0,-87.94228634059944,0.0,1172.25,1.0,655.0,0.9047463350146361,2.0,150.0,100.0,0.0,0.0,0.0,0.0,2.1679068781056205
2024-10-11 09:25:00,8.27,-2.06,-20.5,675.6,6.72,1369,2.2467048168182373,22.201047272595048,6.14,14.961447613907367,9.0,-87.94228634059944,0.0,1175.3333333333333,1.0,660.0,0.35154601641193645,2.0,150.0,100.0,0.0,0.0,0.0,0.0,2.1679068781056205
2024-10-11 09:30:00,8.62,-2.33,-19.92,665.9,7.01,1164,2.2467048168182373,21.829789279789214,6.2,14.48724104561211,9.0,-87.94228634059944,0.0,1167.5833333333333,1.0,665.0,0.35154601641193645,2.0,150.0,100.0,0.0,0.0,0.0,0.0,2.1443222921092486
2024-10-11 09:35:00,1.98,-7.38,-17.54,641.8,9.87,971,2.2467048168182373,19.132077775296647,8.12,11.798456298876468,9.0,-87.94228634059944,0.47183674142759885,1154.5,1.0,670.0,0.35154601641193645,3.0,150.0,100.0,0.0,0.0,0.0,0.0,2.1229311592170763
2024-10-11 09:40:00,18.04,1.93,-9.26,690.1,7.49,727,2.2467048168182373,20.36944034577288,7.12,13.909091519291696,7.679,-83.22391892632345,1.3945425334266575,1117.9166666666667,1.0,675.0,0.35154601641193645,3.0,150.0,100.0,0.0,0.0,0.0,0.0,2.1229311592170763
2024-10-11 09:45:00,21.42,4.6,-2.58,708.4,8.63,820,1.0,22.059755211697162,8.67,11.635810024033455,5.858,-73.99686100633286,1.5,1102.1666666666667,1.0,680.0,0.0,3.0,150.0,100.0,0.0,0.0,0.0,0.0,2.1229311592170763
2024-10-11 09:50:00,20.1,6.39,-2.67,697.2,8.1,1166,1.0,21.25960959189985,7.87,10.26836025167417,5.773000000000001,-67.15250836709646,1.160511734349869,1114.25,1.0,685.0,0.0,3.0,150.0,100.0,0.0,0.0,0.0,0.0,2.060461328577756
2024-10-11 09:55:00,19.56,5.97,3.0,691.6,7.6,988,1.0,20.669651666150543,7.27,3.938246226317784,5.816000000000001,-62.39174366283417,0.9725946212812531,1125.6666666666667,1.0,0.0,0.0,3.0,150.0,100.0,0.0,0.0,0.0,0.0,2.000739964736916
2024-10-11 10:00:00,19.01,6.42,-0.47,713.8,7.92,1068,1.0,20.070311407648862,8.24,7.6860954699281905,5.279,-57.42656215428393,0.451490154219487,1129.3333333333333,1.0,0.0,0.0,3.0,150.0,100.0,0.19504029344917037,0.0,0.0,0.0,1.977288215106658
2024-10-11 10:05:00,18.73,8.37,-3.98,741.1,10.72,1080,1.0,20.897612303801598,11.76,11.06895594047493,6.605,-57.8768421206393,-0.22498258838576604,1115.0,1.0,5.0,0.0,2.0,150.0,100.0,0.19504029344917037,0.0,0.0,0.0,1.9596045423870059
2024-10-11 10:10:00,17.97,8.4,-5.75,733.7,10.5,787,1.0,20.652927153311705,11.31,11.856202888817773,7.062,-59.67638803814159,-0.007217174376485502,1077.0833333333333,1.0,10.0,0.0,2.0,150.0,100.0,0.44926254908927343,0.0,0.0,0.0,1.9596045423870059
2024-10-11 10:15:00,20.36,6.22,-2.52,735.7,10.0,750,1.0,21.43754650140729,10.82,10.84690080492487,6.113000000000001,-57.94901386440416,0.17178659804693056,1013.3333333333334,1.0,15.0,0.0,3.0,150.0,100.0,0.9047463350146361,0.0,0.0,0.0,1.9596045423870059
2024-10-11 10:20:00,20.94,5.91,-3.87,735.2,10.71,640,1.0,22.09951583180048,11.57,12.57416306072021,6.513,-57.95852205767228,0.04327142637532688,960.8333333333334,1.0,20.0,0.0,3.0,150.0,100.0,0.9047463350146361,0.0,0.0,0.0,1.9840040297662165
2024-10-11 10:25:00,20.37,7.95,-3.59,729.3,9.77,756,1.0,22.159140326285225,10.39,11.40583907854504,6.369999999999999,-57.51629960065089,0.010651542749536702,909.75,1.0,25.0,0.0,3.0,150.0,100.0,0.35154601641193645,0.0,0.0,0.0,2.0751492265357148
2024-10-11 10:30:00,20.14,6.69,-4.32,728.1,10.24,719,1.0,21.657287457112446,10.86,12.161351354858844,6.577000000000001,-57.852006630176916,0.1105204373937461,872.6666666666666,1.0,30.0,0.0,3.0,150.0,100.0,0.35154601641193645,0.0,0.0,0.0,2.14079583499371
2024-10-11 10:35:00,17.0,1.05,-2.32,734.0,7.52,902,1.0,17.189674226116097,8.04,12.055992309381336,6.036,-56.41109522671343,0.31297171677119595,866.9166666666666,1.0,35.0,0.0,3.0,150.0,100.0,0.35154601641193645,0.0,0.2888994404900706,0.0,2.1821009108664158
2024-10-11 10:40:00,14.11,-0.94,-1.53,735.8,6.44,567,1.0,14.223803991900338,6.94,9.691612179574966,5.816999999999999,-54.72228946246496,0.3286725479271702,853.5833333333334,1.0,40.0,0.0,3.0,150.0,100.0,0.35154601641193645,0.0,0.0,0.0,2.1821009108664158
2024-10-11 10:45:00,11.47,-3.27,0.62,749.9,5.9,548,1.0,11.9431235445339,6.65,3.6438821867001416,5.685,-53.124369747441726,0.2594437979064594,830.9166666666666,1.0,0.0,0.0,3.0,150.0,100.0,0.0,0.0,0.0,0.0,2.1821009108664158
2024-10-11 10:50:00,11.05,-3.25,0.64,754.2,7.12,541,1.0,11.5357964614499,8.11,3.5096459527486132,5.734000000000001,-52.12785148340036,0.17586425338328127,778.8333333333334,1.0,5.0,0.0,3.0,150.0,100.0,0.0,0.0,0.0,0.0,2.1821009108664158
2024-10-11 10:55:00,10.91,-3.59,0.61,753.4,6.56,558,1.0,11.50166509684576,7.44,3.6068869819911775,5.717,-51.36572721360891,0.15099923400877202,743.0,1.0,10.0,0.0,3.0,150.0,100.0,0.0,0.0,0.0,0.0,2.2155436849386554
2024-10-11 11:00:00,10.8,-3.08,0.53,748.9,6.35,512,1.0,11.243100106287413,7.12,3.4960276502456917,5.648,-50.61785914331264,0.0957065596665565,696.6666666666666,1.0,15.0,0.0,3.0,150.0,100.0,0.0,0.0,0.0,0.6693657966374501,2.2155436849386554
2024-10-11 11:05:00,10.86,-2.48,0.87,749.7,5.69,389,1.0,11.173490949564508,6.4,2.801909848304664,5.758,-50.40866161694335,-0.001747262366046698,639.0833333333334,1.0,20.0,0.0,1.0,150.0,100.0,0.0,0.0,0.0,0.0,2.2155436849386554
2024-10-11 11:10:00,10.83,-2.32,1.34,748.2,6.53,442,1.0,11.156473457145855,7.31,2.0861788648881223,5.884000000000001,-50.63533176697311,-0.014931368897261165,610.3333333333334,1.0,25.0,0.0,1.0,150.0,100.0,0.0,0.0,0.0,0.0,2.2368238839556223
2024-10-11 11:15:00,11.17,-1.59,1.09,747.7,6.15,418,1.0,11.335126818875914,6.88,1.8415604012821631,5.804,-50.55797530591596,-0.1426605918752685,582.6666666666666,1.0,30.0,0.0,1.0,150.0,100.0,0.0,0.0,0.0,0.0,2.2155436849386554
2024-10-11 11:20:00,10.52,-0.07,2.97,742.5,5.34,327,1.0,10.93143174520154,5.89,0.0011267194826233913,6.316000000000001,-52.061937685725795,-0.3793337792560827,556.5833333333334,1.0,35.0,0.0,2.0,150.0,100.0,0.0,0.0,0.0,0.0,2.2348699675862473
2024-10-11 11:25:00,10.03,1.12,4.02,749.5,4.86,245,1.0,10.86350311823953,5.46,0.14936190630957938,6.701,-54.35131309847679,-0.20253780397353793,514.0,1.0,40.0,0.0,2.0,150.0,100.0,0.0,0.0,0.0,0.0,2.2348699675862473
2024-10-11 11:30:00,10.74,0.97,2.2,743.4,5.98,205,1.0,11.005839359176564,6.6,0.3476907369299176,6.093999999999999,-54.087315725461174,0.0059595973153115265,471.1666666666667,1.0,45.0,0.0,3.0,150.0,100.0,0.0,0.0,0.0,0.0,2.2578386139090094
2024-10-11 11:35:00,10.49,1.51,2.64,743.0,6.1,263,1.0,10.921986998710446,6.74,0.5354271380706159,6.2219999999999995,-54.29171712532367,0.06813737737969632,417.9166666666667,1.0,50.0,0.0,3.0,150.0,100.0,0.0,0.0,0.0,0.0,2.2348699675862473
2024-10-11 11:40:00,10.64,2.01,1.97,729.2,3.94,212,1.0,11.005934762663278,4.19,1.203970271651115,5.883000000000001,-53.40594195166421,0.15304727465803153,388.3333333333333,1.0,55.0,0.0,3.0,150.0,100.0,0.0,0.0,0.0,0.6693657966374501,2.2348699675862473
2024-10-11 11:45:00,10.23,2.67,2.07,725.8,3.62,267,1.0,10.773425639043507,3.81,1.5141771147233796,5.878999999999999,-52.761244378743356,0.06675617664447628,364.9166666666667,1.0,60.0,0.0,3.0,150.0,100.0,0.0,0.0,0.0,0.0,2.2578386139090094
2024-10-11 11:50:00,9.9,2.63,2.7,721.4,5.11,319,1.0,10.593247849455803,5.32,1.0838926066643102,6.024000000000001,-52.73838018521945,-0.017092243000814022,346.4166666666667,1.0,65.0,0.0,2.0,150.0,100.0,0.0,0.0,0.0,0.17500000364702792,2.263765208941255
2024-10-11 11:55:00,9.77,2.66,2.96,720.5,4.59,372,1.0,10.549412305905955,4.77,0.9736929312697977,6.093,-52.9321668087515,-0.05281645968970281,330.9166666666667,1.0,70.0,0.0,2.0,150.0,100.0,0.0,0.0,0.0,0.17500000364702792,2.263765208941255
2024-10-11 12:00:00,9.69,2.37,3.1,722.7,4.57,150,1.0,10.446195479694987,4.78,0.775969668062283,6.157,-53.266544782116476,-0.013982383346246508,300.75,1.0,75.0,0.0,2.0,150.0,100.0,0.0,0.19504029344917037,0.0,0.0,2.2749123147815453
2024-10-11 12:05:00,9.86,2.57,2.72,719.9,4.5,228,1.0,10.546226813415307,4.66,1.036852006396593,6.015,-53.07199064221396,-0.06159999046149593,287.3333333333333,1.0,80.0,0.0,2.0,150.0,100.0,0.0,0.19504029344917037,0.0,0.0,2.285143382685869
2024-10-11 12:10:00,9.63,2.24,3.72,720.8,4.12,255,1.0,10.563754067565187,4.28,0.5456481540844287,6.324,-53.882544686731435,-0.06835447326806943,271.75,1.0,85.0,0.0,2.0,150.0,100.0,0.0,0.44926254908927343,0.0,0.17500000364702792,2.321844418556875
2024-10-11 12:15:00,9.28,3.16,2.87,723.4,2.97,331,1.8367942571640015,10.214739350565926,3.11,1.2106590759595477,6.095,-53.755535374894656,0.03183873940167743,264.5,1.0,90.0,0.2640605128749551,3.0,150.0,100.0,0.0,0.9047463350146361,0.0,0.17500000364702792,2.3369072402777578
2024-10-11 12:20:00,9.08,3.07,2.51,730.9,3.11,337,1.8367942571640015,9.908148161992735,3.33,1.3290159204404168,6.061999999999999,-53.56415729271466,-0.3206732069356171,265.3333333333333,1.0,95.0,0.2640605128749551,2.0,150.0,100.0,0.0,0.9047463350146361,0.0,0.17500000364702792,2.3369072402777578
2024-10-11 12:25:00,6.39,0.32,-5.46,753.5,3.35,359,13.510448813438416,8.411070086499102,3.83,6.332312906626843,7.173,-56.96226744425083,-1.0124736998818094,274.8333333333333,1.0,0.0,1.1306697764063476,2.0,150.0,100.0,0.0,0.35154601641193645,0.0,0.17500000364702792,2.313084455533925
2024-10-11 12:30:00,4.66,-0.38,-9.01,771.5,3.95,546,12.673654556274414,10.15086695804846,4.71,7.827915952626825,8.418,-63.688894291532755,-0.7701442703035696,303.25,1.0,5.0,1.1029018654570126,2.0,150.0,100.0,0.0,0.35154601641193645,0.0,0.0,2.3369072402777578
2024-10-11 12:35:00,7.93,0.85,-6.03,750.5,4.23,694,23.0497989654541,9.998414874368837,4.77,7.467081190969327,7.314,-64.66371014728652,-0.09076430360232379,339.1666666666667,1.0,10.0,1.3626671419350078,2.0,150.0,100.0,0.0,0.35154601641193645,0.0,0.0,2.3637387170285153
2024-10-11 12:40:00,8.53,0.17,-5.5,743.4,3.76,631,23.0497989654541,10.150852180974757,4.16,7.544342458372902,7.084,-64.59653732755599,0.020068888530218487,374.0833333333333,1.0,15.0,1.3626671419350078,3.0,150.0,100.0,0.0,0.35154601641193645,0.0,0.0,2.3876949053897114
2024-10-11 12:45:00,8.33,1.08,-5.47,741.7,3.78,581,23.0497989654541,10.023781721486158,4.17,7.364235016124071,7.058000000000001,-64.46302126198434,0.056292421353052194,400.25,1.0,20.0,1.3626671419350078,3.0,150.0,100.0,0.0,0.0,0.0,0.0,2.3876949053897114
2024-10-11 12:50:00,8.44,1.1,-5.05,744.1,3.78,669,24.918903350830078,9.89677220107647,4.19,7.279827624934574,6.956,-64.03361311402547,0.10774433588525198,429.4166666666667,1.0,25.0,1.3965289256611724,3.0,150.0,100.0,0.0,0.0,0.0,0.0,2.394323962391287
2024-10-11 12:55:00,8.62,0.82,-4.77,742.0,3.77,523,33.30989456176758,9.88583329821012,4.16,7.282267012445431,6.851,-63.38557790313182,0.2371405809539276,442.0,1.0,30.0,1.5225732579894358,3.0,150.0,100.0,0.0,0.0,0.0,0.0,2.407037854308555
2024-10-11 13:00:00,9.07,1.27,-3.66,735.8,4.4,458,33.30989456176758,9.862727817394132,4.76,7.056485433823204,6.4559999999999995,-61.662207304486195,0.2565862489216819,467.6666666666667,1.0,35.0,1.5225732579894358,3.0,150.0,100.0,0.0,0.0,0.0,0.0,2.407037854308555
2024-10-11 13:05:00,8.48,2.07,-3.96,739.1,4.58,475,33.30989456176758,9.585243867528881,5.01,6.6814384528282105,6.579,-60.819715413915,0.2985132717918738,488.25,1.0,40.0,1.5225732579894358,3.0,150.0,100.0,0.0,0.0,0.0,0.0,2.407037854308555
2024-10-11 13:10:00,9.09,1.92,-2.41,736.1,4.15,425,35.39026641845703,9.5980518856693,4.51,6.295499527263314,6.0840000000000005,-58.67707458656746,0.02252408486962807,502.4166666666667,1.0,45.0,1.5488838320252023,3.0,150.0,100.0,0.0,0.0,0.0,0.0,2.407037854308555
2024-10-11 13:15:00,7.06,0.64,-6.05,735.2,4.35,390,46.38263702392578,9.31964055100839,4.71,6.832790374906986,7.167,-60.59447456521872,-0.2897758639157807,507.3333333333333,1.0,50.0,1.6663554362464121,2.0,150.0,100.0,0.2640605128749551,0.0,0.0,0.0,2.429430551282306
2024-10-11 13:20:00,7.35,1.29,-5.63,736.0,4.88,747,48.03532791137695,9.347914205853625,5.28,6.793170225979463,7.0489999999999995,-61.574833225725264,-0.05838018421861548,541.5,1.0,55.0,1.6815607597429063,2.0,150.0,100.0,0.2640605128749551,0.0,0.0,0.0,2.4453240293401524
2024-10-11 13:25:00,8.0,1.81,-4.72,729.5,5.05,1403,48.03532791137695,9.463323940349923,5.38,6.674650980528399,6.711,-61.17827640740487,0.22828957214011752,628.5,1.0,60.0,1.6815607597429063,3.0,150.0,100.0,1.1306697764063476,0.0,0.0,0.0,2.5281105404868263
2024-10-11 13:30:00,7.84,2.87,-3.2,724.1,6.17,1535,52.65737724304199,8.941056984495736,6.46,5.646975372469825,6.201,-59.29193750432409,0.4615381260765304,710.9166666666666,1.0,65.0,1.7214592239831026,3.0,150.0,100.0,1.1029018654570126,0.0,0.0,0.0,2.5926078113182687
2024-10-11 13:35:00,8.01,3.27,-1.8,720.4,6.78,1627,52.65737724304199,8.837024386070233,7.04,4.718071892290144,5.744,-56.56289514663957,0.5274924409263605,788.6666666666666,1.0,70.0,1.7214592239831026,3.0,150.0,100.0,1.3626671419350078,0.0,0.0,0.0,2.6180674178185614
2024-10-11 13:40:00,8.12,3.71,-1.16,719.3,7.57,1990,58.23752784729004,9.002449666618524,7.83,4.203939480701393,5.5409999999999995,-54.017013095060484,0.494724657255604,901.9166666666666,1.0,75.0,1.765202931121811,3.0,150.0,100.0,1.3626671419350078,0.0,0.0,0.0,2.667306639680783
2024-10-11 13:45:00,8.4,3.05,-0.41,721.6,9.11,2069,58.23752784729004,8.945982338457862,9.48,3.657731437773024,5.339,-51.61564857408353,0.3861146767833972,1025.9166666666667,1.0,80.0,1.765202931121811,3.0,150.0,100.0,1.3626671419350078,0.0,0.0,0.14022574345539446,2.7071393368936736
2024-10-11 13:50:00,8.71,3.37,0.78,719.4,8.73,1771,62.307796478271484,9.371734097807087,9.04,2.6108734271449525,5.428,-50.15586632722651,0.21197047324415977,1117.75,1.0,0.0,1.7945423926566384,3.0,150.0,100.0,1.3965289256611724,0.0,0.0,0.5831415420667088,2.740375918811046
2024-10-11 13:55:00,8.8,3.11,1.34,715.8,7.41,1357,68.70347595214844,9.429087972863547,7.59,2.0393116312910387,5.56,-49.49594384164193,0.15975523273509254,1187.25,1.0,5.0,1.8369787101112114,1.0,150.0,100.0,1.5225732579894358,0.0,0.0,0.5831415420667088,2.762806457165332
2024-10-11 14:00:00,8.31,4.38,-0.74,717.7,7.02,930,74.46722030639648,9.422743761771303,7.23,3.944647379534586,5.399000000000001,-48.55831399987559,0.00017694795141451892,1226.5833333333333,1.0,0.0,1.871965142911125,1.0,150.0,100.0,1.5225732579894358,0.0,0.0,0.14022574345539446,2.7647864190562554
2024-10-11 14:05:00,7.73,5.71,-2.35,723.9,5.45,901,74.46722030639648,9.893406895503693,5.71,4.943769306046351,5.944,-49.49417436212779,-0.0760966533585183,1262.0833333333333,1.0,5.0,1.871965142911125,1.0,150.0,100.0,1.5225732579894358,0.0,0.0,0.5831415420667088,2.7647864190562554
2024-10-11 14:10:00,8.06,5.15,-1.58,718.7,5.83,929,81.04488754272461,9.694457179233916,6.02,4.505484039513064,5.661000000000001,-49.31928053346077,0.14306579329496713,1304.0833333333333,1.0,10.0,1.9087256239715438,1.0,150.0,100.0,1.5488838320252023,0.0,0.0,0.14022574345539446,2.7647864190562554
2024-10-11 14:15:00,8.7,4.33,-0.41,714.7,5.52,853,90.39625549316406,9.726612976776654,5.65,3.8034573913667367,5.2700000000000005,-48.063516429178115,0.19647043539684503,1342.6666666666667,1.0,15.0,1.9561504409583559,1.0,150.0,100.0,1.6663554362464121,0.0,0.0,0.14022574345539446,2.7676690554069587
2024-10-11 14:20:00,8.62,4.68,0.64,714.4,5.57,778,103.04677200317383,9.829364170687745,5.69,3.0353330562490317,5.336,-47.35457617949232,0.1561984148182134,1345.25,1.0,0.0,2.0130343918147307,1.0,150.0,100.0,1.6815607597429063,0.0,0.0,0.14022574345539446,2.775203138873075
2024-10-11 14:25:00,8.64,4.78,0.28,713.0,5.18,895,103.04677200317383,9.878076735883358,5.27,3.315605010520603,5.2139999999999995,-46.50153228099598,0.05155129531345182,1302.9166666666667,1.0,5.0,2.0130343918147307,1.0,150.0,100.0,1.6815607597429063,0.0,0.0,0.5831415420667088,2.786887921597351
2024-10-11 14:30:00,8.64,5.03,1.24,717.2,4.89,866,125.00341415405273,10.074130235409903,5.03,2.747893151874084,5.5440000000000005,-46.8390632263578,-0.12050208097445107,1247.1666666666667,1.0,10.0,2.0969218748321885,1.0,150.0,100.0,1.7214592239831026,0.0,0.0,1.0214471749355327,2.800580704009336
2024-10-11 14:35:00,9.04,3.72,2.09,713.0,4.83,674,125.00341415405273,9.996404353566335,4.91,1.8181516360787915,5.757,-47.70655309074049,-0.19112350024643732,1167.75,1.0,15.0,2.0969218748321885,1.0,150.0,100.0,1.7214592239831026,0.0,0.0,1.181302555876319,2.8272164153995267
2024-10-11 14:40:00,8.63,4.66,2.48,715.5,4.66,593,143.06433868408203,10.116466774521628,4.77,1.918876514004429,5.899,-48.750298228822174,-0.19730458432487907,1051.3333333333333,1.0,20.0,2.1555313916715275,1.0,150.0,100.0,1.765202931121811,0.0,0.0,1.201986536124211,2.84977293707775
2024-10-11 14:45:00,8.72,4.35,2.87,709.9,3.95,639,143.06433868408203,10.158631797638893,3.99,1.6200580034108913,5.96,-49.67959893398928,-0.04200440234546363,932.1666666666666,1.0,25.0,2.1555313916715275,1.0,150.0,100.0,1.765202931121811,0.0,0.0,1.201986536124211,2.867707730852104
2024-10-11 14:50:00,9.01,4.45,1.97,697.4,2.77,635,134.03674697875977,10.240288081885197,2.69,2.125320982174127,5.565,-49.17034225227681,0.01591019070804194,837.5,1.0,30.0,2.127223879128038,1.0,150.0,100.0,1.7945423926566384,0.0,0.0,1.2001992255488438,2.863936214451911
2024-10-11 14:55:00,8.65,4.52,2.92,693.1,4.85,508,134.03674697875977,10.187212572632417,4.66,1.6146726034136034,5.807000000000001,-49.52049702690886,-0.01765721620714942,766.75,1.0,35.0,2.127223879128038,1.0,150.0,100.0,1.8369787101112114,0.0,0.0,1.0566003019759516,2.863936214451911
2024-10-11 15:00:00,8.64,4.72,2.66,686.6,4.92,316,142.43874740600586,10.198215530179777,4.64,1.7821657178227595,5.664,-49.346914414348305,0.03152318079992611,715.5833333333334,1.0,40.0,2.1536281458709916,1.0,150.0,100.0,1.871965142911125,0.0,0.19504029344917037,1.0566003019759516,2.833775707249406
2024-10-11 15:05:00,8.54,4.71,2.57,688.7,5.43,317,165.47322845458984,10.085663091735713,5.15,1.809492063573596,5.658,-49.2052652189096,0.051538195855697924,666.9166666666666,1.0,45.0,2.218727740257208,1.0,150.0,100.0,1.871965142911125,0.0,0.19504029344917037,0.5555355014204815,2.833775707249406
2024-10-11 15:10:00,8.88,4.09,2.38,685.1,5.3,282,176.76276397705078,10.062151857331513,4.98,1.7132236230968096,5.565000000000001,-48.831532455791326,0.09832399842192174,613.0,1.0,50.0,2.247390783853122,1.0,150.0,100.0,1.9087256239715438,0.0,0.44926254908927343,0.5555355014204815,2.833775707249406
2024-10-11 15:15:00,9.2,3.6,2.09,682.0,4.86,281,200.70133209228516,10.097925529533281,4.52,1.714542440116885,5.447,-48.222025234690385,0.10679604684408588,565.3333333333334,1.0,55.0,2.3025502549907686,1.0,150.0,100.0,1.9561504409583559,0.2640605128749551,0.9047463350146361,0.5555355014204815,2.616622937342744
2024-10-11 15:20:00,9.12,3.73,2.14,679.7,4.67,236,235.604248046875,10.083000545472563,4.31,1.7214382347770345,5.439000000000001,-47.76357198735047,0.05513419560539177,520.1666666666666,1.0,60.0,2.3721831167037073,1.0,150.0,100.0,2.0130343918147307,0.2640605128749551,0.9047463350146361,0.0,1.8061667331092472
2024-10-11 15:25:00,8.93,3.51,2.46,678.2,4.82,206,235.604248046875,9.905382375254375,4.43,1.4311262890771412,5.52,-47.67068327863647,0.031870810439897215,462.75,1.0,65.0,2.3721831167037073,1.0,150.0,100.0,2.0130343918147307,1.1306697764063476,0.35154601641193645,0.0,1.6837384081853342
2024-10-11 15:30:00,8.94,3.86,2.18,681.1,4.94,242,215.6581802368164,9.978757437677297,4.58,1.7271349574139243,5.465,-47.444863882951495,0.0695064159074569,410.75,1.0,70.0,2.333765936232635,1.0,150.0,100.0,2.0969218748321885,1.1029018654570126,0.35154601641193645,0.0,1.4427748667598035
2024-10-11 15:35:00,9.12,3.73,1.84,680.6,4.99,241,215.6581802368164,10.023617111601979,4.63,1.9019994525737793,5.3580000000000005,-46.9756191195619,0.10922902047443586,374.6666666666667,1.0,75.0,2.333765936232635,1.0,150.0,100.0,2.0969218748321885,1.3626671419350078,0.35154601641193645,0.0,1.4427748667598035
2024-10-11 15:40:00,9.19,3.67,1.65,676.2,4.92,239,177.62034606933594,10.032322761952987,4.5,2.0010523365962367,5.257000000000001,-46.352573678207136,0.1375661480002698,345.1666666666667,1.0,80.0,2.2494927118904293,1.0,150.0,100.0,2.1555313916715275,1.3626671419350078,0.35154601641193645,0.0,1.115184398581801
2024-10-11 15:45:00,9.15,3.62,1.39,673.1,5.2,268,177.62034606933594,9.937756286003395,4.72,2.1456618229088864,5.148,-45.5999576395592,0.15111037982976966,314.25,1.0,85.0,2.2494927118904293,1.0,150.0,100.0,2.1555313916715275,1.3626671419350078,0.0,0.0,1.115184398581801
2024-10-11 15:50:00,9.56,2.46,1.05,675.4,5.24,207,177.62034606933594,9.927119421060674,4.78,2.036357278876041,5.069,-44.84146987990944,0.13614778626116503,278.5833333333333,1.0,90.0,2.2494927118904293,1.0,150.0,100.0,2.127223879128038,1.3965289256611724,0.0,0.0,1.290590758300763
2024-10-11 15:55:00,9.48,2.66,1.12,671.1,5.18,210,177.62034606933594,9.909611495916478,4.67,2.0348145892311855,5.047000000000001,-44.23847977694755,0.0958553556005036,253.75,1.0,95.0,2.2494927118904293,1.0,150.0,100.0,2.127223879128038,1.5225732579894358,0.0,0.0,1.290590758300763
2024-10-11 16:00:00,9.2,3.56,1.31,668.1,5.35,207,173.43826293945312,9.951366740302559,4.77,2.1762600190327435,5.074000000000001,-43.882916323904404,0.10162172709866084,244.66666666666666,1.0,100.0,2.239144915229672,1.0,150.0,100.0,2.1536281458709916,1.5225732579894358,0.0,0.0,1.4322027171309049
2024-10-11 16:05:00,9.37,3.13,0.83,667.8,5.37,184,163.6806869506836,9.91376316037457,4.79,2.4617437742598223,4.926999999999999,-43.22226250596094,0.135134699311147,233.58333333333334,1.0,105.0,2.213997439060321,1.0,150.0,100.0,2.218727740257208,1.5225732579894358,0.0,0.0,1.4322027171309049
2024-10-11 16:10:00,9.47,3.06,0.58,667.3,5.3,195,154.47652435302734,9.96899694051513,4.72,2.7067365502297154,4.847,-42.531569330792934,0.1551866299761727,226.33333333333334,1.0,110.0,2.1888624894657833,1.0,150.0,100.0,2.247390783853122,1.5488838320252023,0.0,0.0,1.4278185950481903
2024-10-11 16:15:00,9.58,2.54,-0.1,668.1,5.17,188,150.8498764038086,9.911508462388559,4.61,3.4411904411446037,4.711000000000001,-41.670396206199214,0.1219913663619991,218.58333333333334,1.0,0.0,2.1785449586796126,1.0,150.0,100.0,2.3025502549907686,1.6663554362464121,0.0,0.0,1.5233502351389634
2024-10-11 16:20:00,9.63,1.9,-0.43,667.7,5.47,185,138.21670532226562,9.825059796255696,4.88,4.004123393517113,4.806000000000001,-41.31165566717294,0.019397401068995634,214.33333333333334,1.0,5.0,2.140560536459507,1.0,150.0,100.0,2.3721831167037073,1.6815607597429063,0.0,0.0,1.4278185950481903
2024-10-11 16:25:00,9.59,2.93,0.82,671.4,5.22,187,130.65485382080078,10.061083440663833,4.7,2.46724085542521,4.96,-41.47642219550926,0.028190334031244647,212.75,1.0,0.0,2.1161255483797135,1.0,150.0,100.0,2.3721831167037073,1.6815607597429063,0.0,0.0,1.4278185950481903
2024-10-11 16:30:00,9.56,2.66,0.14,671.1,5.42,176,130.65485382080078,9.924152356750676,4.88,3.1550258166333887,4.753,-41.029752326860496,-0.11671286196767028,207.25,1.0,5.0,2.1161255483797135,1.0,150.0,100.0,2.333765936232635,1.7214592239831026,0.0,0.0,1.4123315073879539
2024-10-11 16:35:00,8.16,4.61,2.39,672.8,8.01,166,121.0751724243164,9.672114556807111,7.25,1.756148583777181,5.444999999999999,-42.64355081518596,-0.281851879149702,201.0,1.0,10.0,2.083055096201962,1.0,150.0,100.0,2.333765936232635,1.7214592239831026,0.0,0.2888994404900706,1.4123315073879539
2024-10-11 16:40:00,8.11,4.7,2.39,674.6,7.76,107,111.52500915527344,9.673375832665657,7.06,1.7838796298717587,5.463,-43.848271118357516,-0.19123488021738594,190.0,1.0,15.0,2.0473722675656116,1.0,150.0,100.0,2.2494927118904293,1.765202931121811,0.0,0.0,1.4123315073879539
2024-10-11 16:45:00,8.06,4.85,2.2,675.0,7.38,292,104.38290786743164,9.6605434629735,6.72,1.913563162330271,5.41,-44.55589961735982,-0.11641965870899824,192.0,1.0,20.0,2.018629391132099,1.0,150.0,100.0,2.2494927118904293,1.765202931121811,0.0,0.0,1.1818365251052485
2024-10-11 16:50:00,8.08,4.73,2.21,673.0,6.77,297,102.61925506591797,9.619948024807618,6.13,1.866827077832117,5.393000000000001,-45.0124677054475,-0.05365908986149108,199.5,1.0,25.0,2.0112288576986734,1.0,150.0,100.0,2.2494927118904293,1.7945423926566384,0.0,0.0,0.9822289893991515
2024-10-11 16:55:00,8.29,4.51,2.15,666.2,6.48,328,102.61925506591797,9.679189015614893,5.75,1.8367204041465475,5.307,-45.09249051597473,-0.018852688675949737,209.33333333333334,1.0,30.0,2.0112288576986734,1.0,150.0,100.0,2.2494927118904293,1.8369787101112114,0.0,0.0,0.7923887869199773
2024-10-11 17:00:00,7.77,4.99,2.21,666.2,6.83,385,99.47756958007812,9.49510926740709,6.06,1.8820427659949728,5.325000000000001,-45.200994592206996,-0.012326388817839984,224.16666666666666,1.0,35.0,1.9977251661148385,1.0,150.0,100.0,2.239144915229672,1.871965142911125,0.0,0.0,0.4781678910375692
2024-10-11 17:05:00,7.59,5.22,2.12,666.7,6.68,379,102.61925506591797,9.45256049967415,5.94,1.9653428491933989,5.303000000000001,-45.21575440415313,-0.017095063974291946,240.41666666666666,1.0,40.0,2.0112288576986734,1.0,150.0,100.0,2.213997439060321,1.871965142911125,0.0,0.0,0.0
2024-10-11 17:10:00,7.67,5.05,2.29,666.7,6.62,248,107.18487930297852,9.464433422027966,5.89,1.8520060910804572,5.354000000000001,-45.371945231949915,0.027129779833524735,244.83333333333334,1.0,45.0,2.0301335232443187,1.0,150.0,100.0,2.1888624894657833,1.9087256239715438,0.0,0.0,0.0
2024-10-11 17:15:00,9.14,2.19,1.97,657.3,5.45,140,107.18487930297852,9.602947464190356,4.71,1.045342185044723,5.164,-44.944456605817884,0.06737378452929192,240.83333333333334,1.0,50.0,2.0301335232443187,1.0,150.0,100.0,2.1785449586796126,1.9561504409583559,0.0,0.0,0.0
2024-10-11 17:20:00,9.22,2.04,1.93,660.6,5.62,97,107.18487930297852,9.638200039426449,4.9,0.9956367860178476,5.185,-44.698207386656996,0.06662008791041103,233.5,1.0,55.0,2.0301335232443187,1.0,150.0,100.0,2.140560536459507,2.0130343918147307,0.0,0.0,0.0
2024-10-11 17:25:00,9.54,1.79,1.68,659.4,4.23,96,107.18487930297852,9.85079184634413,3.68,1.0251780231000918,5.097999999999999,-44.27825572671377,0.043639133233696725,225.91666666666666,1.0,60.0,2.0301335232443187,1.0,150.0,100.0,2.1161255483797135,2.0130343918147307,0.0,0.0,0.0
2024-10-11 17:30:00,9.72,1.55,1.93,662.0,3.88,100,107.18487930297852,10.030244264224079,3.4,0.7314481086085726,5.199,-44.26181605432003,-0.005939680116907198,219.58333333333334,1.0,65.0,2.0301335232443187,1.0,150.0,100.0,2.1161255483797135,2.0969218748321885,0.0,0.0,0.0
2024-10-11 17:35:00,9.86,1.71,1.9,666.0,3.08,93,107.18487930297852,10.185956017969053,2.73,0.8707265804485594,5.23,-44.337652527882845,0.03470505079068076,213.5,1.0,70.0,2.0301335232443187,1.0,150.0,100.0,2.083055096201962,2.0969218748321885,0.0,0.0,0.0
2024-10-11 17:40:00,9.98,2.23,1.71,654.7,2.69,333,100.18743133544922,10.368095292771956,2.3,1.328728228080004,5.0600000000000005,-43.91476554641322,0.03185418468129768,232.33333333333334,1.0,75.0,2.0008132420498534,1.0,150.0,100.0,2.0473722675656116,2.1555313916715275,0.0,0.0,0.0
2024-10-11 17:45:00,9.65,3.1,2.19,654.8,2.67,216,109.99858474731445,10.369599799413669,2.29,1.4361101008746866,5.205,-44.01911068106987,-0.06196150195787738,226.0,1.0,80.0,2.041387097518354,1.0,150.0,100.0,2.018629391132099,2.1555313916715275,0.0,0.0,0.0
2024-10-11 17:50:00,9.4,2.98,2.61,657.7,2.62,167,108.63715362548828,10.200612726694413,2.26,1.1443378066919736,5.359999999999999,-44.534380565991995,-0.13566362540552604,215.16666666666666,1.0,85.0,2.035978378245908,1.0,150.0,100.0,2.0112288576986734,2.127223879128038,0.0,0.0,0.0
2024-10-11 17:55:00,8.74,4.0,2.7,671.4,2.85,186,108.63715362548828,9.983866986293437,2.58,1.4764637956331976,5.524000000000001,-45.37574693512513,-0.11068185275456202,203.33333333333334,1.0,90.0,2.035978378245908,1.0,150.0,100.0,2.0112288576986734,2.127223879128038,0.0,0.0,0.0
2024-10-11 18:00:00,8.57,4.96,2.07,678.7,3.21,252,108.63715362548828,10.115898378295425,2.95,2.110696963856083,5.408,-45.641199093537615,-0.0584798097695959,192.25,1.0,95.0,2.035978378245908,1.0,150.0,100.0,1.9977251661148385,2.1536281458709916,0.0,0.0,0.0
2024-10-11 18:05:00,8.57,5.14,2.22,678.7,999.99,291,108.63715362548828,10.23684033283708,99.99,2.096466185604422,5.453000000000001,-45.96054503282109,-0.01655632414232642,184.91666666666666,1.0,100.0,2.035978378245908,1.0,150.0,100.0,2.0112288576986734,2.218727740257208,0.0,0.0,0.7495459801256188
2024-10-11 18:10:00,8.12,5.98,1.93,674.1,3.2,237,108.63715362548828,10.26740960515358,2.91,2.397724532606879,5.319999999999999,-45.80676233496088,0.004310950475872488,184.0,1.0,105.0,2.035978378245908,1.0,150.0,100.0,2.0301335232443187,2.247390783853122,0.0,0.0,0.7495459801256188
2024-10-11 18:15:00,7.4,6.68,2.16,674.9,3.4,189,117.27487182617188,10.200392149324456,3.1,2.3830894260985143,5.396999999999999,-45.91743552806236,-0.04697665718228805,188.08333333333334,1.0,110.0,2.069204966963756,1.0,150.0,100.0,2.0301335232443187,2.3025502549907686,0.2640605128749551,0.0,0.7495459801256188
2024-10-11 18:20:00,6.98,6.66,2.44,676.2,4.19,197,108.63715362548828,9.951361715865824,3.83,2.2071278773848984,5.494000000000001,-46.27652890678376,-0.021506858407988716,196.41666666666666,1.0,115.0,2.035978378245908,1.0,150.0,100.0,2.0301335232443187,2.3721831167037073,0.2640605128749551,0.0,0.7495459801256188
2024-10-11 18:25:00,7.18,6.69,1.96,676.7,3.62,176,96.72263717651367,10.007502185860366,3.3,2.4340314824632703,5.355,-46.13250411214225,-0.016812301184626222,203.08333333333334,1.0,120.0,1.9855281292050098,1.0,150.0,100.0,2.0301335232443187,2.3721831167037073,1.1306697764063476,0.0,0.7495459801256188
2024-10-11 18:30:00,6.3,7.56,2.51,674.6,4.61,199,96.72263717651367,10.155968688411756,4.19,2.3462069295528623,5.4990000000000006,-46.44465191863002,0.0036968856159134587,211.33333333333334,1.0,125.0,1.9855281292050098,1.0,150.0,100.0,2.0301335232443187,2.333765936232635,1.1029018654570126,0.0,0.0
2024-10-11 18:35:00,6.11,7.85,1.89,673.3,4.53,208,111.3360824584961,10.12554689880996,4.11,2.610856848033617,5.3,-46.095535255983116,0.11794762486466297,220.91666666666666,1.0,130.0,2.0466359358806545,1.0,150.0,100.0,2.0301335232443187,2.333765936232635,1.3626671419350078,0.0,0.0
2024-10-11 18:40:00,6.22,7.76,1.3,670.4,4.58,153,122.15643692016602,10.029755729827123,4.11,2.806497564297015,5.093999999999999,-45.26517566998339,0.13199710999657271,205.91666666666666,1.0,135.0,2.0869163566574183,1.0,150.0,100.0,2.0008132420498534,2.2494927118904293,1.3626671419350078,0.0,0.6210472360392165
2024-10-11 18:45:00,7.67,6.21,1.51,667.8,3.57,229,121.5333480834961,9.983641620170468,3.18,2.545917181552784,5.130999999999999,-44.77556415601739,0.14546930518340986,207.0,1.0,140.0,2.0846954623084057,1.0,150.0,100.0,2.041387097518354,2.2494927118904293,1.3626671419350078,0.0,0.0
2024-10-11 18:50:00,8.21,5.19,0.94,662.7,3.68,268,121.5333480834961,9.758268288994724,3.23,2.657151636078895,4.909000000000001,-43.810482618149294,0.14756637567192002,215.41666666666666,1.0,145.0,2.0846954623084057,1.0,150.0,100.0,2.035978378245908,2.2494927118904293,1.3965289256611724,0.0,0.0
2024-10-11 18:55:00,7.49,6.11,1.24,660.2,3.74,310,121.5333480834961,9.74524499435494,3.26,2.5770904326695834,4.974,-43.29990039929819,0.09634365086291866,225.75,1.0,150.0,2.0846954623084057,1.0,150.0,100.0,2.035978378245908,2.2494927118904293,1.5225732579894358,0.0,0.0
2024-10-11 19:00:00,7.28,6.57,1.12,660.6,4.21,266,121.5333480834961,9.870040526765836,3.67,2.7122268948601502,4.942,-42.84704610952011,0.03383153877742515,226.91666666666666,1.0,155.0,2.0846954623084057,1.0,150.0,100.0,2.035978378245908,2.239144915229672,1.5225732579894358,0.0,0.0
2024-10-11 19:05:00,7.39,6.26,1.55,663.5,4.26,265,121.5333480834961,9.808272019066356,3.75,2.471834105990883,5.1,-42.96158501152394,0.0012421100522644224,224.75,1.0,160.0,2.0846954623084057,1.0,150.0,100.0,2.035978378245908,2.213997439060321,1.5225732579894358,0.0,0.0
2024-10-11 19:10:00,7.31,6.14,1.23,665.6,5.38,215,119.44192504882812,9.625414276798686,4.77,2.5741279038422538,5.025,-42.83462500899746,-0.050697903743655105,222.91666666666666,1.0,165.0,2.0771567943096194,1.0,150.0,100.0,2.035978378245908,2.1888624894657833,1.5488838320252023,0.0,0.0
2024-10-11 19:15:00,7.71,6.01,2.03,667.4,4.45,234,119.44192504882812,9.984242585193932,3.96,2.2655557231804386,5.2829999999999995,-43.46856404896049,-0.13609774213221967,226.66666666666666,1.0,170.0,2.0771567943096194,1.0,150.0,100.0,2.069204966963756,2.1785449586796126,1.6663554362464121,0.0,0.0
2024-10-11 19:20:00,8.14,5.39,2.48,663.5,4.75,227,119.83023834228516,10.072839718768487,4.18,1.944885302591041,5.379,-44.19560243031966,-0.09039572076813088,229.16666666666666,1.0,175.0,2.0785664231294874,1.0,150.0,100.0,2.035978378245908,2.140560536459507,1.6815607597429063,0.0,0.0
2024-10-11 19:25:00,8.17,5.44,2.17,660.8,5.27,197,125.01148223876953,10.05243254142996,4.6,2.090748809363529,5.2589999999999995,-44.3725212566418,-0.03828356061715112,230.91666666666666,1.0,180.0,2.0969499045594073,1.0,150.0,100.0,1.9855281292050098,2.1161255483797135,1.6815607597429063,0.0,0.0
2024-10-11 19:30:00,8.16,5.63,2.38,657.3,4.39,155,125.01148223876953,10.195435253092434,3.79,2.0460456800699958,5.286999999999999,-44.57843803649117,-0.01997790337335985,227.25,1.0,185.0,2.0969499045594073,1.0,150.0,100.0,1.9855281292050098,2.1161255483797135,1.7214592239831026,0.0,0.0
2024-10-11 19:35:00,8.34,5.41,2.24,656.1,4.32,170,125.01148223876953,10.190255148915556,3.72,2.0640720341534036,5.233,-44.572300290375395,-0.035107796471906025,224.08333333333334,1.0,190.0,2.0969499045594073,1.0,150.0,100.0,2.0466359358806545,2.083055096201962,1.7214592239831026,0.0,0.0
2024-10-11 19:40:00,8.64,4.74,2.64,656.8,4.18,160,125.01148223876953,10.20229385971606,3.61,1.7201741229862084,5.359999999999999,-44.92951600121023,0.06874631131225115,224.66666666666666,1.0,195.0,2.0969499045594073,1.0,150.0,100.0,2.0869163566574183,2.0473722675656116,1.765202931121811,0.0,0.0
2024-10-11 19:45:00,9.41,3.63,1.29,650.9,4.14,148,121.74882507324219,10.168043076226615,3.51,2.2010875111936783,4.896000000000001,-43.884837177252884,0.2855325294571145,217.91666666666666,1.0,200.0,2.085464778784662,1.0,150.0,100.0,2.0846954623084057,2.018629391132099,1.765202931121811,0.0,0.0
2024-10-11 19:50:00,9.98,2.6,0.35,639.4,4.25,141,141.69530487060547,10.319055189308758,3.48,2.8588754566111843,4.4990000000000006,-42.07419070663909,0.26402999100000174,207.33333333333334,1.0,205.0,2.151355459968207,1.0,150.0,100.0,2.0846954623084057,2.0112288576986734,1.7945423926566384,0.0,0.0
2024-10-11 19:55:00,8.74,5.4,0.68,647.0,4.28,143,164.00379943847656,10.296115772464878,3.59,2.914646715147911,4.674,-41.244537267252866,0.09362090468492994,193.41666666666666,1.0,210.0,2.2148539093650825,1.0,150.0,100.0,2.0846954623084057,2.0112288576986734,1.8369787101112114,0.0,0.0
2024-10-11 20:00:00,7.79,6.91,0.95,656.9,4.96,140,164.00379943847656,10.456323445647614,4.28,2.9666143744719826,4.854,-41.13798165978979,-0.06475590606241396,182.91666666666666,1.0,215.0,2.2148539093650825,1.0,150.0,100.0,2.0846954623084057,1.9977251661148385,1.871965142911125,0.0,0.0
2024-10-11 20:05:00,8.73,5.59,2.24,648.2,4.6,101,143.76699829101562,10.605592864144842,3.86,2.1587336825295407,5.154000000000001,-41.892096327877006,-0.1828448863288834,169.25,1.0,220.0,2.1576592052055057,1.0,150.0,100.0,2.0846954623084057,2.0112288576986734,1.871965142911125,0.0,0.0
2024-10-11 20:10:00,7.98,6.48,2.66,654.5,4.37,94,173.6082534790039,10.618210772065131,3.75,2.1552702448313084,5.343,-42.96643052307862,-0.258543486277415,159.16666666666666,1.0,225.0,2.239570368047748,1.0,150.0,100.0,2.0771567943096194,2.0301335232443187,1.9087256239715438,0.0,0.0
2024-10-11 20:15:00,8.67,4.76,3.71,648.7,4.86,110,173.6082534790039,10.563645204189697,4.1,1.32001209435309,5.6,-44.477531190651156,-0.32408374378452864,148.83333333333334,1.0,230.0,2.239570368047748,1.0,150.0,100.0,2.0771567943096194,2.0301335232443187,1.9561504409583559,0.0,0.0
2024-10-11 20:20:00,8.9,3.91,4.36,651.2,4.89,153,173.6082534790039,10.65399924910829,4.14,0.8863784179890023,5.82,-46.20726796092391,-0.29354293128002595,142.66666666666666,1.0,235.0,2.239570368047748,1.0,150.0,100.0,2.0785664231294874,2.0301335232443187,2.0130343918147307,0.0,0.0
2024-10-11 20:25:00,8.69,4.67,4.24,653.8,3.52,142,160.3115234375,10.73790482356777,3.01,1.1506532953682027,5.8100000000000005,-47.412960503451416,-0.24326196471117356,138.08333333333334,1.0,240.0,2.2049647412277977,1.0,150.0,100.0,2.0969499045594073,2.0301335232443187,2.0130343918147307,0.0,0.22858630204673358
2024-10-11 20:30:00,8.89,3.67,4.72,651.6,3.69,158,147.7894744873047,10.713514829410562,3.14,0.7349439966856038,5.932,-48.63988760803564,-0.14052062691813844,138.33333333333334,1.0,245.0,2.169643504864913,1.0,150.0,100.0,2.0969499045594073,2.0301335232443187,2.0969218748321885,0.0,0.22858630204673358
2024-10-11 20:35:00,9.11,3.85,4.08,647.4,3.37,189,131.2449493408203,10.6986447739889,2.82,0.9443677578444938,5.698,-48.8181667726328,-0.006140008731043878,139.91666666666666,1.0,250.0,2.118082599578059,1.0,150.0,100.0,2.0969499045594073,2.0301335232443187,2.0969218748321885,0.0,0.0
2024-10-11 20:40:00,9.45,3.07,3.92,643.9,3.24,150,126.88301849365234,10.681469936296219,2.68,0.7314777762378932,5.615,-48.70128769534608,0.1730804687062637,139.08333333333334,1.0,255.0,2.103403501779516,1.0,150.0,100.0,2.0969499045594073,2.0008132420498534,2.1555313916715275,0.0,0.0
2024-10-11 20:45:00,8.96,5.02,2.18,642.6,3.25,141,126.88301849365234,10.499257116577343,2.69,2.0296965842149315,5.08,-47.08736208557016,-0.01425583354105484,138.5,1.0,260.0,2.103403501779516,1.0,150.0,100.0,2.085464778784662,2.041387097518354,2.1555313916715275,0.0,0.0
2024-10-11 20:50:00,8.59,4.34,5.1,654.6,4.82,180,122.43789291381836,10.891909841712794,4.13,0.849981693694386,6.0760000000000005,-48.84384603075663,-0.2586641589449343,141.75,1.0,265.0,2.08791584702971,2.0,150.0,100.0,2.151355459968207,2.035978378245908,2.127223879128038,0.0,0.0
2024-10-11 20:55:00,8.19,5.23,4.64,654.4,5.89,198,122.43789291381836,10.768407496004226,5.04,1.1850915801252395,5.936,-49.674003675019506,-0.09262762363395823,146.33333333333334,1.0,270.0,2.08791584702971,1.0,150.0,100.0,2.2148539093650825,2.035978378245908,2.127223879128038,0.0,0.0
2024-10-11 21:00:00,8.27,5.53,4.09,654.3,6.14,208,126.88301849365234,10.756481766823201,5.26,1.4264679422675026,5.77,-49.77012226709621,-0.05142327645239746,152.0,1.0,275.0,2.103403501779516,1.0,150.0,100.0,2.2148539093650825,2.035978378245908,2.1536281458709916,0.19504029344917037,0.0
2024-10-11 21:05:00,8.55,5.13,4.41,656.4,5.46,214,122.43789291381836,10.902637295627146,4.7,1.245636290337473,5.8870000000000005,-50.18823643954348,-0.031979319489512645,161.41666666666666,1.0,280.0,2.08791584702971,1.0,150.0,100.0,2.1576592052055057,2.035978378245908,2.218727740257208,0.19504029344917037,0.0
2024-10-11 21:10:00,8.11,6.47,4.08,653.0,2.62,184,122.00075149536133,11.148067097035252,2.24,1.698341674602062,5.7540000000000004,-50.08991546199134,0.15486944287187257,168.91666666666666,1.0,285.0,2.0863625058328092,3.0,150.0,100.0,2.239570368047748,2.035978378245908,2.247390783853122,0.44926254908927343,0.0
2024-10-11 21:15:00,7.62,7.82,2.49,653.2,2.29,204,122.00075149536133,11.198968702518997,1.96,2.547854784441112,5.279,-48.639542010824755,0.23296076169590235,176.75,1.0,290.0,2.0863625058328092,1.0,150.0,100.0,2.239570368047748,2.069204966963756,2.3025502549907686,0.9047463350146361,0.0
2024-10-11 21:20:00,7.43,7.68,1.94,675.2,2.37,157,122.00075149536133,10.86052024536578,2.16,2.7685417441782443,5.3340000000000005,-47.760307845032315,0.14986854004920644,177.08333333333334,1.0,295.0,2.0863625058328092,1.0,150.0,100.0,2.239570368047748,2.035978378245908,2.3721831167037073,0.9047463350146361,0.0
2024-10-11 21:25:00,7.03,7.54,2.01,673.4,3.07,161,120.81558990478516,10.502980529354513,2.78,2.625449385880057,5.337,-47.14085661033269,0.09817840347425388,178.66666666666666,1.0,300.0,2.0821229787616606,1.0,150.0,100.0,2.2049647412277977,1.9855281292050098,2.3721831167037073,0.35154601641193645,0.0
2024-10-11 21:30:00,7.78,7.4,2.06,674.7,3.83,180,112.36734771728516,10.933069102498164,3.49,2.699146786139439,5.365,-46.77852381028978,-0.061162365410121565,180.5,1.0,305.0,2.0506401300377006,1.0,150.0,100.0,2.169643504864913,1.9855281292050098,2.333765936232635,0.35154601641193645,0.0
2024-10-11 21:35:00,7.22,7.46,3.47,674.6,4.24,193,91.66223907470703,10.946273338447199,3.85,2.134987201983719,5.787000000000001,-47.752480264433906,-0.201359521769983,180.83333333333334,1.0,310.0,1.9621904617448238,1.0,150.0,100.0,2.118082599578059,2.0466359358806545,2.333765936232635,0.35154601641193645,0.0
2024-10-11 21:40:00,7.14,7.47,3.86,674.4,3.89,166,90.32123565673828,11.030870319244986,3.54,2.012059559769362,5.901999999999999,-48.79211902798961,-0.2992205158596562,182.16666666666666,1.0,315.0,1.9557898704053098,1.0,150.0,100.0,2.103403501779516,2.0869163566574183,2.2494927118904293,0.35154601641193645,0.0
2024-10-11 21:45:00,7.24,6.32,5.34,669.6,3.75,135,72.92618942260742,10.994344000439499,3.36,1.3052483467005702,6.298,-50.74468542303047,-0.3793754165179372,181.66666666666666,1.0,320.0,1.8628835211734411,2.0,150.0,100.0,2.103403501779516,2.0846954623084057,2.2494927118904293,0.0,0.0
2024-10-11 21:50:00,7.71,5.39,5.73,672.2,4.19,129,90.32123565673828,11.014948933154432,3.78,1.0055467224705084,6.441000000000001,-52.58587319316898,-0.2372869509492581,177.41666666666666,1.0,325.0,1.9557898704053098,2.0,150.0,100.0,2.08791584702971,2.0846954623084057,2.2494927118904293,0.0,0.0
2024-10-11 21:55:00,8.46,5.22,4.85,673.4,3.74,133,72.92618942260742,11.06085439737817,3.39,1.1892589272575886,6.189,-53.11755493252305,-0.1625889056963416,172.0,1.0,330.0,1.8628835211734411,2.0,150.0,100.0,2.08791584702971,2.0846954623084057,2.2494927118904293,0.0,0.0
2024-10-11 22:00:00,8.65,4.67,5.78,668.5,3.6,133,72.92618942260742,11.40349946288419,3.22,0.8467895525827714,6.4190000000000005,-54.211762250132395,-0.25808103999680726,165.75,1.0,335.0,1.8628835211734411,2.0,150.0,100.0,2.103403501779516,2.0846954623084057,2.239144915229672,0.0,0.0
2024-10-11 22:05:00,8.8,3.76,6.38,672.8,3.74,129,68.80730819702148,11.501391220195929,3.38,0.5357987258943183,6.6419999999999995,-55.69836533249112,-0.21139026478642292,158.66666666666666,1.0,340.0,1.8376345681930502,2.0,150.0,100.0,2.08791584702971,2.0846954623084057,2.213997439060321,0.0,0.0
2024-10-11 22:10:00,9.25,2.96,6.1,667.5,3.05,233,68.80730819702148,11.46883167545849,2.72,0.38402124004177934,6.505000000000001,-56.325664897996624,-0.09210469683270758,162.75,1.0,345.0,1.8376345681930502,2.0,150.0,100.0,2.0863625058328092,2.0771567943096194,2.1888624894657833,0.0,0.0
2024-10-11 22:15:00,9.39,1.77,6.24,658.4,3.19,309,68.80730819702148,11.41238800602223,2.76,0.142592298966795,6.4559999999999995,-56.6194123008182,-0.11307293600493722,171.5,1.0,350.0,1.8376345681930502,2.0,150.0,100.0,2.0863625058328092,2.0771567943096194,2.1785449586796126,0.0,0.0
2024-10-11 22:20:00,6.8,6.65,6.46,671.6,4.12,315,61.878299713134766,11.497569308336436,3.72,1.1706752315935098,6.654,-57.456394258046,-0.13328259969867345,184.66666666666666,1.0,355.0,1.7915383716829807,2.0,150.0,100.0,2.0863625058328092,2.0785664231294874,2.140560536459507,0.0,0.0
2024-10-11 22:25:00,7.49,6.02,6.37,671.1,4.38,308,51.08696937561035,11.528980874301075,3.95,1.056920138026378,6.622,-57.95223829780493,-0.06499253472982432,196.91666666666666,1.0,360.0,1.7083101398619807,2.0,150.0,100.0,2.0821229787616606,2.0969499045594073,2.1161255483797135,0.0,0.0
2024-10-11 22:30:00,8.2,5.55,6.16,671.1,999.99,315,51.08696937561035,11.661393570238506,99.99,1.0058934167555056,6.559,-58.10631960534424,0.004835380429846481,208.16666666666666,1.0,365.0,1.7083101398619807,3.0,150.0,100.0,2.0506401300377006,2.0969499045594073,2.1161255483797135,0.0,0.0
2024-10-11 22:35:00,7.77,6.18,6.39,654.3,3.18,313,41.65900230407715,11.806667607754527,2.72,1.086073278419704,6.459999999999999,-57.90388449350647,0.20331287588227553,218.16666666666666,1.0,370.0,1.6197088647710556,3.0,150.0,100.0,1.9621904617448238,2.0969499045594073,2.083055096201962,0.0,0.0
2024-10-11 22:40:00,7.45,7.47,4.54,655.0,3.42,314,32.54143714904785,11.485425547188054,2.94,1.8078930737378067,5.912000000000001,-56.073190846521484,0.41082677256912203,230.5,1.0,375.0,1.5124367290593117,3.0,150.0,100.0,1.9557898704053098,2.0969499045594073,2.0473722675656116,0.0,0.0
2024-10-11 22:45:00,7.82,7.84,3.44,655.3,2.77,280,41.969404220581055,11.595326644816867,2.38,2.272690581025774,5.584999999999999,-53.79561676781525,0.026842602949346882,242.58333333333334,1.0,380.0,1.622932804199563,3.0,150.0,100.0,1.8628835211734411,2.085464778784662,2.018629391132099,0.0,0.0
2024-10-11 22:50:00,7.19,5.35,7.49,652.1,3.34,297,34.15566825866699,11.679841608515074,2.86,0.7093424965447427,6.768000000000001,-55.804764817028016,-0.5173041952733086,256.5833333333333,1.0,385.0,1.533462786763854,2.0,150.0,100.0,1.9557898704053098,2.151355459968207,2.0112288576986734,0.0,0.0
2024-10-11 22:55:00,6.41,4.37,8.72,667.9,4.62,280,34.15566825866699,11.671478055499227,4.12,0.41308999831193777,7.295,-58.96865872054833,-0.5607948189415672,268.8333333333333,1.0,390.0,1.533462786763854,2.0,150.0,100.0,1.8628835211734411,2.2148539093650825,2.0112288576986734,0.0,0.0
2024-10-11 23:00:00,6.41,2.69,8.89,668.3,6.3,332,34.15566825866699,11.285224853763438,5.63,0.16161555553640392,7.35,-61.41271300644369,-0.48515747394623504,285.4166666666667,1.0,395.0,1.533462786763854,2.0,150.0,100.0,1.8628835211734411,2.2148539093650825,1.9977251661148385,0.0,0.6693657966374501
2024-10-11 23:05:00,4.53,1.81,9.84,659.4,6.06,343,34.15566825866699,10.982832057352056,5.28,0.05974709278286991,7.545999999999999,-63.820233460010684,-0.4150973140295712,303.25,1.0,400.0,1.533462786763854,2.0,150.0,100.0,1.8376345681930502,2.1576592052055057,2.0112288576986734,0.0,0.0
2024-10-11 23:10:00,5.15,0.89,9.83,660.4,5.75,350,34.15566825866699,11.132991511718672,5.02,0.014975173530805276,7.552999999999999,-65.5636861467394,-0.17860782225904473,313.0,1.0,405.0,1.533462786763854,2.0,150.0,100.0,1.8376345681930502,2.239570368047748,2.0301335232443187,0.0,0.0
2024-10-11 23:15:00,6.14,1.6,8.65,660.0,6.55,272,49.844736099243164,10.72763254404251,5.7,0.05905032844427003,7.195,-65.60631168260113,-0.03326192917453739,309.9166666666667,1.0,410.0,1.6976193009874996,2.0,150.0,100.0,1.8376345681930502,2.239570368047748,2.0301335232443187,0.0,0.0
2024-10-11 23:20:00,6.02,0.2,8.84,662.1,6.9,253,66.20242881774902,10.697008927733023,6.05,0.0009059719051668563,7.273,-65.89630543848477,0.015239339772169559,304.75,1.0,415.0,1.8208739230166817,3.0,150.0,100.0,1.7915383716829807,2.239570368047748,2.0301335232443187,0.0,0.0
2024-10-11 23:25:00,6.31,-0.48,8.07,665.6,6.02,214,66.20242881774902,10.25531081927798,5.33,0.006021255807975021,7.077,-65.45391828487944,0.19728862385413776,296.9166666666667,1.0,420.0,1.8208739230166817,3.0,150.0,100.0,1.7083101398619807,2.2049647412277977,2.0301335232443187,0.0,0.0
2024-10-11 23:30:00,6.49,-0.85,7.04,659.1,6.36,150,49.844736099243164,9.6127103358002,5.52,0.02284088063279576,6.703,-63.923419199943396,0.06260361092590613,283.1666666666667,1.0,425.0,1.6976193009874996,3.0,150.0,100.0,1.7083101398619807,2.169643504864913,2.0301335232443187,0.0,0.0
2024-10-11 23:35:00,4.55,2.71,8.29,682.6,4.41,132,49.844736099243164,9.837209970311704,4.12,0.16618709943503318,7.313000000000001,-64.82788217562037,-0.2927523393707375,268.0833333333333,1.0,430.0,1.6976193009874996,2.0,150.0,100.0,1.6197088647710556,2.118082599578059,2.0301335232443187,0.0,0.0
2024-10-11 23:40:00,4.45,3.06,9.99,672.2,3.47,104,68.4598331451416,11.356328632088806,3.14,0.16736658398701496,7.719,-66.85094259365077,-0.37645302652786083,250.58333333333334,1.0,435.0,1.8354358363117533,2.0,150.0,100.0,1.5124367290593117,2.103403501779516,2.0008132420498534,0.0,0.6693657966374501
2024-10-11 23:45:00,4.11,1.96,10.39,668.8,4.26,83,68.4598331451416,11.343976375151705,3.81,0.06574706396159974,7.805,-68.59241244089898,-0.4007536219363971,234.16666666666666,1.0,440.0,1.8354358363117533,2.0,150.0,100.0,1.622932804199563,2.103403501779516,2.041387097518354,0.0,0.0
2024-10-11 23:50:00,2.85,0.97,11.02,679.2,4.91,108,85.34105682373047,11.423825979066732,4.54,0.014942209833557653,8.098,-70.85847881301474,-0.3789707238233945,218.41666666666666,1.0,445.0,1.9311580166563214,2.0,150.0,100.0,1.533462786763854,2.08791584702971,2.035978378245908,0.0,0.17500000364702792
2024-10-11 23:55:00,2.7,-3.43,10.94,678.9,4.72,106,75.03556442260742,11.778730831460578,4.35,0.18312087791374063,8.071,-72.38211967913293,-0.17920279035268577,203.91666666666666,1.0,450.0,1.8752671536796355,2.0,150.0,100.0,1.533462786763854,2.08791584702971,2.035978378245908,0.0,0.17500000364702792
2024-10-12 00:00:00,2.76,-4.6,10.21,677.3,4.68,67,85.34105682373047,11.53350337061554,4.29,0.34473705590149445,7.836,-72.6505067165416,-0.024924744870369865,181.83333333333334,1.0,455.0,1.9311580166563214,2.0,150.0,100.0,1.533462786763854,2.103403501779516,2.035978378245908,0.0,0.0
2024-10-12 00:05:00,2.5,-3.91,10.07,675.4,5.4,79,85.34105682373047,11.087966450165693,4.92,0.2538870652273924,7.7749999999999995,-72.63136712783663,-0.06755266348544779,159.83333333333334,1.0,460.0,1.9311580166563214,2.0,150.0,100.0,1.533462786763854,2.08791584702971,2.035978378245908,0.0,0.0
2024-10-12 00:10:00,1.39,-3.12,10.59,680.2,6.63,99,75.03556442260742,11.127200905888238,6.14,0.15426724892640922,7.979000000000001,-73.32603335139608,-0.017980501965152485,138.91666666666666,1.0,465.0,1.8752671536796355,2.0,150.0,100.0,1.533462786763854,2.0863625058328092,2.035978378245908,0.0,0.17500000364702792
2024-10-12 00:15:00,0.42,-3.73,9.7,677.7,6.24,88,75.03556442260742,10.400927843226295,5.73,0.2348263101210651,7.687000000000001,-72.81117214748815,0.20325185018524933,123.58333333333333,1.0,470.0,1.8752671536796355,3.0,150.0,100.0,1.6976193009874996,2.0863625058328092,2.069204966963756,0.2640605128749551,0.17500000364702792
2024-10-12 00:20:00,-0.22,-4.4,8.69,674.1,7.66,82,61.88699722290039,9.742920506706396,6.95,0.3541398625115777,7.347999999999999,-71.29351484954358,0.15477551566107053,109.33333333333333,1.0,475.0,1.7915994110954372,3.0,150.0,100.0,1.8208739230166817,2.0863625058328092,2.035978378245908,0.2640605128749551,0.17500000364702792
2024-10-12 00:25:00,-0.29,-5.5,9.54,679.7,3.83,140,61.88699722290039,11.01570242880589,3.54,0.5003933752796442,7.659000000000001,-71.26341699087745,0.13664283327006643,103.16666666666667,1.0,480.0,1.7915994110954372,3.0,150.0,100.0,1.8208739230166817,2.0821229787616606,1.9855281292050098,1.1306697764063476,0.17500000364702792
2024-10-12 00:30:00,-1.51,-7.53,7.9,690.0,3.8,96,61.88699722290039,11.017758392704026,3.62,1.0496636406776705,7.2700000000000005,-69.92708651684292,0.4304732376768797,98.66666666666667,1.0,485.0,1.7915994110954372,3.0,150.0,100.0,1.6976193009874996,2.0506401300377006,1.9855281292050098,1.1029018654570126,0.0
2024-10-12 00:35:00,-3.25,-8.84,5.71,694.0,3.34,65,61.88699722290039,11.014181767158194,3.21,1.7482181342732068,6.653,-66.95868461410865,0.3894991021003392,93.08333333333333,1.0,490.0,1.7915994110954372,3.0,150.0,100.0,1.6976193009874996,1.9621904617448238,2.0466359358806545,1.3626671419350078,0.0
2024-10-12 00:40:00,-4.43,-8.03,6.54,706.0,2.79,49,48.30792045593262,11.26398686078779,2.78,1.4652211034410003,7.022,-66.03209549583953,0.04167358133396419,88.5,1.0,495.0,1.6840183425175281,3.0,150.0,100.0,1.8354358363117533,1.9557898704053098,2.0869163566574183,1.3626671419350078,0.0
2024-10-12 00:45:00,-4.41,-6.51,7.78,704.1,3.02,49,46.08968925476074,11.061491761964115,3.0,0.9076328263204091,7.375,-66.541948800769,-0.052251374235450496,85.66666666666667,1.0,500.0,1.6636037800403887,2.0,150.0,100.0,1.8354358363117533,1.8628835211734411,2.0846954623084057,1.3626671419350078,0.0
2024-10-12 00:50:00,-3.26,-7.34,7.5,702.0,2.95,58,43.11181640625,10.988776091994959,2.9,1.1004616237897542,7.27,-66.55460923819403,-0.005841126604822477,81.5,1.0,505.0,1.6345963211279042,2.0,150.0,100.0,1.9311580166563214,1.9557898704053098,2.0846954623084057,1.3965289256611724,0.0
2024-10-12 00:55:00,-1.83,-7.36,7.91,690.8,1.72,94,36.237874031066895,10.958403168345287,1.64,1.0140069378205192,7.280999999999999,-66.60036006681723,-0.0058404192381331654,80.5,1.0,510.0,1.559162710978855,2.0,150.0,100.0,1.8752671536796355,1.8628835211734411,2.0846954623084057,1.5225732579894358,0.0
2024-10-12 01:00:00,-1.92,-6.55,7.9,690.5,2.81,250,29.828207969665527,10.440253828331953,2.68,0.829696426651032,7.275,-66.61301343057536,0.07922179847456903,95.75,1.0,515.0,1.4746271624380345,3.0,150.0,100.0,1.9311580166563214,1.8628835211734411,2.0846954623084057,1.5225732579894358,0.0
2024-10-12 01:05:00,-2.7,-6.53,7.07,690.8,2.95,117,27.647595405578613,9.995789113421711,2.82,0.9162909695231043,7.029,-65.80814208207154,0.079557239844155,98.91666666666667,1.0,520.0,1.441657365387547,3.0,150.0,100.0,1.9311580166563214,1.8376345681930502,2.0846954623084057,1.5225732579894358,0.0
2024-10-12 01:10:00,-2.37,-6.49,7.6,692.6,2.04,47,27.647595405578613,10.271173253333817,1.97,0.8520356945476534,7.2059999999999995,-65.81744103213381,0.038092510174024596,94.58333333333333,1.0,525.0,1.441657365387547,3.0,150.0,100.0,1.8752671536796355,1.8376345681930502,2.0771567943096194,1.5488838320252023,0.0
2024-10-12 01:15:00,-2.56,-7.1,7.2,692.6,999.99,67,24.140134811401367,10.430896414019267,99.99,1.0401957510922022,7.086,-65.4272169803313,0.18650211877866668,92.83333333333333,1.0,530.0,1.3827396911003622,3.0,150.0,100.0,1.8752671536796355,1.8376345681930502,2.0771567943096194,1.6663554362464121,0.0
2024-10-12 01:20:00,-1.27,-7.36,6.1,688.8,2.6,82,15.870250701904297,9.643261896267258,2.47,1.2018400069235888,6.718,-63.95241984434715,0.23096200855240667,92.83333333333333,1.0,535.0,1.2005837873467613,3.0,150.0,100.0,1.7915994110954372,1.7915383716829807,2.0785664231294874,1.6815607597429063,0.0
2024-10-12 01:25:00,-0.31,-6.64,6.41,686.3,2.97,47,24.140134811401367,9.234381408627218,2.8,0.9679460080680641,6.786,-63.11759689480723,-0.08245697893323581,85.08333333333333,1.0,540.0,1.3827396911003622,2.0,150.0,100.0,1.7915994110954372,1.7083101398619807,2.0969499045594073,1.6815607597429063,0.0
2024-10-12 01:30:00,-0.33,-5.0,8.68,686.5,2.32,62,27.647595405578613,10.022539598325366,2.18,0.45921040256355317,7.468999999999999,-64.7769896336795,-0.20530598558715737,82.25,1.0,545.0,1.441657365387547,2.0,150.0,100.0,1.7915994110954372,1.7083101398619807,2.0969499045594073,1.7214592239831026,0.0
2024-10-12 01:35:00,-0.36,-5.53,8.2,677.3,1.98,52,19.24302053451538,9.89699449327926,1.82,0.572848258064076,7.232999999999999,-65.1706567506788,-0.04226486255547997,81.16666666666667,1.0,550.0,1.2842732433001178,2.0,150.0,100.0,1.7915994110954372,1.6197088647710556,2.0969499045594073,1.7214592239831026,0.0
2024-10-12 01:40:00,-0.64,-5.42,8.11,672.4,1.96,38,17.580049991607666,9.775382345463527,1.78,0.5540390840507051,7.157,-65.1996382592343,-0.008941649580911815,80.25,1.0,555.0,1.245020105723446,2.0,150.0,100.0,1.6840183425175281,1.5124367290593117,2.0969499045594073,1.765202931121811,0.0
2024-10-12 01:45:00,-0.27,-5.28,8.16,672.1,2.12,38,17.580049991607666,9.723008793578252,1.91,0.5241912126866747,7.1690000000000005,-65.26007324648792,-0.018317043302087655,79.33333333333333,1.0,560.0,1.245020105723446,2.0,150.0,100.0,1.6636037800403887,1.622932804199563,2.085464778784662,1.765202931121811,0.14022574345539446
2024-10-12 01:50:00,-0.17,-5.15,8.17,674.2,2.22,49,9.203930854797363,9.65920804207053,2.02,0.501585386116781,7.193000000000001,-65.38280869225518,-0.004478797101437238,78.58333333333333,1.0,565.0,0.9639733473398528,2.0,150.0,100.0,1.6345963211279042,1.533462786763854,2.151355459968207,1.7945423926566384,0.5831415420667088
2024-10-12 01:55:00,-0.38,-5.29,7.97,675.2,2.16,33,6.279770135879517,9.57336931283861,1.97,0.539175301576431,7.143000000000001,-65.30486121750229,0.016667800130804267,73.5,1.0,570.0,0.797943747153414,3.0,150.0,100.0,1.559162710978855,1.533462786763854,2.2148539093650825,1.8369787101112114,0.5831415420667088
2024-10-12 02:00:00,-0.3,-5.1,7.99,673.6,1.97,38,6.279770135879517,9.48367544784194,1.79,0.5017224673961207,7.133000000000001,-65.21613069094714,0.03499450659628138,55.833333333333336,1.0,575.0,0.797943747153414,3.0,150.0,100.0,1.4746271624380345,1.533462786763854,2.2148539093650825,1.871965142911125,0.14022574345539446
2024-10-12 02:05:00,-0.45,-5.07,7.94,669.1,1.92,38,6.279770135879517,9.431383779700623,1.72,0.4959136614459135,7.073,-64.95491615153948,0.06906399890620776,49.25,1.0,580.0,0.797943747153414,3.0,150.0,100.0,1.441657365387547,1.533462786763854,2.1576592052055057,1.871965142911125,0.5831415420667088
2024-10-12 02:10:00,-0.98,-5.06,7.69,669.2,1.9,40,6.279770135879517,9.257434849892276,1.71,0.5099237751612471,6.9990000000000006,-64.52549070188506,0.11499419043101397,48.666666666666664,1.0,585.0,0.797943747153414,3.0,150.0,100.0,1.441657365387547,1.533462786763854,2.239570368047748,1.9087256239715438,0.14022574345539446
2024-10-12 02:15:00,0.7,-4.0,7.87,651.1,1.94,35,8.960092306137085,8.855896340856752,1.65,0.3129171035884692,6.872,-63.80497424722934,0.07329299686695094,46.0,1.0,590.0,0.9523124837513539,3.0,150.0,100.0,1.3827396911003622,1.6976193009874996,2.239570368047748,1.9561504409583559,0.14022574345539446
2024-10-12 02:20:00,-0.45,-4.45,7.91,665.3,1.75,43,20.260372161865234,9.086974193866736,1.55,0.3882881024779157,7.026,-63.79256073321555,-0.021873237720036798,42.75,1.0,595.0,1.306647418633342,2.0,150.0,100.0,1.2005837873467613,1.8208739230166817,2.239570368047748,2.0130343918147307,0.14022574345539446
2024-10-12 02:25:00,-0.03,-4.06,8.14,665.7,1.61,38,11.111936330795288,9.096378400220607,1.43,0.3183158154507946,7.099,-64.0237066244297,0.18282863741919259,42.0,1.0,600.0,1.045789744314918,3.0,150.0,100.0,1.3827396911003622,1.8208739230166817,2.2049647412277977,2.0130343918147307,0.5831415420667088
2024-10-12 02:30:00,-3.07,-5.43,6.54,644.5,1.45,47,4.143742322921753,9.037776275168577,1.21,0.6716713661203334,6.407,-61.96427435902363,0.4666157566518372,40.75,1.0,605.0,0.6173927411356819,3.0,150.0,100.0,1.441657365387547,1.6976193009874996,2.169643504864913,2.0969218748321885,1.0214471749355327
2024-10-12 02:35:00,-3.94,-5.48,6.47,609.8,1.06,42,11.111936330795288,9.349593574054435,0.79,0.6754055599255601,6.038999999999999,-59.357549057911335,0.464458472799425,39.916666666666664,1.0,610.0,1.045789744314918,3.0,150.0,100.0,1.2842732433001178,1.6976193009874996,2.118082599578059,2.0969218748321885,1.181302555876319
2024-10-12 02:40:00,-4.35,-6.36,6.07,616.0,0.99,49,11.111936330795288,9.809026455260481,0.76,0.9352919960190736,5.981,-57.31968963102938,0.29171302932975324,40.833333333333336,1.0,615.0,1.045789744314918,3.0,150.0,100.0,1.245020105723446,1.8354358363117533,2.103403501779516,2.1555313916715275,1.201986536124211
2024-10-12 02:45:00,-4.14,-6.05,6.56,620.2,1.11,57,11.111936330795288,9.837464104127648,0.85,0.8080907876441964,6.17,-56.4404187646138,0.12575860760229673,42.416666666666664,1.0,620.0,1.045789744314918,3.0,150.0,100.0,1.245020105723446,1.8354358363117533,2.103403501779516,2.1555313916715275,1.201986536124211
2024-10-12 02:50:00,-4.52,-5.73,6.74,622.9,1.02,52,11.111936330795288,9.93432936840731,0.79,0.7367435101671643,6.2509999999999994,-56.06210355500641,0.052771777806226085,42.666666666666664,1.0,625.0,1.045789744314918,3.0,150.0,100.0,0.9639733473398528,1.9311580166563214,2.08791584702971,2.127223879128038,1.2001992255488438
2024-10-12 02:55:00,-4.84,-5.39,6.85,623.5,0.79,42,11.111936330795288,9.969964894622247,0.62,0.6655135024963453,6.289999999999999,-55.91270098655154,0.01753618116837785,43.416666666666664,1.0,630.0,1.045789744314918,3.0,150.0,100.0,0.797943747153414,1.8752671536796355,2.08791584702971,2.127223879128038,1.0566003019759516
2024-10-12 03:00:00,-5.62,-4.42,7.2,615.6,0.68,48,11.111936330795288,10.146960135922482,0.52,0.4615303973639748,6.316000000000001,-55.88674174332263,-0.010814610150237058,44.25,1.0,635.0,1.045789744314918,2.0,150.0,100.0,0.797943747153414,1.9311580166563214,2.103403501779516,2.1536281458709916,1.0566003019759516
2024-10-12 03:05:00,-4.35,-5.79,7.02,625.9,0.85,43,12.785921096801758,10.085980368808972,0.67,0.7213837193714696,6.365,-56.02084708805391,-0.01924572564824274,44.666666666666664,1.0,640.0,1.1067320200314188,2.0,150.0,100.0,0.797943747153414,1.9311580166563214,2.08791584702971,2.218727740257208,0.5555355014204815
2024-10-12 03:10:00,-4.16,-6.25,6.78,631.9,0.83,43,8.961469411849976,10.116150453606352,0.66,0.8461594078367715,6.353,-56.07919899980506,0.05002819707170403,44.916666666666664,1.0,645.0,0.9523792267531853,3.0,150.0,100.0,0.797943747153414,1.8752671536796355,2.0863625058328092,2.247390783853122,0.5555355014204815
2024-10-12 03:15:00,-3.92,-6.82,6.55,619.4,0.58,44,4.143742322921753,10.236273736081895,0.45,0.9742391371309636,6.159,-55.52056511733687,0.07421241509588868,45.666666666666664,1.0,650.0,0.6173927411356819,3.0,150.0,100.0,0.9523124837513539,1.8752671536796355,2.0863625058328092,2.3025502549907686,0.5555355014204815
2024-10-12 03:20:00,-4.38,-5.89,6.98,613.5,0.52,35,4.143742322921753,10.129012785064495,0.4,0.7324687615591191,6.228999999999999,-55.33707484884617,0.01846509965232812,45.0,1.0,655.0,0.6173927411356819,3.0,150.0,100.0,1.306647418633342,1.7915994110954372,2.0863625058328092,2.3721831167037073,0.0
2024-10-12 03:25:00,-4.27,-5.63,7.1,614.1,0.55,47,4.6724114418029785,10.016975591464721,0.42,0.665727917002938,6.271,-55.33591412081359,0.004224475463027488,45.75,1.0,660.0,0.6695410787612455,3.0,150.0,100.0,1.045789744314918,1.7915994110954372,2.0821229787616606,2.3721831167037073,0.0
2024-10-12 03:30:00,-4.2,-5.26,7.29,607.1,0.58,40,4.6724114418029785,9.922283003422145,0.42,0.5694220450375787,6.257999999999999,-55.2948300942159,0.002707656156296423,45.166666666666664,1.0,665.0,0.6695410787612455,3.0,150.0,100.0,0.6173927411356819,1.7915994110954372,2.0506401300377006,2.333765936232635,0.0
2024-10-12 03:35:00,-4.16,-5.23,7.21,610.9,0.53,41,1.0,9.830696821690719,0.4,0.5721398010466072,6.272,-55.30883755925063,0.016761165484888353,45.083333333333336,1.0,670.0,0.0,3.0,150.0,100.0,1.045789744314918,1.7915994110954372,1.9621904617448238,2.333765936232635,0.0
2024-10-12 03:40:00,-4.0,-5.41,7.14,606.8,0.6,43,1.0,9.810591215619985,0.44,0.604107394265952,6.209999999999999,-55.12721843936701,-0.02069658107401935,44.583333333333336,1.0,675.0,0.0,2.0,150.0,100.0,1.045789744314918,1.6840183425175281,1.9557898704053098,2.2494927118904293,0.0
2024-10-12 03:45:00,-3.32,-5.48,7.31,618.4,0.63,40,1.0,9.720540108450765,0.48,0.6007234780274554,6.376999999999999,-55.51580336999082,-0.07787758908424039,43.166666666666664,1.0,680.0,0.0,2.0,150.0,100.0,1.045789744314918,1.6636037800403887,1.8628835211734411,2.2494927118904293,0.0
2024-10-12 03:50:00,-2.98,-5.54,7.29,622.6,0.75,44,1.0,9.628919980973983,0.58,0.6109372325754538,6.413,-55.90599433020942,-0.013673971124131157,42.5,1.0,685.0,0.0,2.0,150.0,100.0,1.045789744314918,1.6345963211279042,1.9557898704053098,2.2494927118904293,0.0
2024-10-12 03:55:00,-3.46,-5.55,7.0,614.2,0.75,42,1.0,9.57987995749425,0.57,0.6366693250374151,6.242000000000001,-55.65254308123213,-0.09940269063505411,42.5,1.0,690.0,0.0,2.0,150.0,100.0,1.045789744314918,1.559162710978855,1.8628835211734411,2.2494927118904293,0.0
2024-10-12 04:00:00,-2.22,-4.72,7.87,633.5,0.68,35,1.0,9.441594145058344,0.54,0.4258977090819109,6.696,-56.90002123655996,-0.22218511999856574,41.416666666666664,1.0,695.0,0.0,2.0,150.0,100.0,1.045789744314918,1.4746271624380345,1.8628835211734411,2.239144915229672,0.0
2024-10-12 04:05:00,-1.06,-4.4,7.82,637.6,0.83,42,1.0,9.035264246274151,0.67,0.3700907292297294,6.722,-57.87439428121779,-0.20828765172633226,41.333333333333336,1.0,700.0,0.0,2.0,150.0,100.0,1.1067320200314188,1.441657365387547,1.8376345681930502,2.213997439060321,0.0
2024-10-12 04:10:00,-0.68,-4.27,8.0,645.0,0.8,39,1.0,9.093695618394097,0.67,0.34547326632877656,6.85,-58.98289775382328,-0.1926203290697032,41.0,1.0,705.0,0.0,2.0,150.0,100.0,0.9523792267531853,1.441657365387547,1.8376345681930502,2.1888624894657833,0.0
2024-10-12 04:15:00,-1.12,-4.38,8.24,638.6,0.62,37,1.0,9.398744597019327,0.51,0.35110514155392014,6.8580000000000005,-59.80059757191482,-0.08320254097571436,40.416666666666664,1.0,710.0,0.0,2.0,150.0,100.0,0.6173927411356819,1.3827396911003622,1.8376345681930502,2.1785449586796126,0.0
2024-10-12 04:20:00,-1.39,-4.08,7.97,629.0,0.77,38,1.0,9.060871922723551,0.61,0.31305387926013634,6.681,-59.814923163580424,0.039546152868989284,40.666666666666664,1.0,715.0,0.0,3.0,150.0,100.0,0.6173927411356819,1.2005837873467613,1.7915383716829807,2.140560536459507,0.0
2024-10-12 04:25:00,-1.05,-3.78,7.96,616.1,0.82,43,1.0,8.874260532573967,0.63,0.2642916111181869,6.549,-59.40513604322493,0.1582544354094928,40.333333333333336,1.0,720.0,0.0,3.0,150.0,100.0,0.6695410787612455,1.3827396911003622,1.7083101398619807,2.1161255483797135,0.0
2024-10-12 04:30:00,-1.05,-3.16,7.41,604.5,1.22,40,1.0,8.123804527436636,0.89,0.19680228652154055,6.268,-58.232378809485496,0.20537803284229597,40.333333333333336,1.0,725.0,0.0,3.0,150.0,100.0,0.6695410787612455,1.441657365387547,1.7083101398619807,2.1161255483797135,0.0
2024-10-12 04:35:00,-0.62,-3.39,7.29,606.7,1.33,52,1.5492432117462158,8.06353520485897,0.97,0.22808584467296109,6.254,-57.35135571480197,0.04886696716534544,41.25,1.0,730.0,0.19011960189603044,3.0,150.0,100.0,0.0,1.2842732433001178,1.6197088647710556,2.083055096201962,0.2888994404900706
2024-10-12 04:40:00,-1.68,-3.22,8.17,612.9,0.88,57,1.0,8.940900402084791,0.66,0.19083799856494071,6.58,-57.74370913783204,0.012564634505991278,42.416666666666664,1.0,735.0,0.0,3.0,150.0,100.0,0.0,1.245020105723446,1.5124367290593117,2.0473722675656116,0.0
2024-10-12 04:45:00,-3.3,-1.98,8.26,584.8,0.59,58,1.0,9.112518861434527,0.4,0.07340329993213042,6.326,-57.225709369742056,0.10494748287320732,43.916666666666664,1.0,740.0,0.0,3.0,150.0,100.0,0.0,1.245020105723446,1.622932804199563,2.018629391132099,0.0
2024-10-12 04:50:00,-3.0,-0.81,8.27,579.3,0.53,51,1.5492432117462158,8.834534509525671,0.36,0.012186393841642502,6.273999999999999,-56.69423430909997,0.1213601389094272,44.5,1.0,745.0,0.19011960189603044,3.0,150.0,100.0,0.0,0.9639733473398528,1.533462786763854,2.0112288576986734,0.0
2024-10-12 04:55:00,-2.94,-0.63,8.05,576.1,0.49,52,1.0,8.593194982077389,0.33,0.007545577836394135,6.176,-56.012107980647784,0.14603186946854052,45.333333333333336,1.0,750.0,0.0,3.0,150.0,100.0,0.0,0.797943747153414,1.533462786763854,2.0112288576986734,0.0
2024-10-12 05:00:00,-3.01,-0.26,7.67,578.0,0.53,48,1.5492432117462158,8.243579319688747,0.35,0.0013676203327887917,6.0809999999999995,-55.23391561441456,0.16771829510273406,46.416666666666664,1.0,755.0,0.19011960189603044,3.0,150.0,100.0,0.0,0.797943747153414,1.533462786763854,1.9977251661148385,0.0
2024-10-12 05:05:00,-2.58,-0.41,7.44,573.6,0.61,47,5.500588655471802,7.885309125202386,0.4,0.003426114945287399,5.968,-54.33492502962044,0.17580793835608616,46.833333333333336,1.0,760.0,0.7404091687930153,3.0,150.0,100.0,0.0,0.797943747153414,1.533462786763854,2.0112288576986734,0.0
2024-10-12 05:10:00,-1.99,-1.22,7.17,574.5,0.86,47,8.510492086410522,7.5403846055755,0.57,0.030690038917390666,5.896,-53.4758362308537,0.2268597485869009,47.5,1.0,765.0,0.9299546722155044,3.0,150.0,100.0,0.0,0.797943747153414,1.533462786763854,2.0301335232443187,0.0
2024-10-12 05:15:00,-2.21,-2.27,6.76,560.0,0.97,49,8.510492086410522,7.465560930030643,0.61,0.1087407975418852,5.628,-52.066327543751434,0.22102123612810445,48.5,1.0,770.0,0.9299546722155044,3.0,150.0,100.0,0.0,0.9523124837513539,1.6976193009874996,2.0301335232443187,0.0
2024-10-12 05:20:00,-2.03,-2.4,6.66,570.0,1.01,35,1.5492432117462158,7.364543434592534,0.66,0.12429798298171471,5.698,-51.26562386957266,0.1458168795508179,48.25,1.0,775.0,0.19011960189603044,3.0,150.0,100.0,0.0,1.306647418633342,1.8208739230166817,2.0301335232443187,0.0
2024-10-12 05:25:00,-2.02,-2.18,6.53,571.0,1.05,51,1.5492432117462158,7.174517405372991,0.68,0.10541101067747005,5.6690000000000005,-50.608158748243255,0.12564412423754803,48.916666666666664,1.0,780.0,0.19011960189603044,3.0,150.0,100.0,0.0,1.045789744314918,1.8208739230166817,2.0301335232443187,0.0
2024-10-12 05:30:00,-1.98,-1.98,6.36,571.7,1.18,37,1.1377449035644531,6.9491294418797525,0.77,0.08978571052236306,5.625,-50.00918262719718,0.1769366054148584,48.666666666666664,1.0,785.0,0.056044898796059506,3.0,150.0,100.0,0.0,0.6173927411356819,1.6976193009874996,2.0301335232443187,0.0
2024-10-12 05:35:00,-2.8,-1.23,5.6,568.9,1.79,52,1.1377449035644531,6.38066610942776,1.15,0.042257084559055885,5.369,-48.83879269409467,0.16053461485311118,48.666666666666664,1.0,790.0,0.056044898796059506,1.0,150.0,100.0,0.19011960189603044,1.045789744314918,1.6976193009874996,2.0301335232443187,0.0
2024-10-12 05:40:00,-2.71,-1.65,5.91,573.5,1.63,38,8.09899377822876,6.707808882190965,1.07,0.07084723087479898,5.508,-48.403836478666065,0.033068882801416774,47.083333333333336,1.0,795.0,0.9084310653344525,1.0,150.0,100.0,0.0,1.045789744314918,1.8354358363117533,2.0008132420498534,0.0
2024-10-12 05:45:00,-2.54,-1.47,6.28,576.6,1.69,48,8.09899377822876,6.931875648047936,1.12,0.05259774475245669,5.65,-48.5081038660805,-0.011411080453308386,46.25,1.0,800.0,0.9084310653344525,1.0,150.0,100.0,0.0,1.045789744314918,1.8354358363117533,2.041387097518354,0.0
2024-10-12 05:50:00,-2.89,-1.28,6.04,581.6,1.76,46,1.1377449035644531,6.8170448142871996,1.19,0.043069632345589436,5.628,-48.51794728319915,0.020834659976175375,45.833333333333336,1.0,805.0,0.056044898796059506,1.0,150.0,100.0,0.19011960189603044,1.045789744314918,1.9311580166563214,2.035978378245908,0.0
2024-10-12 05:55:00,-2.65,-1.28,5.96,576.3,2.2,33,1.1377449035644531,6.646991800807339,1.46,0.042699836019989966,5.551,-48.29975726631875,0.08456576153666547,44.25,1.0,810.0,0.056044898796059506,1.0,150.0,100.0,0.0,1.045789744314918,1.8752671536796355,2.035978378245908,0.0
2024-10-12 06:00:00,-2.52,-3.28,5.48,574.4,2.27,31,1.0,6.865799297969611,1.5,0.2799149258041848,5.388,-47.672289667832494,0.43068905345894704,42.833333333333336,1.0,815.0,0.0,1.0,150.0,100.0,0.19011960189603044,1.045789744314918,1.9311580166563214,2.035978378245908,0.0
2024-10-12 06:05:00,-3.46,-4.28,1.69,568.7,2.14,40,1.0,5.757264975663357,1.39,1.0358359323540458,4.194,-43.99286673172928,0.7109986513447616,42.25,1.0,820.0,0.0,1.0,150.0,100.0,0.7404091687930153,1.1067320200314188,1.9311580166563214,2.035978378245908,0.0
2024-10-12 06:10:00,-5.06,-4.41,-0.98,557.7,2.68,34,1.0,6.783221948307456,1.66,2.3018257136913225,3.8710000000000004,-40.56230315438488,0.5795579217936926,41.166666666666664,1.0,0.0,0.0,1.0,150.0,100.0,0.9299546722155044,0.9523792267531853,1.8752671536796355,2.035978378245908,0.0
2024-10-12 06:15:00,-5.13,-4.77,0.96,561.8,2.79,35,1.0,7.070459673882597,1.76,1.5942327720961504,3.9059999999999993,-38.197287513792354,0.3728846137155017,40.0,1.0,0.0,0.0,1.0,150.0,100.0,0.9299546722155044,0.6173927411356819,1.8752671536796355,2.069204966963756,0.0
2024-10-12 06:20:00,-5.11,-4.9,1.29,565.1,2.39,33,1.1377449035644531,7.196262919043467,1.52,1.5156443001293258,4.038,-36.83345701722986,0.19591085828240223,39.833333333333336,1.0,5.0,0.056044898796059506,1.0,150.0,100.0,0.19011960189603044,0.6173927411356819,1.7915994110954372,2.035978378245908,0.0
2024-10-12 06:25:00,-4.78,-4.95,1.81,564.6,2.16,50,7.07672643661499,7.115265279664561,1.38,1.318835921919637,4.189,-36.23817893096833,0.03937229784897696,39.75,1.0,10.0,0.8498324075079172,1.0,150.0,100.0,0.19011960189603044,0.6695410787612455,1.7915994110954372,1.9855281292050098,0.0
2024-10-12 06:30:00,-3.78,-5.14,2.66,563.5,2.22,46,13.103214263916016,6.912568263677401,1.41,1.0524704556473836,4.433,-36.43973403874009,-0.09951235641103721,40.5,1.0,15.0,1.11737784266752,1.0,150.0,100.0,0.056044898796059506,0.6695410787612455,1.7915994110954372,1.9855281292050098,0.0
2024-10-12 06:35:00,-3.46,-4.77,3.65,558.4,2.55,54,13.103214263916016,6.931594333196368,1.59,0.7592239156391697,4.678999999999999,-37.2333024950787,-0.2096039352657897,40.666666666666664,1.0,20.0,1.11737784266752,1.0,150.0,100.0,0.056044898796059506,0.0,1.7915994110954372,2.0466359358806545,0.0
2024-10-12 06:40:00,-3.08,-4.15,4.7,554.0,2.28,46,6.938981533050537,6.985620945914544,1.4,0.4845184091153723,4.95,-38.53577339139799,-0.27411511386456483,41.333333333333336,1.0,25.0,0.8412957316890249,1.0,150.0,100.0,0.9084310653344525,0.0,1.6840183425175281,2.0869163566574183,0.0
2024-10-12 06:45:00,-2.5,-3.5,5.34,553.1,2.43,55,6.938981533050537,6.856792252941604,1.48,0.3102977212740445,5.133000000000001,-39.97445363372435,-0.19827493045984,41.916666666666664,1.0,30.0,0.8412957316890249,1.0,150.0,100.0,0.9084310653344525,0.0,1.6636037800403887,2.0846954623084057,0.0
2024-10-12 06:50:00,-1.9,-2.61,5.55,529.4,1.69,52,6.938981533050537,6.420638597522835,0.96,0.16157635986485586,4.959,-40.51852269599639,-0.0317197136691334,42.416666666666664,1.0,35.0,0.8412957316890249,1.0,150.0,100.0,0.056044898796059506,0.0,1.6345963211279042,2.0846954623084057,0.0
2024-10-12 06:55:00,-2.84,-3.17,4.94,525.1,0.33,47,13.103214263916016,6.520590464060751,0.18,0.271141793759042,4.7330000000000005,-40.291650770415686,0.04426971940366897,43.583333333333336,1.0,40.0,1.11737784266752,1.0,150.0,100.0,0.056044898796059506,0.0,1.559162710978855,2.0846954623084057,0.0
2024-10-12 07:00:00,-2.85,-2.89,4.97,522.2,0.32,117,13.103214263916016,6.416813851125806,0.17,0.2270676375647858,4.713,-40.0758255019597,-0.020851514020847617,50.75,1.0,45.0,1.11737784266752,1.0,150.0,100.0,0.0,0.0,1.4746271624380345,2.0846954623084057,0.0
2024-10-12 07:05:00,-2.14,-2.18,5.49,527.9,0.37,123,7.1642327308654785,6.282682548084059,0.2,0.11706408056845702,4.926,-40.50016591062416,-0.07714102585075437,57.666666666666664,1.0,50.0,0.8551696855087824,1.0,150.0,100.0,0.0,0.0,1.441657365387547,2.0846954623084057,0.0
2024-10-12 07:10:00,-2.23,-2.41,5.1,541.2,0.42,88,1.0,6.065558506848318,0.25,0.15734784630482254,4.942,-40.84723576046724,-0.0520819638147124,62.166666666666664,1.0,55.0,0.0,1.0,150.0,100.0,0.0,0.0,1.441657365387547,2.0771567943096194,0.0
2024-10-12 07:15:00,-2.42,-2.14,5.03,540.6,0.38,49,1.0,5.97803479414431,0.22,0.12897383755743164,4.915000000000001,-41.020985548771286,0.04377663121444684,63.333333333333336,1.0,60.0,0.0,1.0,150.0,100.0,0.0,0.0,1.3827396911003622,2.0771567943096194,0.0
2024-10-12 07:20:00,-1.8,-2.25,4.72,522.7,0.62,56,1.0,5.53,0.34,0.14064790584811437,4.643000000000001,-40.409469448322774,0.12289241805164153,65.25,1.0,65.0,0.0,1.0,150.0,100.0,0.056044898796059506,0.0,1.2005837873467613,2.0785664231294874,0.0
2024-10-12 07:25:00,-1.19,-2.1,4.75,515.0,0.91,41,1.0,5.328095344492251,0.49,0.11716224608851254,4.575,-39.79206136825487,0.11877314725515546,64.5,1.0,70.0,0.0,1.0,150.0,100.0,0.8498324075079172,0.0,1.3827396911003622,2.0969499045594073,0.0
2024-10-12 07:30:00,-1.74,-2.52,4.19,526.9,0.8,69,1.0,5.189807318195927,0.44,0.19558433173434614,4.526,-39.22173797577122,0.13303575647105886,66.41666666666667,1.0,75.0,0.0,1.0,150.0,100.0,1.11737784266752,0.0,1.441657365387547,2.0969499045594073,0.0
2024-10-12 07:35:00,-2.67,-3.65,3.12,545.5,0.64,51,1.0,5.494160536424104,0.38,0.5248433385503177,4.391,-38.46170380354428,-0.02162491272394007,66.16666666666667,1.0,80.0,0.0,1.0,150.0,100.0,1.11737784266752,0.19011960189603044,1.2842732433001178,2.0969499045594073,0.0
2024-10-12 07:40:00,-1.32,-1.79,5.08,543.5,0.41,78,1.0,5.545529731233978,0.24,0.08565535547253642,4.959,-39.43798710301062,-0.18449744680530528,68.83333333333333,1.0,85.0,0.0,1.0,150.0,100.0,0.8412957316890249,0.0,1.245020105723446,2.0969499045594073,0.0
2024-10-12 07:45:00,-0.79,-2.71,5.26,544.3,0.43,51,1.0,5.969572849040373,0.25,0.18040794676303615,5.020999999999999,-40.306678271597335,-0.10246443802236911,68.5,1.0,90.0,0.0,1.0,150.0,100.0,0.8412957316890249,0.0,1.245020105723446,2.085464778784662,0.0
2024-10-12 07:50:00,-1.94,-2.15,4.92,537.6,0.63,46,1.0,5.708984147814741,0.37,0.128400599662768,4.852,-40.46263148323431,-0.04917534930750804,68.0,1.0,95.0,0.0,1.0,150.0,100.0,0.8412957316890249,0.19011960189603044,0.9639733473398528,2.151355459968207,0.0
2024-10-12 07:55:00,-1.48,-2.82,5.68,523.0,0.94,43,1.0,6.511927518024137,0.52,0.1776345107266643,4.934,-40.798431764672415,0.00784794735987191,67.66666666666667,1.0,100.0,0.0,1.0,150.0,100.0,1.11737784266752,0.0,0.797943747153414,2.2148539093650825,0.0
2024-10-12 08:00:00,-2.39,-2.35,5.22,512.7,1.2,44,3.159595489501953,6.203466772700568,0.62,0.14017156806185127,4.6930000000000005,-40.38415200963559,0.06672750581838613,61.583333333333336,1.0,105.0,0.4996314851746417,1.0,150.0,100.0,1.11737784266752,0.19011960189603044,0.797943747153414,2.2148539093650825,0.0
2024-10-12 08:05:00,-1.48,-3.35,5.22,514.3,1.11,58,3.159595489501953,6.37662136244579,0.59,0.2597405514292654,4.709,-40.131156706488554,0.007413068824578062,56.166666666666664,1.0,110.0,0.4996314851746417,1.0,150.0,100.0,0.8551696855087824,0.7404091687930153,0.797943747153414,2.1576592052055057,0.0
2024-10-12 08:10:00,-1.8,-2.34,5.55,517.7,1.06,49,9.226215362548828,6.286342338753116,0.56,0.12782176147673843,4.8420000000000005,-40.31002132138981,-0.032841289882694726,52.916666666666664,1.0,115.0,0.9650235878914694,1.0,150.0,100.0,0.0,0.9299546722155044,0.797943747153414,2.239570368047748,0.0
2024-10-12 08:15:00,-1.45,-1.84,5.41,522.7,0.96,52,17.180163383483887,5.895438914957902,0.53,0.08206042810476917,4.8500000000000005,-40.4595696053155,0.02988972908912544,53.166666666666664,1.0,120.0,1.2350272896586745,1.0,150.0,100.0,0.0,0.9299546722155044,0.9523124837513539,2.239570368047748,0.0
2024-10-12 08:20:00,-2.1,-2.07,4.89,517.7,0.93,54,17.180163383483887,5.710253934808854,0.5,0.11693352714423445,4.644,-40.01112403049856,0.07314101313941705,53.0,1.0,125.0,1.2350272896586745,1.0,150.0,100.0,0.0,0.19011960189603044,1.306647418633342,2.239570368047748,0.0
2024-10-12 08:25:00,-1.78,-1.69,4.73,523.9,0.64,52,17.180163383483887,5.328921091553149,0.35,0.0813859873098392,4.6579999999999995,-39.72815947392133,0.0958413688760416,53.916666666666664,1.0,130.0,1.2350272896586745,1.0,150.0,100.0,0.0,0.19011960189603044,1.045789744314918,2.2049647412277977,0.0
2024-10-12 08:30:00,-1.99,-1.89,3.87,531.8,0.66,61,24.50908660888672,4.744375617507535,0.38,0.12796006847753638,4.478999999999999,-39.05271034173814,0.119976852133356,53.25,1.0,135.0,1.3893271265065918,1.0,150.0,100.0,0.0,0.056044898796059506,0.6173927411356819,2.169643504864913,0.0
2024-10-12 08:35:00,-1.47,-1.02,4.04,525.1,0.62,53,24.50908660888672,4.418472586765703,0.34,0.03529492119361071,4.463,-38.52839095258777,0.12283930181346178,53.416666666666664,1.0,140.0,1.3893271265065918,1.0,150.0,100.0,0.0,0.056044898796059506,1.045789744314918,2.118082599578059,0.0
2024-10-12 08:40:00,-1.44,-1.21,3.93,515.7,0.68,57,17.180163383483887,4.3569025694867225,0.36,0.049738158210159866,4.336,-37.82431732360352,0.11399022166749403,51.666666666666664,1.0,145.0,1.2350272896586745,1.0,150.0,100.0,0.0,0.9084310653344525,1.045789744314918,2.103403501779516,0.0
2024-10-12 08:45:00,-2.53,-1.85,3.76,523.4,0.72,53,17.88687562942505,4.894997446373185,0.39,0.13159608062590789,4.362,-37.38848873591283,0.16454942093379543,51.833333333333336,1.0,150.0,1.2525344872750046,1.0,150.0,100.0,0.0,0.9084310653344525,1.045789744314918,2.103403501779516,0.0
2024-10-12 08:50:00,-2.23,-2.8,2.54,524.5,0.81,53,13.839951992034912,4.389134311000291,0.44,0.37767987325470165,4.007,-36.17882311426557,0.22094527526389598,52.416666666666664,1.0,155.0,1.1411345836445477,1.0,150.0,100.0,0.0,0.056044898796059506,1.045789744314918,2.08791584702971,0.0
2024-10-12 08:55:00,-2.34,-2.45,2.5,520.2,0.83,59,7.773332118988037,4.210475032582428,0.45,0.31297825338054663,3.9520000000000004,-35.17903598327387,0.21082430321812637,53.75,1.0,160.0,0.890607223522095,1.0,150.0,100.0,0.0,0.056044898796059506,1.045789744314918,2.08791584702971,0.0
2024-10-12 09:00:00,-0.09,1.33,-0.01,578.7,0.55,53,1.0,1.3330791424367872,0.37,0.3886265667612503,3.790000000000001,-34.070580082084305,-0.08483226921054339,54.5,1.0,0.0,0.0,1.0,150.0,100.0,0.4996314851746417,0.0,1.045789744314918,2.103403501779516,0.19504029344917037
2024-10-12 09:05:00,2.3,2.34,-3.54,579.7,0.61,56,1.0,4.82671731096819,0.41,2.5661166696723403,4.859000000000001,-36.027358675379304,-0.46638862739805165,54.333333333333336,1.0,5.0,0.0,1.0,150.0,100.0,0.4996314851746417,0.0,1.1067320200314188,2.08791584702971,0.19504029344917037
2024-10-12 09:10:00,2.64,1.7,-5.07,580.7,0.66,47,1.0,5.963597907303946,0.45,3.3732308570368215,5.328,-38.73446635606482,-0.504317089773528,54.166666666666664,1.0,10.0,0.0,1.0,150.0,100.0,0.9650235878914694,0.0,0.9523792267531853,2.0863625058328092,0.44926254908927343
2024-10-12 09:15:00,2.66,-0.11,-5.55,580.3,0.63,102,1.0,6.1555016042561475,0.42,3.571686887621555,5.467999999999999,-41.070529573114584,-0.42223963282322,58.333333333333336,1.0,15.0,0.0,1.0,150.0,100.0,1.2350272896586745,0.0,0.6173927411356819,2.0863625058328092,0.9047463350146361
2024-10-12 09:20:00,2.62,-0.83,-5.67,584.2,0.61,136,1.0,6.300968179573675,0.42,3.661617338861762,5.543,-42.95686268429702,-0.21854395206713734,65.16666666666667,1.0,20.0,0.0,1.0,150.0,100.0,1.2350272896586745,0.056044898796059506,0.6173927411356819,2.0863625058328092,0.9047463350146361
2024-10-12 09:25:00,0.69,-4.76,-3.39,616.0,0.97,236,1.0,5.884369125063451,0.74,2.8637588274296255,5.177,-43.25596909378596,-0.04621286981744603,80.5,1.0,25.0,0.0,1.0,150.0,100.0,1.2350272896586745,0.8498324075079172,0.6695410787612455,2.0821229787616606,0.35154601641193645
2024-10-12 09:30:00,0.97,-4.93,-3.9,598.9,0.98,375,1.0,6.360487402707437,0.7,3.0863252114715833,5.159,-43.41899138247148,-0.03892659190587722,106.66666666666667,1.0,30.0,0.0,1.0,150.0,100.0,1.3893271265065918,1.11737784266752,0.6695410787612455,2.0506401300377006,0.35154601641193645
2024-10-12 09:35:00,1.34,-5.15,-4.02,599.2,1.03,408,1.0,6.6692203442381475,0.74,3.227562846180047,5.198,-43.64523501284473,0.000437515669568711,136.25,1.0,35.0,0.0,1.0,150.0,100.0,1.3893271265065918,1.11737784266752,0.0,1.9621904617448238,0.35154601641193645
2024-10-12 09:40:00,1.06,-5.23,-3.86,590.0,0.97,302,1.0,6.586053446488269,0.67,3.096626872792288,5.058,-43.414616225775795,0.08260391040781342,156.66666666666666,1.0,40.0,0.0,1.0,150.0,100.0,1.2350272896586745,0.8412957316890249,0.0,1.9557898704053098,0.35154601641193645
2024-10-12 09:45:00,1.16,-5.22,-3.52,584.6,1.34,315,1.0,6.401905966194755,0.92,2.91749109727315,4.902,-42.819195908766595,0.06150585292788193,178.5,1.0,45.0,0.0,1.0,150.0,100.0,1.2525344872750046,0.8412957316890249,0.0,1.8628835211734411,0.0
2024-10-12 09:50:00,1.56,-4.75,-4.02,584.3,1.64,329,1.0,6.415333194776402,1.12,3.0850251275165466,5.0489999999999995,-42.799557696496976,-0.04711571698749282,201.5,1.0,50.0,0.0,1.0,150.0,100.0,1.1411345836445477,0.8412957316890249,0.0,1.9557898704053098,0.0
2024-10-12 09:55:00,2.04,-4.1,-4.64,583.7,1.7,346,1.0,6.519294440351655,1.16,3.328442540688693,5.229000000000001,-43.29035307864152,-0.10144383957186562,225.41666666666666,1.0,55.0,0.0,1.0,150.0,100.0,0.890607223522095,1.11737784266752,0.0,1.8628835211734411,0.0
2024-10-12 10:00:00,2.32,-3.44,-5.1,576.0,1.48,475,1.0,6.574648279565987,0.98,3.4632793374857025,5.289999999999999,-43.81399609221563,-0.10317094225363946,260.5833333333333,1.0,60.0,0.0,1.0,150.0,100.0,0.0,1.11737784266752,0.0,1.8628835211734411,0.0
2024-10-12 10:05:00,2.68,-2.87,-5.27,575.6,1.2,821,1.0,6.572077297171725,0.79,3.5525359466000554,5.337,-44.32206250117792,-0.06148272680482094,324.3333333333333,1.0,65.0,0.0,1.0,150.0,100.0,0.0,0.8551696855087824,0.0,1.8376345681930502,0.0
2024-10-12 10:10:00,2.57,-2.82,-5.03,573.8,1.53,743,1.0,6.31333509327677,1.0,3.391233672464661,5.247,-44.42882336026384,-0.04648962992425609,382.3333333333333,1.0,70.0,0.0,1.0,150.0,100.0,0.0,0.0,0.0,1.8376345681930502,0.0
2024-10-12 10:15:00,2.14,-1.23,-5.46,570.8,1.61,741,1.0,5.992003004004587,1.05,3.3784269164456013,5.345999999999999,-44.78695880042048,-0.08436431684702654,435.5833333333333,1.0,75.0,0.0,1.0,150.0,100.0,0.0,0.0,0.0,1.8376345681930502,0.0
2024-10-12 10:20:00,2.33,-0.71,-5.41,580.3,1.76,1239,1.0,5.9330514914333925,1.19,3.428313638693199,5.425999999999999,-45.27246652873411,-0.04883952144662303,527.5,1.0,80.0,0.0,1.0,150.0,100.0,0.0,0.0,0.0,1.7915383716829807,0.0
2024-10-12 10:25:00,0.94,2.85,-4.45,597.1,2.64,1344,1.0,5.367364343884249,1.88,2.951829317379758,5.306,-45.27535401488671,0.01173433334691083,619.8333333333334,1.0,85.0,0.0,1.0,150.0,100.0,0.0,0.0,0.0,1.7083101398619807,0.0
2024-10-12 10:30:00,0.19,3.64,-4.52,590.7,2.41,1516,5.179749488830566,5.806556638835102,1.68,3.0506637637194776,5.263,-45.155123195265,0.06483739206944535,714.9166666666666,1.0,90.0,0.7143087562221886,1.0,150.0,100.0,0.0,0.0,0.0,1.7083101398619807,0.0
2024-10-12 10:35:00,-0.36,4.59,-4.15,586.1,2.32,1187,5.309285938739777,6.198403020133492,1.59,3.0346558957888927,5.106,-44.626980094192255,0.07568382410747247,779.8333333333334,1.0,95.0,0.7250361154848382,1.0,150.0,100.0,0.0,0.0,0.19011960189603044,1.6197088647710556,0.0
2024-10-12 10:40:00,-0.42,3.82,-4.07,593.8,2.81,859,10.012787818908691,5.597651293176452,1.98,2.873741528271342,5.159,-44.398284954190274,0.15936602992027815,826.25,1.0,100.0,1.0005550131239815,1.0,150.0,100.0,0.0,0.0,0.0,1.5124367290593117,0.0
2024-10-12 10:45:00,1.75,0.26,-3.17,577.1,2.17,1155,10.012787818908691,3.6302892446745894,1.44,2.0915342125779186,4.722,-43.033319794989474,0.3706296101316049,896.25,1.0,105.0,1.0005550131239815,1.0,150.0,100.0,0.0,0.0,0.0,1.622932804199563,0.0
2024-10-12 10:50:00,1.48,-5.78,1.56,573.1,1.14,1022,24.599416732788086,6.167041430053798,0.75,1.3066910368368772,4.199,-40.691988852874225,0.29014644483706675,954.0,1.0,0.0,1.390924809837743,1.0,150.0,100.0,0.0,0.0,0.19011960189603044,1.533462786763854,0.0
2024-10-12 10:55:00,1.22,-5.39,2.79,579.0,0.99,828,24.599416732788086,6.190686553202318,0.67,0.9683423191420949,4.627,-40.131855346618806,0.051994244075096674,994.1666666666666,1.0,5.0,1.390924809837743,1.0,150.0,100.0,0.0,0.0,0.0,1.533462786763854,0.0
2024-10-12 11:00:00,0.82,-5.2,3.55,572.6,0.94,651,24.599416732788086,6.349401546602641,0.62,0.7928853211708624,4.791,-40.17204641212326,0.01092108550161015,1008.8333333333334,1.0,10.0,1.390924809837743,1.0,150.0,100.0,0.0,0.4996314851746417,0.19011960189603044,1.533462786763854,0.0
2024-10-12 11:05:00,-0.4,-5.09,4.0,552.5,0.9,526,24.599416732788086,6.485992599440737,0.55,0.6846480876741075,4.7250000000000005,-40.022644491602705,-0.030386589025138733,984.25,1.0,15.0,1.390924809837743,1.0,150.0,100.0,0.0,0.4996314851746417,0.7404091687930153,1.533462786763854,0.0
2024-10-12 11:10:00,-1.54,-4.3,4.94,544.9,0.83,433,47.19854927062988,6.727941735776255,0.49,0.450417596862994,4.931,-40.475912302374645,-0.07523164594996672,958.4166666666666,1.0,20.0,1.6739286500441974,1.0,150.0,100.0,0.0,0.9650235878914694,0.9299546722155044,1.533462786763854,0.0
2024-10-12 11:15:00,-1.61,-4.55,4.97,543.1,0.91,411,24.599416732788086,6.927878463137182,0.53,0.4936718605141137,4.922,-40.77496095110237,-0.06971777417682504,930.9166666666666,1.0,25.0,1.390924809837743,1.0,150.0,100.0,0.0,1.2350272896586745,0.9299546722155044,1.6976193009874996,0.0
2024-10-12 11:20:00,-1.14,-4.66,5.1,545.9,0.89,346,24.599416732788086,7.00179976863092,0.54,0.5002703881620779,4.988999999999999,-41.173090044142896,-0.09769748616514988,856.5,1.0,30.0,1.390924809837743,1.0,150.0,100.0,0.0,1.2350272896586745,0.19011960189603044,1.8208739230166817,0.0
2024-10-12 11:25:00,-0.88,-4.74,5.33,549.6,0.87,294,33.393436431884766,7.1868560581105285,0.52,0.4991590388213823,5.095000000000001,-41.75193581275387,-0.1599000569810137,769.0,1.0,35.0,1.5236611134722098,1.0,150.0,100.0,0.0,1.2350272896586745,0.19011960189603044,1.8208739230166817,0.0
2024-10-12 11:30:00,-1.15,-4.12,5.99,551.3,0.89,253,61.24985885620117,7.360502700223675,0.54,0.3572496341593396,5.31,-42.77209061395303,-0.15924447984471043,663.75,1.0,40.0,1.7871050922521845,1.0,150.0,100.0,0.7143087562221886,1.3893271265065918,0.056044898796059506,1.6976193009874996,0.0
2024-10-12 11:35:00,-1.41,-4.55,5.45,562.0,1.03,215,74.44417572021484,7.238307813294486,0.65,0.4726044548364111,5.255,-43.344380611200975,-0.12488490277733603,582.75,1.0,45.0,1.8718307255735218,1.0,150.0,100.0,0.7250361154848382,1.3893271265065918,0.056044898796059506,1.6976193009874996,0.0
2024-10-12 11:40:00,-0.44,-4.94,5.82,560.3,1.04,173,85.60584259033203,7.646541701972207,0.66,0.5089995880494466,5.349,-44.02093964172639,-0.1915661446875724,525.5833333333334,1.0,50.0,1.9325034062443314,1.0,150.0,100.0,1.0005550131239815,1.2350272896586745,0.9084310653344525,1.8354358363117533,0.0
2024-10-12 11:45:00,-0.41,-4.55,6.38,569.6,0.99,161,105.67259979248047,7.846973939041725,0.64,0.41530884650770544,5.61,-45.2600420580767,-0.10382206640672394,442.75,1.0,55.0,2.0239623922122525,1.0,150.0,100.0,1.0005550131239815,1.2525344872750046,0.9084310653344525,1.8354358363117533,0.0
2024-10-12 11:50:00,1.75,-4.86,-4.41,591.0,3.51,145,127.42543029785156,6.791921672104295,2.45,3.355705234308704,5.2330000000000005,-45.05916030579363,0.06512419984117557,369.6666666666667,1.0,0.0,2.10525610881493,1.0,150.0,100.0,1.390924809837743,1.1411345836445477,0.056044898796059506,1.9311580166563214,0.0
2024-10-12 11:55:00,-0.53,2.73,3.67,602.3,7.78,128,137.4481964111328,4.604638965217577,5.64,0.2740718137337689,5.124,-44.608800059664944,0.25176596485464203,311.3333333333333,1.0,0.0,2.1381390454248,1.0,150.0,100.0,1.390924809837743,0.890607223522095,0.056044898796059506,1.8752671536796355,0.0
2024-10-12 12:00:00,0.12,0.17,1.58,600.6,7.42,235,162.1220245361328,1.5936436239009022,5.35,0.0027463084503058827,4.48,-42.54150065724721,0.3943722805727802,276.6666666666667,1.0,5.0,2.2098420184559187,1.0,150.0,100.0,1.390924809837743,0.0,0.0,1.9311580166563214,0.0
2024-10-12 12:05:00,0.08,-0.34,-0.82,608.0,7.77,184,184.99445343017578,0.8912911982062877,5.74,0.5212427816873276,4.326,-40.66507725393714,0.10068473883402049,248.16666666666666,1.0,0.0,2.267158707425829,1.0,150.0,100.0,1.390924809837743,0.0,0.0,1.9311580166563214,0.0
2024-10-12 12:10:00,-1.27,-0.72,-3.12,621.1,4.83,195,200.35975646972656,3.4446625378983065,3.72,2.112085141222136,5.147,-41.53465326890701,0.0527946885844159,228.33333333333334,1.0,5.0,2.3018104951480507,1.0,150.0,100.0,1.6739286500441974,0.0,0.0,1.8752671536796355,0.0
2024-10-12 12:15:00,0.64,-2.71,-0.93,612.1,4.73,237,215.8592987060547,2.935745220553037,3.53,1.1901258169366038,4.4,-40.13713036809298,0.22264487144143175,213.83333333333334,1.0,10.0,2.334170761770351,1.0,150.0,100.0,1.390924809837743,0.0,0.0,1.8752671536796355,0.2640605128749551
2024-10-12 12:20:00,-0.13,-3.1,-1.29,607.8,4.35,294,251.18038177490234,3.360208326874987,3.2,1.4134920298985358,4.465,-39.30820455449269,0.10707469827883784,209.5,1.0,15.0,2.3999857161972327,1.0,150.0,100.0,1.390924809837743,0.0,0.056044898796059506,1.7915994110954372,0.2640605128749551
2024-10-12 12:25:00,-0.6,-3.47,-1.65,610.3,4.54,309,298.0270690917969,3.888881587294733,3.38,1.6962915420450553,4.598,-39.066383385304604,0.000260559955302142,210.75,1.0,20.0,2.4742557118054447,1.0,150.0,100.0,1.5236611134722098,0.0,0.8498324075079172,1.7915994110954372,1.1306697764063476
2024-10-12 12:30:00,-1.48,-2.85,-1.77,622.1,5.36,386,335.45130920410156,3.6668515104923465,4.13,1.7423244806356102,4.752,-39.30559895493967,-0.09909212739071123,221.83333333333334,1.0,25.0,2.525629491185826,1.0,150.0,100.0,1.7871050922521845,0.0,1.11737784266752,1.7915994110954372,1.1029018654570126
2024-10-12 12:35:00,-1.62,-3.22,-2.45,623.0,4.46,386,335.45130920410156,4.358359783221207,3.46,2.179703116270054,4.965000000000001,-40.05730465921172,0.052019880264943905,236.08333333333334,1.0,30.0,2.525629491185826,1.0,150.0,100.0,1.8718307255735218,0.0,1.11737784266752,1.7915994110954372,1.3626671419350078
2024-10-12 12:40:00,-0.6,-4.82,-0.21,622.2,2.96,395,335.45130920410156,4.861738372228601,2.29,1.5783210816804418,4.285,-38.78540015229023,0.179552190163151,254.58333333333334,1.0,35.0,2.525629491185826,1.0,150.0,100.0,1.9325034062443314,0.0,0.8412957316890249,1.6840183425175281,1.3626671419350078
2024-10-12 12:45:00,-0.41,-3.79,-0.81,619.1,3.56,405,335.45130920410156,3.8972169557262273,2.73,1.4585181699493472,4.434000000000001,-38.26178275758021,0.04186624223918756,274.9166666666667,1.0,40.0,2.525629491185826,1.0,150.0,100.0,2.0239623922122525,0.0,0.8412957316890249,1.6636037800403887,1.3626671419350078
2024-10-12 12:50:00,-1.13,-3.92,-1.19,625.9,4.54,384,318.58436584472656,4.249635278468024,3.55,1.7162416308211819,4.6160000000000005,-38.366737729898354,-0.0031523579072484154,294.8333333333333,1.0,45.0,2.5032244594941044,1.0,150.0,100.0,2.10525610881493,0.0,0.8412957316890249,1.6345963211279042,1.3965289256611724
2024-10-12 12:55:00,-1.45,-3.67,-0.93,628.1,4.04,367,318.58436584472656,4.054170692015816,3.19,1.5859664736045087,4.5600000000000005,-38.29330633665269,0.038861781653247364,314.75,1.0,50.0,2.5032244594941044,1.0,150.0,100.0,2.1381390454248,0.0,1.11737784266752,1.559162710978855,1.5225732579894358
2024-10-12 13:00:00,-2.18,-3.4,-0.64,626.8,4.26,338,318.58436584472656,4.089254210733297,3.35,1.51864590369738,4.46,-37.97811991336588,0.030926598905602277,323.3333333333333,1.0,55.0,2.5032244594941044,1.0,150.0,100.0,2.2098420184559187,0.0,1.11737784266752,1.4746271624380345,1.5225732579894358
2024-10-12 13:05:00,-2.26,-3.3,-0.8,630.8,4.12,311,314.0204315185547,4.078921426063513,3.28,1.5895893230113574,4.548,-37.98404034759667,0.05194267486408677,333.9166666666667,1.0,60.0,2.496957906057583,1.0,150.0,100.0,2.267158707425829,0.0,0.8551696855087824,1.441657365387547,1.5225732579894358
2024-10-12 13:10:00,-1.53,-2.69,-0.12,630.9,4.29,259,296.65618896484375,3.0969985469806085,3.42,1.0204862243184019,4.344999999999999,-37.45869316472501,0.054975890102083015,339.25,1.0,65.0,2.4722534132001632,1.0,150.0,100.0,2.3018104951480507,0.0,0.0,1.441657365387547,1.5488838320252023
2024-10-12 13:15:00,-2.66,-1.33,0.49,633.3,4.44,221,277.6891632080078,3.014067019825538,3.56,0.6244616332839126,4.48,-37.43428144657584,0.00392298988788653,337.9166666666667,1.0,0.0,2.443558931781964,1.0,150.0,100.0,2.334170761770351,0.0,0.0,1.3827396911003622,1.6663554362464121
2024-10-12 13:20:00,-2.42,-2.43,-0.8,624.1,4.54,280,237.59165954589844,3.5215479550902047,3.54,1.4425331546031974,4.481,-37.41946326584615,-0.021412382138444742,336.75,1.0,0.0,2.375831191036557,1.0,150.0,100.0,2.3999857161972327,0.0,0.0,1.2005837873467613,1.6815607597429063
2024-10-12 13:25:00,-2.18,-2.73,-0.89,630.5,5.28,315,199.130615234375,3.6051907023068837,4.2,1.4888082790172077,4.572,-37.648405267960285,-0.004581639256093695,337.25,1.0,5.0,2.299138035543248,1.0,150.0,100.0,2.4742557118054447,0.0,0.0,1.3827396911003622,1.6815607597429063
2024-10-12 13:30:00,-2.68,-2.4,-0.45,630.5,5.28,251,199.130615234375,3.6255896072225275,4.2,1.3536028605098422,4.4399999999999995,-37.465279658407084,-0.013611495466498268,326.0,1.0,10.0,2.299138035543248,1.0,150.0,100.0,2.525629491185826,0.7143087562221886,0.0,1.441657365387547,1.7214592239831026
2024-10-12 13:35:00,-3.04,-2.1,-0.88,634.7,4.07,336,199.130615234375,3.7981574480266085,3.28,1.671193965993859,4.611000000000001,-37.78452022262527,-0.035937717452491566,321.8333333333333,1.0,15.0,2.299138035543248,1.0,150.0,100.0,2.525629491185826,0.7250361154848382,0.0,1.2842732433001178,1.7214592239831026
2024-10-12 13:40:00,-2.75,-1.29,-0.75,631.5,4.97,289,199.130615234375,3.1287537455031513,3.96,1.4844447530233298,4.539999999999999,-37.824656832932,-0.026466915111901558,313.0,1.0,20.0,2.299138035543248,1.0,150.0,100.0,2.525629491185826,1.0005550131239815,0.0,1.245020105723446,1.765202931121811
2024-10-12 13:45:00,-2.19,-1.31,-1.03,630.5,5.0,372,199.130615234375,2.751926597858308,3.97,1.4037626591868373,4.614,-38.049189373744284,-0.06252494469554079,310.25,1.0,25.0,2.299138035543248,1.0,150.0,100.0,2.525629491185826,1.0005550131239815,0.0,1.245020105723446,1.765202931121811
2024-10-12 13:50:00,-0.62,-1.17,-2.0,610.4,6.53,406,199.130615234375,2.398603760524026,4.87,1.3639277106847938,4.703999999999999,-38.44990627988741,-0.0398818638899364,312.0833333333333,1.0,30.0,2.299138035543248,1.0,150.0,100.0,2.5032244594941044,1.390924809837743,0.0,0.9639733473398528,1.7945423926566384
2024-10-12 13:55:00,-1.32,-1.48,-1.64,610.4,999.99,421,202.99761199951172,2.573402417034693,99.99,1.3684797670699407,4.595999999999999,-38.44800801264365,0.06159241946602023,316.5833333333333,1.0,35.0,2.307490929038657,1.0,150.0,100.0,2.5032244594941044,1.390924809837743,0.0,0.797943747153414,1.8369787101112114
2024-10-12 14:00:00,-1.76,-2.19,-0.86,610.4,999.99,459,255.06940460205078,2.9382477771624367,99.99,1.2245352389199293,4.361999999999999,-37.833982085227206,0.0771834580005688,326.6666666666667,1.0,40.0,2.40665836841231,1.0,150.0,100.0,2.5032244594941044,1.390924809837743,0.4996314851746417,0.797943747153414,1.871965142911125
2024-10-12 14:05:00,-0.8,-2.48,-1.15,612.5,6.02,406,259.7752151489258,2.8483152915363847,4.52,1.2392554483437574,4.47,-37.67617343263796,0.05590607763234203,334.5833333333333,1.0,45.0,2.414597713182249,1.0,150.0,100.0,2.496957906057583,1.390924809837743,0.4996314851746417,0.797943747153414,1.871965142911125
2024-10-12 14:10:00,-0.3,-2.73,-0.78,612.5,999.99,321,259.7752151489258,2.8550481607146314,99.99,1.1145632523109188,4.359,-37.274921308903785,0.12161448705948459,339.75,1.0,50.0,2.414597713182249,1.0,150.0,100.0,2.4722534132001632,1.6739286500441974,0.9650235878914694,0.797943747153414,1.9087256239715438
2024-10-12 14:15:00,-0.22,-2.44,-0.09,612.5,999.99,380,259.7752151489258,2.4515505297668247,99.99,0.7784615065141729,4.152,-36.460028562043114,0.10461953948865599,353.0,1.0,55.0,2.414597713182249,1.0,150.0,100.0,2.443558931781964,1.390924809837743,1.2350272896586745,0.9523124837513539,1.9561504409583559
2024-10-12 14:20:00,-0.44,-2.25,-0.55,612.5,999.99,362,259.7752151489258,2.3576683396949623,99.99,0.8934855918155561,4.29,-36.228725914017225,-0.010356200736708843,359.8333333333333,1.0,60.0,2.414597713182249,1.0,150.0,100.0,2.375831191036557,1.390924809837743,1.2350272896586745,1.306647418633342,2.0130343918147307
2024-10-12 14:25:00,0.15,-2.23,-1.33,608.4,5.65,331,259.7752151489258,2.6008267916183887,4.18,1.196432077813678,4.483,-36.5635905694102,0.06638655423032276,361.1666666666667,1.0,65.0,2.414597713182249,1.0,150.0,100.0,2.299138035543248,1.5236611134722098,1.2350272896586745,1.045789744314918,2.0130343918147307
2024-10-12 14:30:00,2.49,-3.0,0.05,598.2,4.03,457,259.7752151489258,3.8990511666301586,2.9,1.146772132862552,3.9970000000000003,-35.564860371714,0.17071614310900288,378.3333333333333,1.0,0.0,2.414597713182249,1.0,150.0,100.0,2.299138035543248,1.7871050922521845,1.3893271265065918,0.6173927411356819,2.0969218748321885
2024-10-12 14:35:00,2.62,-3.47,0.2,593.9,2.13,301,215.76641082763672,4.352619900703483,1.5,1.2181376295547712,3.999,-34.85642913832017,0.009384937733555887,375.4166666666667,1.0,5.0,2.3339838373459516,1.0,150.0,100.0,2.299138035543248,1.8718307255735218,1.3893271265065918,1.045789744314918,2.0969218748321885
2024-10-12 14:40:00,2.79,-2.81,1.35,603.5,2.82,252,207.75188446044922,4.183622831948406,2.06,0.7157300372531429,4.44,-35.47101099437844,-0.1583441691705147,372.3333333333333,1.0,10.0,2.317544971840325,1.0,150.0,100.0,2.299138035543248,1.9325034062443314,1.2350272896586745,1.045789744314918,2.1555313916715275
2024-10-12 14:45:00,2.92,-2.36,1.89,607.4,3.08,263,193.34789276123047,4.203343906938855,2.27,0.4785828367795535,4.641,-36.43987083002532,-0.21615738540109747,363.25,1.0,15.0,2.2863394431938957,1.0,150.0,100.0,2.299138035543248,2.0239623922122525,1.2525344872750046,1.045789744314918,2.1555313916715275
2024-10-12 14:50:00,2.9,-2.01,2.42,610.1,2.38,331,184.8764419555664,4.278609587237424,1.78,0.3011562683226207,4.827000000000001,-37.63258484838941,-0.044267270878117417,357.0,1.0,20.0,2.2668815743255895,1.0,150.0,100.0,2.299138035543248,2.10525610881493,1.1411345836445477,1.045789744314918,2.127223879128038
2024-10-12 14:55:00,2.88,-3.4,0.57,604.7,1.96,330,176.77857208251953,4.492137575809538,1.43,1.1336338086414415,4.218000000000001,-36.882543538806495,0.11864616807866639,349.4166666666667,1.0,25.0,2.24742962159162,1.0,150.0,100.0,2.307490929038657,2.1381390454248,0.890607223522095,1.045789744314918,2.127223879128038
2024-10-12 15:00:00,3.11,-3.01,1.13,591.8,1.44,308,167.9842529296875,4.473153250225169,1.02,0.8584058091503572,4.257,-36.44612316760275,-0.04196323120182512,336.8333333333333,1.0,30.0,2.225268572283749,1.0,150.0,100.0,2.40665836841231,2.2098420184559187,0.0,1.045789744314918,2.1536281458709916
2024-10-12 15:05:00,2.91,-0.43,2.95,581.8,1.24,278,167.9842529296875,4.165993278919206,0.85,0.012672758228646327,4.702999999999999,-37.302175850824746,-0.17915235457899356,326.1666666666667,1.0,35.0,2.225268572283749,1.0,150.0,100.0,2.414597713182249,2.267158707425829,0.0,1.1067320200314188,2.218727740257208
2024-10-12 15:10:00,2.74,0.03,3.32,582.7,1.74,232,167.9842529296875,4.304753186885399,1.19,5.120036184864269e-05,4.823,-38.237646713392685,-0.05709597334926997,318.75,1.0,40.0,2.225268572283749,1.0,150.0,100.0,2.414597713182249,2.3018104951480507,0.0,0.9523792267531853,2.247390783853122
2024-10-12 15:15:00,2.97,-2.24,2.2,577.5,1.11,178,160.7719268798828,4.321863024206112,0.74,0.37349782582987523,4.4350000000000005,-37.873135584317446,0.1645668660415538,301.9166666666667,1.0,45.0,2.2062102168903848,1.0,150.0,100.0,2.414597713182249,2.334170761770351,0.0,0.6173927411356819,2.3025502549907686
2024-10-12 15:20:00,2.71,-3.49,1.08,571.0,0.84,215,153.2584228515625,4.548692119719689,0.55,0.9147386914951172,4.034,-36.59197805297715,0.18908374743081283,289.6666666666667,1.0,50.0,2.185424352015475,1.0,150.0,100.0,2.414597713182249,2.3999857161972327,0.0,0.6173927411356819,2.3721831167037073
2024-10-12 15:25:00,2.77,-3.11,1.61,567.3,0.79,224,153.2584228515625,4.4650979832474,0.51,0.6842609009930957,4.156,-35.98229811000932,0.05527829652581247,280.75,1.0,55.0,2.185424352015475,1.0,150.0,100.0,2.414597713182249,2.4742557118054447,0.0,0.6695410787612455,2.3721831167037073
2024-10-12 15:30:00,2.95,-2.68,2.3,565.9,0.67,133,136.4183120727539,4.601619280209957,0.43,0.4540723989263725,4.349,-36.03919508771902,0.07424755040838633,253.75,1.0,60.0,2.134872671628028,1.0,150.0,100.0,2.414597713182249,2.525629491185826,0.0,0.6695410787612455,2.333765936232635
2024-10-12 15:35:00,3.19,-3.11,1.09,569.0,0.63,89,136.4183120727539,4.58653463957267,0.41,0.8732759632013836,4.017,-35.239822605925454,0.08810073541108565,236.08333333333334,1.0,65.0,2.134872671628028,1.0,150.0,100.0,2.3339838373459516,2.525629491185826,0.0,0.0,2.333765936232635
2024-10-12 15:40:00,3.41,-2.55,1.69,570.5,0.7,46,136.4183120727539,4.581124316147729,0.46,0.584862469062813,4.212,-35.158187733608166,-0.04493372872366948,218.91666666666666,1.0,70.0,2.134872671628028,1.0,150.0,100.0,2.317544971840325,2.525629491185826,0.0,0.0,2.2494927118904293
2024-10-12 15:45:00,3.05,-2.49,2.38,572.7,0.69,50,131.7241668701172,4.600760806649265,0.45,0.4071393089810159,4.441000000000001,-35.68915989316215,-0.1085577032589633,201.16666666666666,1.0,75.0,2.1196654604248977,1.0,150.0,100.0,2.2863394431938957,2.525629491185826,0.0,0.0,2.2494927118904293
2024-10-12 15:50:00,3.25,-1.65,2.71,569.5,0.66,78,148.56427764892578,4.541926903859198,0.42,0.1886457251057115,4.508,-36.2437647661978,-0.1578716492113017,180.08333333333334,1.0,80.0,2.1719143956629186,1.0,150.0,100.0,2.2668815743255895,2.5032244594941044,0.0,0.0,2.2494927118904293
2024-10-12 15:55:00,2.89,-0.96,3.33,574.5,0.65,87,135.6618423461914,4.512493767308715,0.43,0.0507235559085736,4.744,-37.267876385275166,-0.1691029799371165,159.83333333333334,1.0,85.0,2.1324577106749834,1.0,150.0,100.0,2.24742962159162,2.5032244594941044,0.0,0.0,2.2494927118904293
2024-10-12 16:00:00,2.95,-0.04,3.39,570.3,0.64,134,128.37348175048828,4.494018246513915,0.42,8.919765808224116e-05,4.719999999999999,-37.934794565568964,-0.1253728763629553,145.33333333333334,1.0,90.0,2.108475320314903,1.0,150.0,100.0,2.225268572283749,2.5032244594941044,0.0,0.0,2.239144915229672
2024-10-12 16:05:00,2.82,0.01,3.46,572.3,0.62,62,128.37348175048828,4.46364201073518,0.41,5.334554944806978e-06,4.761,-38.52160514890472,-0.03584277963470441,127.33333333333333,1.0,95.0,2.108475320314903,1.0,150.0,100.0,2.225268572283749,2.496957906057583,0.0,0.0,2.213997439060321
2024-10-12 16:10:00,3.07,-1.11,2.58,574.4,0.68,55,128.37348175048828,4.160937394386029,0.45,0.0972847116062262,4.518,-38.29322236191601,0.06608224808581724,112.58333333333333,1.0,100.0,2.108475320314903,1.0,150.0,100.0,2.225268572283749,2.4722534132001632,0.0,0.0,2.1888624894657833
2024-10-12 16:15:00,3.29,-2.11,2.28,573.1,0.63,53,128.37348175048828,4.524886738914025,0.42,0.34497642521370253,4.415,-37.86078266804655,0.052455174913060176,102.16666666666667,1.0,105.0,2.108475320314903,1.0,150.0,100.0,2.2062102168903848,2.443558931781964,0.0,0.0,2.1785449586796126
2024-10-12 16:20:00,3.34,-1.51,2.6,571.8,0.65,54,128.37348175048828,4.493962616666944,0.43,0.17378225793329352,4.497999999999999,-37.76867061278541,-0.01245108193631168,88.75,1.0,110.0,2.108475320314903,1.0,150.0,100.0,2.185424352015475,2.375831191036557,0.0,0.0,2.140560536459507
2024-10-12 16:25:00,3.2,-1.18,2.92,572.9,0.68,46,128.37348175048828,4.489855231519163,0.45,0.0936847597802889,4.605,-37.98529348740966,-0.041652834882719245,73.91666666666667,1.0,115.0,2.108475320314903,1.0,150.0,100.0,2.185424352015475,2.299138035543248,0.0,0.0,2.1161255483797135
2024-10-12 16:30:00,2.92,-1.53,3.0,572.2,0.7,38,132.12004852294922,4.4572749522550215,0.46,0.1392095039152537,4.622,-38.1851989616126,-0.012556244479900868,66.0,1.0,120.0,2.120968724520173,1.0,150.0,100.0,2.134872671628028,2.299138035543248,0.7143087562221886,0.0,2.1161255483797135
2024-10-12 16:35:00,3.09,-1.25,2.82,569.4,0.69,35,128.37348175048828,4.366119558601207,0.44,0.10663722077278019,4.54,-38.11085593220867,0.03713419220131513,61.5,1.0,125.0,2.108475320314903,1.0,150.0,100.0,2.134872671628028,2.299138035543248,0.7250361154848382,0.19011960189603044,2.083055096201962
2024-10-12 16:40:00,3.03,-1.62,2.57,567.6,0.75,42,132.12004852294922,4.290710896809525,0.48,0.18757766369214005,4.447,-37.81385703959945,0.009594117687264259,61.166666666666664,1.0,130.0,2.120968724520173,1.0,150.0,100.0,2.134872671628028,2.299138035543248,1.0005550131239815,0.0,2.0473722675656116
2024-10-12 16:45:00,2.98,-0.68,3.07,568.3,0.85,44,128.37348175048828,4.3321703567611465,0.55,0.02912945853030842,4.604,-38.01491475533603,-0.060083652572985355,60.666666666666664,1.0,135.0,2.108475320314903,1.0,150.0,100.0,2.1196654604248977,2.299138035543248,1.0005550131239815,0.0,2.018629391132099
2024-10-12 16:50:00,2.79,-0.21,3.27,571.9,0.92,46,128.37348175048828,4.303614759710725,0.6,0.0025298557681385806,4.7,-38.4146935653293,-0.10173874684170485,58.0,1.0,140.0,2.108475320314903,1.0,150.0,100.0,2.1719143956629186,2.299138035543248,1.390924809837743,0.19011960189603044,2.0112288576986734
2024-10-12 16:55:00,2.55,0.5,3.42,579.7,0.86,63,130.04632568359375,4.295218271520087,0.57,0.01309548669870495,4.823,-39.03230222375308,-0.10098971810721409,56.0,1.0,145.0,2.1140980861906176,1.0,150.0,100.0,2.1324577106749834,2.307490929038657,1.390924809837743,0.0,2.0112288576986734
2024-10-12 17:00:00,2.42,0.84,3.37,579.4,0.79,81,140.87935638427734,4.233072170421856,0.53,0.0364074693535111,4.805,-39.42459074640144,-0.005362826865862758,51.583333333333336,1.0,150.0,2.1488473588635695,1.0,150.0,100.0,2.108475320314903,2.40665836841231,1.390924809837743,0.19011960189603044,1.9977251661148385
2024-10-12 17:05:00,2.93,-0.23,2.53,581.5,0.78,84,125.81021118164062,3.877976276358585,0.53,0.0046304984240604025,4.574,-39.085930492411705,0.06070054096953825,53.416666666666664,1.0,155.0,2.0997158913466856,1.0,150.0,100.0,2.108475320314903,2.414597713182249,1.390924809837743,0.7404091687930153,2.0112288576986734
2024-10-12 17:10:00,2.73,-0.89,2.57,579.3,1.04,52,148.35755920410156,3.8535567985952923,0.7,0.06145439659074307,4.563999999999999,-38.81758533670606,-0.021785457972339373,53.166666666666664,1.0,160.0,2.1713096796517872,1.0,150.0,100.0,2.108475320314903,2.414597713182249,1.6739286500441974,0.9299546722155044,2.0301335232443187
2024-10-12 17:15:00,2.68,0.09,2.71,600.4,1.35,155,154.7796173095703,3.8124270484823706,0.97,0.000630622710579478,4.816999999999999,-39.3037850721351,-0.07007735463215141,61.666666666666664,1.0,165.0,2.1897137685380015,1.0,150.0,100.0,2.108475320314903,2.414597713182249,1.390924809837743,0.9299546722155044,2.0301335232443187
2024-10-12 17:20:00,2.65,0.43,3.06,585.0,1.0,225,160.7864990234375,4.070749316772036,0.68,0.011584835667312207,4.768,-39.518358883027574,-0.032195672888641266,75.91666666666667,1.0,170.0,2.2062495789535737,1.0,150.0,100.0,2.108475320314903,2.414597713182249,1.390924809837743,0.19011960189603044,2.0301335232443187
2024-10-12 17:25:00,2.16,0.82,3.12,581.5,1.35,197,162.4886474609375,3.8823188946813736,0.91,0.03707514766056227,4.7509999999999994,-39.62574180102151,0.07862209980429072,88.5,1.0,175.0,2.2108230236699713,1.0,150.0,100.0,2.108475320314903,2.414597713182249,1.5236611134722098,0.19011960189603044,2.0301335232443187
2024-10-12 17:30:00,0.91,3.09,1.57,591.3,1.67,147,162.4886474609375,3.583448060178911,1.17,0.5795440307250246,4.3839999999999995,-38.73213788498467,0.17202026825582023,97.58333333333333,1.0,180.0,2.2108230236699713,1.0,150.0,100.0,2.120968724520173,2.414597713182249,1.7871050922521845,0.056044898796059506,2.0301335232443187
2024-10-12 17:35:00,-0.16,3.52,0.78,607.7,2.13,91,170.34880828857422,3.6089333604265956,1.57,0.8593381380145568,4.311,-37.90553911846331,0.19948877039959,102.25,1.0,185.0,2.2313390997148352,1.0,150.0,100.0,2.108475320314903,2.3339838373459516,1.8718307255735218,0.056044898796059506,2.0301335232443187
2024-10-12 17:40:00,0.07,2.89,-0.34,598.1,2.09,96,170.34880828857422,2.9107730931833213,1.49,0.9721731079528043,4.083,-36.73725018098877,0.15861582613943453,106.75,1.0,0.0,2.2313390997148352,1.0,150.0,100.0,2.120968724520173,2.317544971840325,1.9325034062443314,0.9084310653344525,2.0008132420498534
2024-10-12 17:45:00,3.06,1.33,1.32,585.2,2.73,117,175.92105865478516,3.5881610889144873,1.87,0.31031413166103905,4.248,-36.319380857068964,-0.004878811515825987,112.83333333333333,1.0,0.0,2.24531782985062,1.0,150.0,100.0,2.108475320314903,2.2863394431938957,2.0239623922122525,0.9084310653344525,2.041387097518354
2024-10-12 17:50:00,3.22,-0.09,2.23,587.4,3.39,121,175.92105865478516,3.917831032599543,2.35,0.0009359761832474405,4.542999999999999,-36.78603829614703,-0.020122521953026506,119.08333333333333,1.0,5.0,2.24531782985062,1.0,150.0,100.0,2.108475320314903,2.2668815743255895,2.10525610881493,0.056044898796059506,2.035978378245908
2024-10-12 17:55:00,3.45,-0.54,1.87,575.2,2.92,121,176.16311645507812,3.961186690879389,1.93,0.04472119389569728,4.313000000000001,-36.52060607659923,0.06060983670728035,123.91666666666667,1.0,10.0,2.2459149846843953,1.0,150.0,100.0,2.1140980861906176,2.24742962159162,2.1381390454248,0.056044898796059506,2.035978378245908
2024-10-12 18:00:00,3.29,-1.0,1.43,582.5,3.16,204,175.55391693115234,3.7241106320838537,2.15,0.19577767230578985,4.2540000000000004,-36.17993992907422,0.021864910717806652,134.16666666666666,1.0,15.0,2.244410523819074,1.0,150.0,100.0,2.1488473588635695,2.225268572283749,2.2098420184559187,0.0,2.035978378245908
2024-10-12 18:05:00,3.26,-1.73,2.27,571.5,1.6,254,175.55391693115234,4.3328281756838685,1.05,0.25337673351400886,4.396,-36.30195696942116,-0.035750541615742294,148.33333333333334,1.0,20.0,2.244410523819074,1.0,150.0,100.0,2.0997158913466856,2.225268572283749,2.267158707425829,0.0,2.035978378245908
2024-10-12 18:10:00,2.41,-2.38,2.26,577.5,1.84,129,174.12911987304688,4.071866893698761,1.23,0.36614162389927385,4.453,-36.537445345231646,-0.014925746629150183,154.75,1.0,25.0,2.2408714049063265,1.0,150.0,100.0,2.1713096796517872,2.225268572283749,2.3018104951480507,0.0,2.035978378245908
2024-10-12 18:15:00,1.7,-2.12,1.87,579.4,2.1,125,174.12911987304688,3.2986815548033737,1.41,0.3234756678220112,4.3549999999999995,-36.451214435712664,0.11490817287212067,152.25,1.0,30.0,2.2408714049063265,1.0,150.0,100.0,2.1897137685380015,2.2062102168903848,2.334170761770351,0.0,2.069204966963756
2024-10-12 18:20:00,1.92,1.18,-0.62,577.2,2.6,84,175.47525024414062,2.3373489255992568,1.73,0.9883150832120128,3.958,-35.38836361651044,0.10953239818424976,140.5,1.0,0.0,2.2442158704292967,1.0,150.0,100.0,2.2062495789535737,2.185424352015475,2.3999857161972327,0.056044898796059506,2.035978378245908
2024-10-12 18:25:00,2.8,0.17,1.81,570.5,2.62,72,175.47525024414062,3.33841279652472,1.71,0.004172675428226702,4.248,-35.35589045387017,0.0192924894754249,130.08333333333334,1.0,0.0,2.2442158704292967,1.0,150.0,100.0,2.2108230236699713,2.185424352015475,2.4742557118054447,0.8498324075079172,1.9855281292050098
2024-10-12 18:30:00,3.14,-0.59,1.96,560.6,2.15,85,174.35227966308594,3.748239586792712,1.35,0.0445920187680378,4.194,-35.19543872175619,0.02750601121953906,124.91666666666667,1.0,5.0,2.241427630166979,1.0,150.0,100.0,2.2108230236699713,2.134872671628028,2.525629491185826,1.11737784266752,1.9855281292050098
2024-10-12 18:35:00,3.14,-0.59,1.96,560.6,999.99,84,174.35227966308594,3.748239586792712,99.99,0.0445920187680378,4.194,-35.080830341674776,-0.012515437944008312,124.33333333333333,1.0,10.0,2.241427630166979,1.0,150.0,100.0,2.2313390997148352,2.134872671628028,2.525629491185826,1.11737784266752,2.0466359358806545
2024-10-12 18:40:00,3.08,-1.42,2.38,560.6,999.99,94,174.35227966308594,4.143331992491068,99.99,0.16402832781739177,4.32,-35.32059310119627,-0.03417018974476136,124.16666666666667,1.0,15.0,2.241427630166979,1.0,150.0,100.0,2.2313390997148352,2.134872671628028,2.525629491185826,0.8412957316890249,2.0869163566574183
2024-10-12 18:45:00,2.78,-1.28,2.1,566.3,1.77,108,174.5156707763672,3.7117111956616453,1.14,0.15356333822823826,4.292999999999999,-35.42253223912239,0.0054738015689075326,123.41666666666667,1.0,20.0,2.2418344308718816,1.0,150.0,100.0,2.24531782985062,2.1196654604248977,2.525629491185826,0.8412957316890249,2.0846954623084057
2024-10-12 18:50:00,2.73,-1.78,1.8,566.3,999.99,81,174.5156707763672,3.72307668467895,99.99,0.30461217273195795,4.202999999999999,-35.2658550855072,0.10597001867402582,120.08333333333333,1.0,25.0,2.2418344308718816,1.0,150.0,100.0,2.24531782985062,2.1719143956629186,2.5032244594941044,0.8412957316890249,2.0846954623084057
2024-10-12 18:55:00,2.22,-1.41,0.89,561.8,1.99,84,174.5156707763672,2.776436565095626,1.26,0.3636153415198708,3.8849999999999993,-34.36283205238213,0.17058790899126208,117.0,1.0,30.0,2.2418344308718816,1.0,150.0,100.0,2.2459149846843953,2.1324577106749834,2.5032244594941044,1.11737784266752,2.0846954623084057
2024-10-12 19:00:00,1.43,-0.87,0.03,581.1,3.2,70,174.5156707763672,1.6741266379817268,2.16,0.46965444079113106,3.82,-33.55997599559458,0.04679175273084866,105.83333333333333,1.0,35.0,2.2418344308718816,1.0,150.0,100.0,2.244410523819074,2.108475320314903,2.5032244594941044,1.11737784266752,2.0846954623084057
2024-10-12 19:05:00,0.74,-0.5,-1.25,581.2,4.02,80,185.4803466796875,1.5362616964566942,2.72,0.8609446000114384,4.187,-33.894914525073645,-0.12268458914714842,91.33333333333333,1.0,0.0,2.2682978989605287,1.0,150.0,100.0,2.244410523819074,2.108475320314903,2.496957906057583,0.8551696855087824,2.0846954623084057
2024-10-12 19:10:00,0.8,-1.08,-1.9,587.1,4.8,95,198.02099609375,2.3273160507331188,3.31,1.277121070527471,4.441000000000001,-34.78682188706606,-0.23188185961643057,88.5,1.0,5.0,2.2967112407879204,1.0,150.0,100.0,2.2408714049063265,2.108475320314903,2.4722534132001632,0.0,2.0771567943096194
2024-10-12 19:15:00,1.03,-0.66,-2.98,584.5,3.63,69,198.02099609375,3.221319605379137,2.48,1.8605879949134476,4.739,-36.21373312123795,-0.18973986317049096,83.83333333333333,1.0,10.0,2.2967112407879204,1.0,150.0,100.0,2.2408714049063265,2.108475320314903,2.443558931781964,0.0,2.0771567943096194
2024-10-12 19:20:00,0.36,-0.49,-2.24,586.1,4.86,192,203.48736572265625,2.321055794245369,3.34,1.3446585300882608,4.533,-36.68422051877097,-0.04613977016491475,92.83333333333333,1.0,15.0,2.3085374495943096,1.0,150.0,100.0,2.2442158704292967,2.108475320314903,2.375831191036557,0.0,2.0785664231294874
2024-10-12 19:25:00,-0.45,-0.82,-1.8,586.1,999.99,210,203.48736572265625,2.0285216291674093,99.99,1.1354271011072137,4.401,-36.6751308228871,-0.01302227710831616,104.33333333333333,1.0,20.0,2.3085374495943096,1.0,150.0,100.0,2.2442158704292967,2.108475320314903,2.299138035543248,0.0,2.0969499045594073
2024-10-12 19:30:00,0.1,-0.35,-2.06,583.9,4.72,142,203.48736572265625,2.0919130001030157,3.22,1.2128393412637044,4.457,-36.81444328985413,0.012138502056439649,109.08333333333333,1.0,25.0,2.3085374495943096,1.0,150.0,100.0,2.241427630166979,2.120968724520173,2.299138035543248,0.0,2.0969499045594073
2024-10-12 19:35:00,0.62,-0.81,-1.59,584.1,5.14,165,200.944091796875,1.8890738471536788,3.51,1.0432940868387208,4.3180000000000005,-36.5537458023227,0.0819060766764558,115.83333333333333,1.0,30.0,2.3030752414922917,1.0,150.0,100.0,2.241427630166979,2.108475320314903,2.299138035543248,0.0,2.0969499045594073
2024-10-12 19:40:00,0.21,-0.4,-1.11,583.9,5.08,172,200.944091796875,1.198415620725965,3.46,0.6790349008326502,4.172,-35.995382523089575,0.09571941929710732,122.33333333333333,1.0,35.0,2.3030752414922917,1.0,150.0,100.0,2.241427630166979,2.120968724520173,2.299138035543248,0.0,2.0969499045594073
2024-10-12 19:45:00,0.21,-0.4,-1.11,583.9,999.99,149,200.944091796875,1.198415620725965,99.99,0.6790349008326502,4.172,-35.59655160935163,0.09797772925414491,125.75,1.0,40.0,2.3030752414922917,1.0,150.0,100.0,2.2418344308718816,2.108475320314903,2.299138035543248,0.0,2.085464778784662
2024-10-12 19:50:00,0.15,-0.53,-0.77,582.3,5.33,128,203.71151733398438,0.9467312184564318,3.61,0.5026942925597161,4.053999999999999,-35.015605230548125,0.1344067735751075,129.66666666666666,1.0,45.0,2.3090155836059334,1.0,150.0,100.0,2.2418344308718816,2.108475320314903,2.299138035543248,0.0,2.151355459968207
2024-10-12 19:55:00,-0.12,-0.25,-0.28,582.9,5.23,105,200.944091796875,0.3940812099047606,3.55,0.20052961535029257,3.913,-34.25248387360055,0.10842137658198396,131.41666666666666,1.0,50.0,2.3030752414922917,1.0,150.0,100.0,2.2418344308718816,2.1140980861906176,2.307490929038657,0.0,2.2148539093650825
2024-10-12 20:00:00,-0.6,0.68,-0.59,582.7,5.3,106,203.71151733398438,1.0818964830333815,3.6,0.5217848135602862,4.0040000000000004,-33.931391464728286,0.08037834978634137,134.41666666666666,1.0,55.0,2.3090155836059334,1.0,150.0,100.0,2.2418344308718816,2.1488473588635695,2.40665836841231,0.4996314851746417,2.2148539093650825
2024-10-12 20:05:00,-0.68,0.94,-0.08,587.7,4.72,86,203.798828125,1.1629273408085306,3.26,0.37070452282338784,3.9010000000000007,-33.44870037573714,0.09055033431920805,134.91666666666666,1.0,60.0,2.309201682416682,1.0,150.0,100.0,2.2682978989605287,2.0997158913466856,2.414597713182249,0.4996314851746417,2.1576592052055057
2024-10-12 20:10:00,-0.86,1.31,0.0,586.9,4.59,66,203.798828125,1.5670673246545601,3.16,0.4598559064198807,3.8689999999999998,-33.025888121536205,0.07855602086831226,132.5,1.0,0.0,2.309201682416682,1.0,150.0,100.0,2.2967112407879204,2.1713096796517872,2.414597713182249,0.9650235878914694,2.239570368047748
2024-10-12 20:15:00,-0.03,1.23,0.05,582.9,4.57,109,200.83880615234375,1.2313813381727041,3.1,0.3443092643299269,3.844,-32.66314016705402,-0.031976028811625666,135.83333333333334,1.0,5.0,2.3028476311299615,1.0,150.0,100.0,2.2967112407879204,2.1897137685380015,2.414597713182249,1.2350272896586745,2.239570368047748
2024-10-12 20:20:00,-0.02,0.84,-1.31,583.0,4.92,182,191.69817352294922,1.5563097378092832,3.35,0.8355608242061118,4.223,-33.34564840965246,-0.15987644777481763,135.0,1.0,0.0,2.2826179749923905,1.0,150.0,100.0,2.3085374495943096,2.2062495789535737,2.414597713182249,1.2350272896586745,2.239570368047748
2024-10-12 20:25:00,0.17,-0.09,-1.73,587.1,4.92,212,180.9962615966797,1.7406607940664374,3.39,1.0212519052979265,4.390000000000001,-34.26190464480219,-0.14183014778102176,135.16666666666666,1.0,5.0,2.2576696047879685,1.0,150.0,100.0,2.3085374495943096,2.2108230236699713,2.414597713182249,1.2350272896586745,2.2049647412277977
2024-10-12 20:30:00,0.24,-0.19,-1.61,584.8,5.0,262,180.9962615966797,1.6388410539158458,3.42,0.9550918301465888,4.3309999999999995,-34.76394988746268,-0.10753697114994765,145.16666666666666,1.0,10.0,2.2576696047879685,1.0,150.0,100.0,2.3085374495943096,2.2108230236699713,2.414597713182249,1.3893271265065918,2.169643504864913
2024-10-12 20:35:00,0.56,-0.29,-1.43,598.5,4.72,344,177.56973266601562,1.5628819533157325,3.38,0.9260543574715748,4.414000000000001,-35.33727435630167,-0.10062471549583307,160.08333333333334,1.0,15.0,2.2493689408549353,1.0,150.0,100.0,2.3030752414922917,2.2313390997148352,2.3339838373459516,1.3893271265065918,2.118082599578059
2024-10-12 20:40:00,0.47,-0.02,-1.46,598.5,999.99,425,175.141845703125,1.5339165557487147,99.99,0.918005996133283,4.423,-35.77019704242101,-0.05865696537599376,181.16666666666666,1.0,20.0,2.243389922135725,1.0,150.0,100.0,2.3030752414922917,2.2313390997148352,2.317544971840325,1.2350272896586745,2.103403501779516
2024-10-12 20:45:00,0.49,-0.13,-1.54,590.1,4.96,421,169.31358337402344,1.621295778073822,3.45,0.9550312877428252,4.363,-35.92384401006161,0.005221026565905618,203.83333333333334,1.0,25.0,2.2286918012733965,1.0,150.0,100.0,2.3030752414922917,2.24531782985062,2.2863394431938957,1.2525344872750046,2.103403501779516
2024-10-12 20:50:00,0.32,-0.2,-1.13,590.1,999.99,466,163.49623107910156,1.1913437790998869,99.99,0.6976324136100498,4.24,-35.717986776761954,0.021489561600225214,232.0,1.0,30.0,2.2135077457399452,1.0,150.0,100.0,2.3090155836059334,2.24531782985062,2.2668815743255895,1.1411345836445477,2.08791584702971
2024-10-12 20:55:00,0.39,-0.49,-1.29,590.7,4.88,426,156.3201141357422,1.433980474065111,3.41,0.8194517870786145,4.2940000000000005,-35.708948394059355,0.03058053089828263,258.75,1.0,35.0,2.1940148634710703,1.0,150.0,100.0,2.3030752414922917,2.2459149846843953,2.24742962159162,0.890607223522095,2.08791584702971
2024-10-12 21:00:00,0.62,-0.45,-0.9,591.0,4.74,359,143.0759506225586,1.181905241548577,3.31,0.6616343776119971,4.18,-35.41218146777913,0.10134623764812929,279.8333333333333,1.0,40.0,2.155566640121297,1.0,150.0,100.0,2.3090155836059334,2.244410523819074,2.225268572283749,0.0,2.103403501779516
2024-10-12 21:05:00,2.51,-1.42,0.7,576.8,3.7,369,131.66342544555664,2.9675747673816066,2.48,0.4774323153691714,3.9779999999999998,-34.69548601757806,0.15370562544602534,303.4166666666667,1.0,0.0,2.1194651498047556,1.0,150.0,100.0,2.309201682416682,2.244410523819074,2.225268572283749,0.0,2.08791584702971
2024-10-12 21:10:00,2.78,-1.64,0.72,563.6,2.52,393,118.92714309692383,3.3070228302810367,1.6,0.5572968434553259,3.8520000000000003,-33.875125213318874,0.13698751041024765,330.6666666666667,1.0,5.0,2.07528098625786,1.0,150.0,100.0,2.309201682416682,2.2408714049063265,2.225268572283749,0.0,2.0863625058328092
2024-10-12 21:15:00,2.56,-1.86,0.49,572.0,2.96,417,118.92714309692383,3.2020774506560583,1.94,0.6824963255208164,3.8669999999999995,-33.325610913475586,0.07660447122218698,356.3333333333333,1.0,10.0,2.07528098625786,1.0,150.0,100.0,2.3028476311299615,2.2408714049063265,2.2062102168903848,0.0,2.0863625058328092
2024-10-12 21:20:00,2.79,-1.95,0.45,580.4,3.24,381,93.84223556518555,3.4335258845682235,2.18,0.7723571278883563,3.939,-33.109080501097004,-0.019666519541635806,372.9166666666667,1.0,15.0,1.972398345250475,1.0,150.0,100.0,2.2826179749923905,2.2442158704292967,2.185424352015475,0.0,2.0863625058328092
2024-10-12 21:25:00,2.91,-1.85,1.04,585.5,2.94,332,93.84223556518555,3.6016940458623083,2.03,0.5377023715833783,4.167,-33.522276108891944,-0.09956408977765677,382.9166666666667,1.0,20.0,1.972398345250475,1.0,150.0,100.0,2.2576696047879685,2.2442158704292967,2.185424352015475,0.0,2.0821229787616606
2024-10-12 21:30:00,3.07,-2.06,1.49,583.3,3.29,345,93.84223556518555,3.9860506770486497,2.24,0.48121272850550656,4.279999999999999,-34.10472139887357,-0.05001042723898621,389.8333333333333,1.0,25.0,1.972398345250475,1.0,150.0,100.0,2.2576696047879685,2.241427630166979,2.134872671628028,0.0,2.0506401300377006
2024-10-12 21:35:00,3.27,-2.2,1.5,563.3,1.99,405,89.33613204956055,4.21697759064475,1.26,0.5186299791025211,4.082999999999999,-34.022380381281806,0.03302613950587343,394.9166666666667,1.0,30.0,1.9510271450700367,1.0,150.0,100.0,2.2493689408549353,2.241427630166979,2.134872671628028,0.0,1.9621904617448238
2024-10-12 21:40:00,3.58,-2.36,1.32,561.1,1.84,302,106.1480712890625,4.486468544412186,1.16,0.6442511159805833,4.007000000000001,-33.77446000381484,0.042005269854703896,384.6666666666667,1.0,35.0,2.0259121074409987,1.0,150.0,100.0,2.243389922135725,2.241427630166979,2.134872671628028,0.0,1.9557898704053098
2024-10-12 21:45:00,3.97,-2.24,1.27,562.8,1.95,303,89.33613204956055,4.73195519843542,1.24,0.6748294257173951,4.0089999999999995,-33.60232768273477,0.018579128573896497,374.8333333333333,1.0,40.0,1.9510271450700367,1.0,150.0,100.0,2.2286918012733965,2.2418344308718816,2.1196654604248977,0.0,1.8628835211734411
2024-10-12 21:50:00,3.96,-2.16,1.65,555.8,1.77,273,106.1480712890625,4.803092753632809,1.09,0.5245144719792245,4.053,-33.58866871807587,-0.01919168543530887,358.75,1.0,45.0,2.0259121074409987,1.0,150.0,100.0,2.2135077457399452,2.2418344308718816,2.1719143956629186,0.0,1.9557898704053098
2024-10-12 21:55:00,3.51,-2.57,1.91,556.6,1.77,231,107.95166015625,4.751115658453285,1.1,0.5335266674500755,4.139,-33.794244537087856,-0.14650044482051072,342.5,1.0,50.0,2.0332293256063725,1.0,150.0,100.0,2.1940148634710703,2.2418344308718816,2.1324577106749834,0.0,1.8628835211734411
2024-10-12 22:00:00,3.05,-2.0,2.91,569.7,1.79,215,116.8792724609375,4.66589755566922,1.17,0.23375270733762027,4.57,-35.05367316628098,-0.2791180387286346,330.5,1.0,55.0,2.067737499579358,1.0,150.0,100.0,2.155566640121297,2.2418344308718816,2.108475320314903,0.0,1.8628835211734411
2024-10-12 22:05:00,2.62,-1.64,3.41,578.3,1.55,182,125.4928092956543,4.602401547018687,1.04,0.1314909802961517,4.805999999999999,-36.5854249243742,-0.27618231227679146,314.9166666666667,1.0,60.0,2.0986188415725406,1.0,150.0,100.0,2.1194651498047556,2.2682978989605287,2.108475320314903,0.0,1.8376345681930502
2024-10-12 22:10:00,2.46,-1.76,3.71,574.3,1.07,153,125.4928092956543,4.786783889001049,0.71,0.13265574894444115,4.856,-37.815496289048895,-0.17889539519871606,294.9166666666667,1.0,65.0,2.0986188415725406,1.0,150.0,100.0,2.07528098625786,2.2967112407879204,2.108475320314903,0.0,1.8376345681930502
2024-10-12 22:15:00,2.66,-2.08,3.46,570.0,1.17,139,122.66243362426758,4.834625114732269,0.76,0.19695868631306343,4.738,-38.37437887636136,-0.06263516871449255,271.75,1.0,70.0,2.088711576845081,1.0,150.0,100.0,2.07528098625786,2.2967112407879204,2.108475320314903,0.0,1.8376345681930502
2024-10-12 22:20:00,2.9,-2.06,3.32,561.8,1.1,120,125.4928092956543,4.865799009412535,0.7,0.2054041776741414,4.613999999999999,-38.44184797619382,-0.023553940305741605,250.0,1.0,75.0,2.0986188415725406,1.0,150.0,100.0,1.972398345250475,2.3085374495943096,2.108475320314903,0.0,1.7915383716829807
2024-10-12 22:25:00,2.61,-2.11,3.35,565.4,1.06,89,125.4928092956543,4.742014339919271,0.68,0.20624835358834664,4.659,-38.60991827941878,0.11639369346147888,229.75,1.0,80.0,2.0986188415725406,1.0,150.0,100.0,1.972398345250475,2.3085374495943096,2.108475320314903,0.0,1.7083101398619807
2024-10-12 22:30:00,3.89,-2.11,1.68,559.4,1.1,67,125.4928092956543,4.733561027387309,0.69,0.4992919068283136,4.098,-37.27791104157903,0.27096603515375933,206.58333333333334,1.0,85.0,2.0986188415725406,1.0,150.0,100.0,1.972398345250475,2.3085374495943096,2.120968724520173,0.7143087562221886,1.7083101398619807
2024-10-12 22:35:00,4.06,-2.07,1.32,553.0,1.55,68,128.4466896057129,4.74456531201753,0.95,0.6065232485947663,3.926,-35.900257927881185,0.24424158223616885,178.5,1.0,90.0,2.1087229158853695,1.0,150.0,100.0,1.9510271450700367,2.3030752414922917,2.108475320314903,0.7250361154848382,1.6197088647710556
2024-10-12 22:40:00,4.12,-1.97,1.15,554.8,1.46,56,125.4928092956543,4.709331162702406,0.9,0.6477712006504005,3.893,-34.83549521921734,0.15202209423140758,158.0,1.0,95.0,2.0986188415725406,1.0,150.0,100.0,2.0259121074409987,2.3030752414922917,2.120968724520173,1.0005550131239815,1.5124367290593117
2024-10-12 22:45:00,4.1,-1.73,1.54,555.5,1.59,47,128.4466896057129,4.70898078144305,0.98,0.43828426940445,4.0169999999999995,-34.38003698556711,0.09585151162474119,136.66666666666666,1.0,100.0,2.1087229158853695,1.0,150.0,100.0,1.9510271450700367,2.3030752414922917,2.108475320314903,1.0005550131239815,1.622932804199563
2024-10-12 22:50:00,3.76,-1.9,1.28,556.1,1.64,46,125.4928092956543,4.402953554149759,1.03,0.5402295680603462,3.945,-33.87698010296993,-0.008066308798284183,117.75,1.0,105.0,2.0986188415725406,1.0,150.0,100.0,2.0259121074409987,2.3090155836059334,2.108475320314903,1.390924809837743,1.533462786763854
2024-10-12 22:55:00,3.68,-1.42,2.36,561.2,1.87,54,128.4466896057129,4.596563934070753,1.18,0.18463228266995466,4.32,-34.46070007354995,-0.15155957765498157,103.0,1.0,110.0,2.1087229158853695,1.0,150.0,100.0,2.0332293256063725,2.3030752414922917,2.1140980861906176,1.390924809837743,1.533462786763854
2024-10-12 23:00:00,3.58,-1.11,2.74,569.6,1.49,47,128.4466896057129,4.642854725274096,0.97,0.09674533794510418,4.518000000000001,-35.39257587951975,-0.16923588065143919,89.0,1.0,115.0,2.1087229158853695,1.0,150.0,100.0,2.067737499579358,2.3090155836059334,2.1488473588635695,1.390924809837743,1.533462786763854
2024-10-12 23:05:00,3.45,-1.44,2.78,572.0,2.46,58,135.00690460205078,4.658808860642385,1.61,0.14930048699903875,4.553999999999999,-36.15305888006434,-0.08979635151239122,78.66666666666667,1.0,120.0,2.1303559800053042,1.0,150.0,100.0,2.0986188415725406,2.309201682416682,2.0997158913466856,1.390924809837743,1.533462786763854
2024-10-12 23:10:00,3.39,-1.85,2.5,564.9,1.62,54,135.00690460205078,4.6004999728290406,1.03,0.2548900365447693,4.399,-36.29053939464366,0.016295439452650128,70.41666666666667,1.0,125.0,2.1303559800053042,1.0,150.0,100.0,2.0986188415725406,2.309201682416682,2.1713096796517872,1.6739286500441974,1.533462786763854
2024-10-12 23:15:00,3.61,-1.91,2.24,557.2,1.87,49,135.00690460205078,4.658089737220613,1.16,0.3102482301506529,4.244000000000001,-35.99010448553784,0.11476752227297382,62.916666666666664,1.0,130.0,2.1303559800053042,1.0,150.0,100.0,2.088711576845081,2.3028476311299615,2.1897137685380015,1.390924809837743,1.6976193009874996
2024-10-12 23:20:00,3.98,-1.96,1.44,556.0,2.3,44,116.4898910522461,4.664289870923548,1.42,0.5289433044983078,3.992,-35.14286417191392,0.2413621743488818,56.583333333333336,1.0,135.0,2.066288239089811,1.0,150.0,100.0,2.0986188415725406,2.2826179749923905,2.2062495789535737,1.390924809837743,1.8208739230166817
2024-10-12 23:25:00,4.08,-1.99,0.31,550.0,1.81,41,103.5117301940918,4.550010988997719,1.1,1.0586570708547343,3.593,-33.57648274204902,0.2764769753123112,52.583333333333336,1.0,140.0,2.014989567859627,1.0,150.0,100.0,2.0986188415725406,2.2576696047879685,2.2108230236699713,1.5236611134722098,1.8208739230166817
2024-10-12 23:30:00,4.01,-2.04,0.32,546.3,1.58,45,103.5117301940918,4.510443437179985,0.94,1.0411030526846077,3.5589999999999997,-32.37809441879081,0.2105648045117583,50.75,1.0,145.0,2.014989567859627,1.0,150.0,100.0,2.0986188415725406,2.2576696047879685,2.2108230236699713,1.7871050922521845,1.6976193009874996
2024-10-12 23:35:00,4.08,-1.85,0.27,545.6,1.5,42,102.19183731079102,4.487961675415689,0.89,1.0475051289038877,3.5370000000000004,-31.47083469693144,0.15343482956351268,48.583333333333336,1.0,150.0,2.009416207418478,1.0,150.0,100.0,2.1087229158853695,2.2493689408549353,2.2313390997148352,1.8718307255735218,1.6976193009874996
2024-10-12 23:40:00,4.11,-1.82,0.3,545.6,999.99,42,101.32786560058594,4.504941731032711,99.99,1.029071430325693,3.5460000000000003,-30.843746123155682,0.12626337570624352,47.416666666666664,1.0,155.0,2.0057288946434264,1.0,150.0,100.0,2.0986188415725406,2.243389922135725,2.2313390997148352,1.9325034062443314,1.8354358363117533
2024-10-12 23:45:00,4.13,-1.63,0.18,541.1,1.62,70,83.064453125,4.4436696546885655,0.95,1.0702748626619583,3.4650000000000003,-30.208200939869005,0.09553776145984365,49.333333333333336,1.0,160.0,1.919415210132556,1.0,150.0,100.0,2.1087229158853695,2.2286918012733965,2.24531782985062,2.0239623922122525,1.8354358363117533
2024-10-12 23:50:00,4.2,-1.57,0.37,541.2,1.24,116,101.32786560058594,4.49908879663427,0.73,0.938188031639437,3.523000000000001,-29.888368508557246,0.039430717111121893,55.166666666666664,1.0,165.0,2.0057288946434264,1.0,150.0,100.0,2.0986188415725406,2.2135077457399452,2.24531782985062,2.10525610881493,1.9311580166563214
2024-10-12 23:55:00,4.23,-1.32,0.81,534.6,1.24,61,83.064453125,4.50459765128918,0.71,0.5743261302113273,3.589,-29.813893768757787,-0.011546358714273808,55.75,1.0,170.0,1.919415210132556,1.0,150.0,100.0,2.1087229158853695,2.1940148634710703,2.2459149846843953,2.1381390454248,1.8752671536796355
2024-10-13 00:00:00,4.29,-1.25,0.88,542.8,1.57,32,64.80104064941406,4.554228804089667,0.93,0.5244973946197262,3.6919999999999993,-30.003832095699984,-0.03798766538843949,54.5,1.0,175.0,1.811581980325364,1.0,150.0,100.0,2.1087229158853695,2.155566640121297,2.244410523819074,2.2098420184559187,1.9311580166563214
